,NARRATOR,Other,Unknown,n,k,be,Response,Anger,Anticipation,Arousal,Disgust,Dominance,Fear,Joy,Sadness,Surprise,Trust,Valence,Stimulus,READER,jason,sir condy
0,Subject,Category,Feature,5991,1,0.19378042040976654,,,,,,,,,,,,,,,,
1,Subject,Category,Feature,5987,5,0.8927278080309234,,,,,,,,,,,,,,,,
2,Subject,Category,Feature,5982,10,1.6875321293101506,,,,,,,,,,,,,,,,
3,Subject,Category,Feature,5977,15,2.395191709978628,,,,,,,,,,,,,,,,
4,Subject,Category,Feature,5972,20,3.0523210932612654,,,,,,,,,,,,,,,,
5,Subject,Category,Feature,5962,30,4.2619337409948725,,,,,,,,,,,,,,,,
6,Subject,Category,Feature,5952,40,4.010770677465063,,,,,,,,,,,,,,,,
7,Subject,Category,Feature,5942,50,3.7696727431933104,,,,,,,,,,,,,,,,
8,Subject,Category,Feature,5932,60,3.5818536645919994,,,,,,,,,,,,,,,,
9,Subject,Category,Feature,5922,70,3.477220271776026,,,,,,,,,,,,,,,,
10,Subject,,,5991,1,0.02667827864101718,Category,Feature,,,,,,,,,,,,,,
11,Subject,,,5987,5,0.13336402903837127,Category,Feature,,,,,,,,,,,,,,
12,Subject,,,5982,10,0.2645458743693199,Category,Feature,,,,,,,,,,,,,,
13,Subject,,,5977,15,0.39510311023674255,Category,Feature,,,,,,,,,,,,,,
14,Subject,,,5972,20,0.5255786569834542,Category,Feature,,,,,,,,,,,,,,
15,Subject,,,5962,30,0.773133193836426,Category,Feature,,,,,,,,,,,,,,
16,Subject,,,5952,40,0.9212042188775139,Category,Feature,,,,,,,,,,,,,,
17,Subject,,,5942,50,0.9965574816481516,Category,Feature,,,,,,,,,,,,,,
18,Subject,,,5932,60,1.0402900259760783,Category,Feature,,,,,,,,,,,,,,
19,Subject,,,5922,70,1.0552325358608887,Category,Feature,,,,,,,,,,,,,,
20,Subject,,,5991,1,0.07304600773671786,Category,,Feature,,,,,,,,,,,,,
21,Subject,,,5987,5,0.3522094974028542,Category,,Feature,,,,,,,,,,,,,
22,Subject,,,5982,10,0.6787198056844483,Category,,Feature,,,,,,,,,,,,,
23,Subject,,,5977,15,0.9978444656468602,Category,,Feature,,,,,,,,,,,,,
24,Subject,,,5972,20,1.311709514994405,Category,,Feature,,,,,,,,,,,,,
25,Subject,,,5962,30,1.896941835047269,Category,,Feature,,,,,,,,,,,,,
26,Subject,,,5952,40,2.121682671612062,Category,,Feature,,,,,,,,,,,,,
27,Subject,,,5942,50,2.2415605216226706,Category,,Feature,,,,,,,,,,,,,
28,Subject,,,5932,60,2.314173574265651,Category,,Feature,,,,,,,,,,,,,
29,Subject,,,5922,70,2.332702008532412,Category,,Feature,,,,,,,,,,,,,
30,Subject,,,5991,1,0.19294163477855353,Category,,,Feature,,,,,,,,,,,,
31,Subject,,,5987,5,0.917916998266058,Category,,,Feature,,,,,,,,,,,,
32,Subject,,,5982,10,1.7642521700059814,Category,,,Feature,,,,,,,,,,,,
33,Subject,,,5977,15,2.528727706940084,Category,,,Feature,,,,,,,,,,,,
34,Subject,,,5972,20,3.171205057540637,Category,,,Feature,,,,,,,,,,,,
35,Subject,,,5962,30,4.223168834715692,Category,,,Feature,,,,,,,,,,,,
36,Subject,,,5952,40,3.4675795043952315,Category,,,Feature,,,,,,,,,,,,
37,Subject,,,5942,50,2.9863928756591998,Category,,,Feature,,,,,,,,,,,,
38,Subject,,,5932,60,2.6832427208103637,Category,,,Feature,,,,,,,,,,,,
39,Subject,,,5922,70,2.608173016234655,Category,,,Feature,,,,,,,,,,,,
40,Subject,,,5991,1,0.020840997156419978,Category,,,,Feature,,,,,,,,,,,
41,Subject,,,5987,5,0.10420674814303849,Category,,,,Feature,,,,,,,,,,,
42,Subject,,,5982,10,0.2084167829908615,Category,,,,Feature,,,,,,,,,,,
43,Subject,,,5977,15,0.3126282056402359,Category,,,,Feature,,,,,,,,,,,
44,Subject,,,5972,20,0.41683906800398246,Category,,,,Feature,,,,,,,,,,,
45,Subject,,,5962,30,0.6098331737862909,Category,,,,Feature,,,,,,,,,,,
46,Subject,,,5952,40,0.7364443281848684,Category,,,,Feature,,,,,,,,,,,
47,Subject,,,5942,50,0.8122241717682678,Category,,,,Feature,,,,,,,,,,,
48,Subject,,,5932,60,0.866874339997037,Category,,,,Feature,,,,,,,,,,,
49,Subject,,,5922,70,0.8888633491385194,Category,,,,Feature,,,,,,,,,,,
50,Subject,,,5991,1,0.2881316001024231,Category,,,,,Feature,,,,,,,,,,
51,Subject,,,5987,5,1.3189371113309347,Category,,,,,Feature,,,,,,,,,,
52,Subject,,,5982,10,2.4490982877497616,Category,,,,,Feature,,,,,,,,,,
53,Subject,,,5977,15,3.3342381297957497,Category,,,,,Feature,,,,,,,,,,
54,Subject,,,5972,20,4.000949017246071,Category,,,,,Feature,,,,,,,,,,
55,Subject,,,5962,30,4.993173080302173,Category,,,,,Feature,,,,,,,,,,
56,Subject,,,5952,40,3.499291959499192,Category,,,,,Feature,,,,,,,,,,
57,Subject,,,5942,50,3.033026687640523,Category,,,,,Feature,,,,,,,,,,
58,Subject,,,5932,60,2.7833889159011145,Category,,,,,Feature,,,,,,,,,,
59,Subject,,,5922,70,2.690671848688588,Category,,,,,Feature,,,,,,,,,,
60,Subject,,,5991,1,0.04800489435188267,Category,,,,,,Feature,,,,,,,,,
61,Subject,,,5987,5,0.23822328894608652,Category,,,,,,Feature,,,,,,,,,
62,Subject,,,5982,10,0.46907283807004024,Category,,,,,,Feature,,,,,,,,,
63,Subject,,,5977,15,0.696588423702422,Category,,,,,,Feature,,,,,,,,,
64,Subject,,,5972,20,0.923264474166689,Category,,,,,,Feature,,,,,,,,,
65,Subject,,,5962,30,1.3566662743568072,Category,,,,,,Feature,,,,,,,,,
66,Subject,,,5952,40,1.5372012784917362,Category,,,,,,Feature,,,,,,,,,
67,Subject,,,5942,50,1.5631202824319508,Category,,,,,,Feature,,,,,,,,,
68,Subject,,,5932,60,1.544147225848534,Category,,,,,,Feature,,,,,,,,,
69,Subject,,,5922,70,1.5448492137594512,Category,,,,,,Feature,,,,,,,,,
70,Subject,,,5991,1,0.05050746124926518,Category,,,,,,,Feature,,,,,,,,
71,Subject,,,5987,5,0.2409686381983134,Category,,,,,,,Feature,,,,,,,,
72,Subject,,,5982,10,0.46909262930438406,Category,,,,,,,Feature,,,,,,,,
73,Subject,,,5977,15,0.6955056254475034,Category,,,,,,,Feature,,,,,,,,
74,Subject,,,5972,20,0.9157312703695937,Category,,,,,,,Feature,,,,,,,,
75,Subject,,,5962,30,1.3366756256419465,Category,,,,,,,Feature,,,,,,,,
76,Subject,,,5952,40,1.564699625727006,Category,,,,,,,Feature,,,,,,,,
77,Subject,,,5942,50,1.7132419546925077,Category,,,,,,,Feature,,,,,,,,
78,Subject,,,5932,60,1.8184566272594676,Category,,,,,,,Feature,,,,,,,,
79,Subject,,,5922,70,1.8516980562200405,Category,,,,,,,Feature,,,,,,,,
80,Subject,,,5991,1,0.04547204488314725,Category,,,,,,,,Feature,,,,,,,
81,Subject,,,5987,5,0.22075862733949891,Category,,,,,,,,Feature,,,,,,,
82,Subject,,,5982,10,0.43401512291581973,Category,,,,,,,,Feature,,,,,,,
83,Subject,,,5977,15,0.6395889286503802,Category,,,,,,,,Feature,,,,,,,
84,Subject,,,5972,20,0.8378947625521855,Category,,,,,,,,Feature,,,,,,,
85,Subject,,,5962,30,1.212658430941866,Category,,,,,,,,Feature,,,,,,,
86,Subject,,,5952,40,1.3610342302816778,Category,,,,,,,,Feature,,,,,,,
87,Subject,,,5942,50,1.4333706833010096,Category,,,,,,,,Feature,,,,,,,
88,Subject,,,5932,60,1.5056322294180071,Category,,,,,,,,Feature,,,,,,,
89,Subject,,,5922,70,1.5372838756938147,Category,,,,,,,,Feature,,,,,,,
90,Subject,,,5991,1,0.05420835724549294,Category,,,,,,,,,Feature,,,,,,
91,Subject,,,5987,5,0.2648673708975761,Category,,,,,,,,,Feature,,,,,,
92,Subject,,,5982,10,0.5210293422226366,Category,,,,,,,,,Feature,,,,,,
93,Subject,,,5977,15,0.7690053409392275,Category,,,,,,,,,Feature,,,,,,
94,Subject,,,5972,20,1.008248539549907,Category,,,,,,,,,Feature,,,,,,
95,Subject,,,5962,30,1.4550379454008662,Category,,,,,,,,,Feature,,,,,,
96,Subject,,,5952,40,1.6583169085001126,Category,,,,,,,,,Feature,,,,,,
97,Subject,,,5942,50,1.7835329902920352,Category,,,,,,,,,Feature,,,,,,
98,Subject,,,5932,60,1.8641852852698608,Category,,,,,,,,,Feature,,,,,,
99,Subject,,,5922,70,1.888501821229874,Category,,,,,,,,,Feature,,,,,,
100,Subject,,,5991,1,0.08637430824968755,Category,,,,,,,,,,Feature,,,,,
101,Subject,,,5987,5,0.42020128532105033,Category,,,,,,,,,,Feature,,,,,
102,Subject,,,5982,10,0.8179373483311086,Category,,,,,,,,,,Feature,,,,,
103,Subject,,,5977,15,1.1947852814543256,Category,,,,,,,,,,Feature,,,,,
104,Subject,,,5972,20,1.5529094679968511,Category,,,,,,,,,,Feature,,,,,
105,Subject,,,5962,30,2.2076763449042387,Category,,,,,,,,,,Feature,,,,,
106,Subject,,,5952,40,2.3418122244327346,Category,,,,,,,,,,Feature,,,,,
107,Subject,,,5942,50,2.358258486994665,Category,,,,,,,,,,Feature,,,,,
108,Subject,,,5932,60,2.3318063556431032,Category,,,,,,,,,,Feature,,,,,
109,Subject,,,5922,70,2.3094264222697785,Category,,,,,,,,,,Feature,,,,,
110,Subject,,,5991,1,0.3324207828793005,Category,,,,,,,,,,,Feature,,,,
111,Subject,,,5987,5,1.5003371043568747,Category,,,,,,,,,,,Feature,,,,
112,Subject,,,5982,10,2.781000668013101,Category,,,,,,,,,,,Feature,,,,
113,Subject,,,5977,15,3.740960988994259,Category,,,,,,,,,,,Feature,,,,
114,Subject,,,5972,20,4.423057220671261,Category,,,,,,,,,,,Feature,,,,
115,Subject,,,5962,30,5.352450029680493,Category,,,,,,,,,,,Feature,,,,
116,Subject,,,5952,40,3.4855543058979257,Category,,,,,,,,,,,Feature,,,,
117,Subject,,,5942,50,2.9842049722932527,Category,,,,,,,,,,,Feature,,,,
118,Subject,,,5932,60,2.7640196917259052,Category,,,,,,,,,,,Feature,,,,
119,Subject,,,5922,70,2.672817688298326,Category,,,,,,,,,,,Feature,,,,
120,Subject,,,5991,1,0.23949949813889762,,Feature,,,,,,,,,,,Category,,,
121,Subject,,,5987,5,1.1940183705707388,,Feature,,,,,,,,,,,Category,,,
122,Subject,,,5982,10,2.367045044997049,,Feature,,,,,,,,,,,Category,,,
123,Subject,,,5977,15,3.4994831115525478,,Feature,,,,,,,,,,,Category,,,
124,Subject,,,5972,20,4.5629029863579245,,Feature,,,,,,,,,,,Category,,,
125,Subject,,,5962,30,6.457413585698137,,Feature,,,,,,,,,,,Category,,,
126,Subject,,,5952,40,5.485710495290642,,Feature,,,,,,,,,,,Category,,,
127,Subject,,,5942,50,4.1773440417652585,,Feature,,,,,,,,,,,Category,,,
128,Subject,,,5932,60,3.1049578744090565,,Feature,,,,,,,,,,,Category,,,
129,Subject,,,5922,70,2.7383070830044995,,Feature,,,,,,,,,,,Category,,,
130,Subject,,,5991,1,0.3569081190081507,,,Feature,,,,,,,,,,Category,,,
131,Subject,,,5987,5,1.7841176981967193,,,Feature,,,,,,,,,,Category,,,
132,Subject,,,5982,10,3.53075973919232,,,Feature,,,,,,,,,,Category,,,
133,Subject,,,5977,15,5.194696852993966,,,Feature,,,,,,,,,,Category,,,
134,Subject,,,5972,20,6.704572528640665,,,Feature,,,,,,,,,,Category,,,
135,Subject,,,5962,30,9.08258727896787,,,Feature,,,,,,,,,,Category,,,
136,Subject,,,5952,40,5.641717970632187,,,Feature,,,,,,,,,,Category,,,
137,Subject,,,5942,50,3.1270033144308753,,,Feature,,,,,,,,,,Category,,,
138,Subject,,,5932,60,1.8254217030458533,,,Feature,,,,,,,,,,Category,,,
139,Subject,,,5922,70,1.478983474343166,,,Feature,,,,,,,,,,Category,,,
140,Subject,,,5991,1,0.7366340664028166,,,,Feature,,,,,,,,,Category,,,
141,Subject,,,5987,5,3.674179311215048,,,,Feature,,,,,,,,,Category,,,
142,Subject,,,5982,10,7.232567361001543,,,,Feature,,,,,,,,,Category,,,
143,Subject,,,5977,15,10.027449147163402,,,,Feature,,,,,,,,,Category,,,
144,Subject,,,5972,20,11.572257930603541,,,,Feature,,,,,,,,,Category,,,
145,Subject,,,5962,30,12.464308773645218,,,,Feature,,,,,,,,,Category,,,
146,Subject,,,5952,40,2.1102741496668016,,,,Feature,,,,,,,,,Category,,,
147,Subject,,,5942,50,0.3008016410006657,,,,Feature,,,,,,,,,Category,,,
148,Subject,,,5932,60,0.05182653838289605,,,,Feature,,,,,,,,,Category,,,
149,Subject,,,5922,70,0.03303275923726767,,,,Feature,,,,,,,,,Category,,,
150,Subject,,,5991,1,0.17324829112685158,,,,,Feature,,,,,,,,Category,,,
151,Subject,,,5987,5,0.8653833642500844,,,,,Feature,,,,,,,,Category,,,
152,Subject,,,5982,10,1.7181544301196543,,,,,Feature,,,,,,,,Category,,,
153,Subject,,,5977,15,2.5528981536551374,,,,,Feature,,,,,,,,Category,,,
154,Subject,,,5972,20,3.3579186322215997,,,,,Feature,,,,,,,,Category,,,
155,Subject,,,5962,30,4.8511202289605615,,,,,Feature,,,,,,,,Category,,,
156,Subject,,,5952,40,4.58906002712156,,,,,Feature,,,,,,,,Category,,,
157,Subject,,,5942,50,3.8281688883649068,,,,,Feature,,,,,,,,Category,,,
158,Subject,,,5932,60,3.0955203686572825,,,,,Feature,,,,,,,,Category,,,
159,Subject,,,5922,70,2.835749542468951,,,,,Feature,,,,,,,,Category,,,
160,Subject,,,5991,1,0.9265743522312078,,,,,,Feature,,,,,,,Category,,,
161,Subject,,,5987,5,4.606340155955194,,,,,,Feature,,,,,,,Category,,,
162,Subject,,,5982,10,9.052666819504566,,,,,,Feature,,,,,,,Category,,,
163,Subject,,,5977,15,11.760219932297893,,,,,,Feature,,,,,,,Category,,,
164,Subject,,,5972,20,12.40171724905151,,,,,,Feature,,,,,,,Category,,,
165,Subject,,,5962,30,12.535789092560638,,,,,,Feature,,,,,,,Category,,,
166,Subject,,,5952,40,0.7822847809547843,,,,,,Feature,,,,,,,Category,,,
167,Subject,,,5942,50,0.056451741954965606,,,,,,Feature,,,,,,,Category,,,
168,Subject,,,5932,60,0.0,,,,,,Feature,,,,,,,Category,,,
169,Subject,,,5922,70,0.0,,,,,,Feature,,,,,,,Category,,,
170,Subject,,,5991,1,0.2810193056191944,,,,,,,Feature,,,,,,Category,,,
171,Subject,,,5987,5,1.4028396839201285,,,,,,,Feature,,,,,,Category,,,
172,Subject,,,5982,10,2.7783947597744207,,,,,,,Feature,,,,,,Category,,,
173,Subject,,,5977,15,4.110986098307377,,,,,,,Feature,,,,,,Category,,,
174,Subject,,,5972,20,5.358539050228252,,,,,,,Feature,,,,,,Category,,,
175,Subject,,,5962,30,7.50956538679811,,,,,,,Feature,,,,,,Category,,,
176,Subject,,,5952,40,5.593955778320213,,,,,,,Feature,,,,,,Category,,,
177,Subject,,,5942,50,3.6549291178019896,,,,,,,Feature,,,,,,Category,,,
178,Subject,,,5932,60,2.4347804036779457,,,,,,,Feature,,,,,,Category,,,
179,Subject,,,5922,70,2.087565907372812,,,,,,,Feature,,,,,,Category,,,
180,Subject,,,5991,1,0.3062368150508062,,,,,,,,Feature,,,,,Category,,,
181,Subject,,,5987,5,1.528791288833667,,,,,,,,Feature,,,,,Category,,,
182,Subject,,,5982,10,3.0281956029018637,,,,,,,,Feature,,,,,Category,,,
183,Subject,,,5977,15,4.4615596095133645,,,,,,,,Feature,,,,,Category,,,
184,Subject,,,5972,20,5.8012573926518245,,,,,,,,Feature,,,,,Category,,,
185,Subject,,,5962,30,8.070224488096594,,,,,,,,Feature,,,,,Category,,,
186,Subject,,,5952,40,5.987124935487308,,,,,,,,Feature,,,,,Category,,,
187,Subject,,,5942,50,3.939665339661275,,,,,,,,Feature,,,,,Category,,,
188,Subject,,,5932,60,2.4823353399061228,,,,,,,,Feature,,,,,Category,,,
189,Subject,,,5922,70,2.0134920586823966,,,,,,,,Feature,,,,,Category,,,
190,Subject,,,5991,1,0.2598926744406192,,,,,,,,,Feature,,,,Category,,,
191,Subject,,,5987,5,1.2966020955107413,,,,,,,,,Feature,,,,Category,,,
192,Subject,,,5982,10,2.555913197750037,,,,,,,,,Feature,,,,Category,,,
193,Subject,,,5977,15,3.760769560601841,,,,,,,,,Feature,,,,Category,,,
194,Subject,,,5972,20,4.8966651302458475,,,,,,,,,Feature,,,,Category,,,
195,Subject,,,5962,30,6.914162288511707,,,,,,,,,Feature,,,,Category,,,
196,Subject,,,5952,40,5.582957160109925,,,,,,,,,Feature,,,,Category,,,
197,Subject,,,5942,50,3.9464495980035705,,,,,,,,,Feature,,,,Category,,,
198,Subject,,,5932,60,2.7659411151900106,,,,,,,,,Feature,,,,Category,,,
199,Subject,,,5922,70,2.403543405205103,,,,,,,,,Feature,,,,Category,,,
200,Subject,,,5991,1,0.24637931182937323,,,,,,,,,,Feature,,,Category,,,
201,Subject,,,5987,5,1.2286990914208193,,,,,,,,,,Feature,,,Category,,,
202,Subject,,,5982,10,2.43641348628172,,,,,,,,,,Feature,,,Category,,,
203,Subject,,,5977,15,3.598433657533201,,,,,,,,,,Feature,,,Category,,,
204,Subject,,,5972,20,4.701752013876879,,,,,,,,,,Feature,,,Category,,,
205,Subject,,,5962,30,6.657688866967802,,,,,,,,,,Feature,,,Category,,,
206,Subject,,,5952,40,5.365690828031858,,,,,,,,,,Feature,,,Category,,,
207,Subject,,,5942,50,3.8303084813461594,,,,,,,,,,Feature,,,Category,,,
208,Subject,,,5932,60,2.8013189484283574,,,,,,,,,,Feature,,,Category,,,
209,Subject,,,5922,70,2.5103135524575957,,,,,,,,,,Feature,,,Category,,,
210,Subject,,,5991,1,0.41942200763876786,,,,,,,,,,,Feature,,Category,,,
211,Subject,,,5987,5,2.094727515067123,,,,,,,,,,,Feature,,Category,,,
212,Subject,,,5982,10,4.142211524989983,,,,,,,,,,,Feature,,Category,,,
213,Subject,,,5977,15,6.046179985600334,,,,,,,,,,,Feature,,Category,,,
214,Subject,,,5972,20,7.704160328044724,,,,,,,,,,,Feature,,Category,,,
215,Subject,,,5962,30,10.095988579023942,,,,,,,,,,,Feature,,Category,,,
216,Subject,,,5952,40,5.423272734413877,,,,,,,,,,,Feature,,Category,,,
217,Subject,,,5942,50,2.675361357419579,,,,,,,,,,,Feature,,Category,,,
218,Subject,,,5932,60,1.1936619243665734,,,,,,,,,,,Feature,,Category,,,
219,Subject,,,5922,70,0.8659587709836797,,,,,,,,,,,Feature,,Category,,,
220,Subject,,,5991,1,0.9777700798803303,,,,,,,,,,,,Feature,Category,,,
221,Subject,,,5987,5,4.840453482446446,,,,,,,,,,,,Feature,Category,,,
222,Subject,,,5982,10,9.530300994797651,,,,,,,,,,,,Feature,Category,,,
223,Subject,,,5977,15,12.088578278446924,,,,,,,,,,,,Feature,Category,,,
224,Subject,,,5972,20,12.478178045895426,,,,,,,,,,,,Feature,Category,,,
225,Subject,,,5962,30,12.537219707289415,,,,,,,,,,,,Feature,Category,,,
226,Subject,,,5952,40,0.5017639074812527,,,,,,,,,,,,Feature,Category,,,
227,Subject,,,5942,50,0.030580954534145447,,,,,,,,,,,,Feature,Category,,,
228,Subject,,,5932,60,0.0,,,,,,,,,,,,Feature,Category,,,
229,Subject,,,5922,70,0.0,,,,,,,,,,,,Feature,Category,,,
230,,Category,Feature,5991,1,0.23949949813889762,,,,,,,,,,,,,,Subject,,
231,,Category,Feature,5987,5,1.1940183705707388,,,,,,,,,,,,,,Subject,,
232,,Category,Feature,5982,10,2.367045044997049,,,,,,,,,,,,,,Subject,,
233,,Category,Feature,5977,15,3.4994831115525478,,,,,,,,,,,,,,Subject,,
234,,Category,Feature,5972,20,4.5629029863579245,,,,,,,,,,,,,,Subject,,
235,,Category,Feature,5962,30,6.457413585698137,,,,,,,,,,,,,,Subject,,
236,,Category,Feature,5952,40,5.485710495290642,,,,,,,,,,,,,,Subject,,
237,,Category,Feature,5942,50,4.1773440417652585,,,,,,,,,,,,,,Subject,,
238,,Category,Feature,5932,60,3.1049578744090565,,,,,,,,,,,,,,Subject,,
239,,Category,Feature,5922,70,2.7383070830044995,,,,,,,,,,,,,,Subject,,
240,,,,5991,1,0.2598926744406192,Category,Feature,,,,,,,,,,,,Subject,,
241,,,,5987,5,1.2966020955107413,Category,Feature,,,,,,,,,,,,Subject,,
242,,,,5982,10,2.555913197750037,Category,Feature,,,,,,,,,,,,Subject,,
243,,,,5977,15,3.760769560601841,Category,Feature,,,,,,,,,,,,Subject,,
244,,,,5972,20,4.8966651302458475,Category,Feature,,,,,,,,,,,,Subject,,
245,,,,5962,30,6.914162288511707,Category,Feature,,,,,,,,,,,,Subject,,
246,,,,5952,40,5.582957160109925,Category,Feature,,,,,,,,,,,,Subject,,
247,,,,5942,50,3.9464495980035705,Category,Feature,,,,,,,,,,,,Subject,,
248,,,,5932,60,2.7659411151900106,Category,Feature,,,,,,,,,,,,Subject,,
249,,,,5922,70,2.403543405205103,Category,Feature,,,,,,,,,,,,Subject,,
250,,,,5991,1,0.008005871761677557,Category,,Feature,,,,,,,,,,,Subject,,
251,,,,5987,5,0.040046434592448124,Category,,Feature,,,,,,,,,,,Subject,,
252,,,,5982,10,0.08013555998026273,Category,,Feature,,,,,,,,,,,Subject,,
253,,,,5977,15,0.12026737777179373,Category,,Feature,,,,,,,,,,,Subject,,
254,,,,5972,20,0.1604418886825614,Category,,Feature,,,,,,,,,,,Subject,,
255,,,,5962,30,0.24091898816828008,Category,,Feature,,,,,,,,,,,Subject,,
256,,,,5952,40,0.29144473507035834,Category,,Feature,,,,,,,,,,,Subject,,
257,,,,5942,50,0.30029557962890085,Category,,Feature,,,,,,,,,,,Subject,,
258,,,,5932,60,0.3037550003194786,Category,,Feature,,,,,,,,,,,Subject,,
259,,,,5922,70,0.3043675006271075,Category,,Feature,,,,,,,,,,,Subject,,
260,,,,5991,1,0.17324829112685158,Category,,,Feature,,,,,,,,,,Subject,,
261,,,,5987,5,0.8653833642500844,Category,,,Feature,,,,,,,,,,Subject,,
262,,,,5982,10,1.7181544301196543,Category,,,Feature,,,,,,,,,,Subject,,
263,,,,5977,15,2.5528981536551374,Category,,,Feature,,,,,,,,,,Subject,,
264,,,,5972,20,3.3579186322215997,Category,,,Feature,,,,,,,,,,Subject,,
265,,,,5962,30,4.8511202289605615,Category,,,Feature,,,,,,,,,,Subject,,
266,,,,5952,40,4.58906002712156,Category,,,Feature,,,,,,,,,,Subject,,
267,,,,5942,50,3.8281688883649068,Category,,,Feature,,,,,,,,,,Subject,,
268,,,,5932,60,3.0955203686572825,Category,,,Feature,,,,,,,,,,Subject,,
269,,,,5922,70,2.835749542468951,Category,,,Feature,,,,,,,,,,Subject,,
270,,,,5991,1,0.0062122946331703245,Category,,,,Feature,,,,,,,,,Subject,,
271,,,,5987,5,0.03107618498225787,Category,,,,Feature,,,,,,,,,Subject,,
272,,,,5982,10,0.06218917293001112,Category,,,,Feature,,,,,,,,,Subject,,
273,,,,5977,15,0.09333900272202163,Category,,,,Feature,,,,,,,,,Subject,,
274,,,,5972,20,0.12452571300203732,Category,,,,Feature,,,,,,,,,Subject,,
275,,,,5962,30,0.1870099283977021,Category,,,,Feature,,,,,,,,,Subject,,
276,,,,5952,40,0.23526242327870045,Category,,,,Feature,,,,,,,,,Subject,,
277,,,,5942,50,0.27167337765763216,Category,,,,Feature,,,,,,,,,Subject,,
278,,,,5932,60,0.30410344463387073,Category,,,,Feature,,,,,,,,,Subject,,
279,,,,5922,70,0.31659384855874245,Category,,,,Feature,,,,,,,,,Subject,,
280,,,,5991,1,0.08637430824968755,Category,,,,,Feature,,,,,,,,Subject,,
281,,,,5987,5,0.36581229536308485,Category,,,,,Feature,,,,,,,,Subject,,
282,,,,5982,10,0.6318486665924025,Category,,,,,Feature,,,,,,,,Subject,,
283,,,,5977,15,0.8316129199889299,Category,,,,,Feature,,,,,,,,Subject,,
284,,,,5972,20,1.0049906188778934,Category,,,,,Feature,,,,,,,,Subject,,
285,,,,5962,30,1.3026951296352207,Category,,,,,Feature,,,,,,,,Subject,,
286,,,,5952,40,1.2171662370103686,Category,,,,,Feature,,,,,,,,Subject,,
287,,,,5942,50,1.2226416280696477,Category,,,,,Feature,,,,,,,,Subject,,
288,,,,5932,60,1.2543006374380554,Category,,,,,Feature,,,,,,,,Subject,,
289,,,,5922,70,1.2623319515880356,Category,,,,,Feature,,,,,,,,Subject,,
290,,,,5991,1,0.011422725073482916,Category,,,,,,Feature,,,,,,,Subject,,
291,,,,5987,5,0.05713243430783603,Category,,,,,,Feature,,,,,,,Subject,,
292,,,,5982,10,0.11431178778990658,Category,,,,,,Feature,,,,,,,Subject,,
293,,,,5977,15,0.17153788567388156,Category,,,,,,Feature,,,,,,,Subject,,
294,,,,5972,20,0.2288105491122766,Category,,,,,,Feature,,,,,,,Subject,,
295,,,,5962,30,0.34349483640611217,Category,,,,,,Feature,,,,,,,Subject,,
296,,,,5952,40,0.429603734094392,Category,,,,,,Feature,,,,,,,Subject,,
297,,,,5942,50,0.4902316933931557,Category,,,,,,Feature,,,,,,,Subject,,
298,,,,5932,60,0.5276277645079887,Category,,,,,,Feature,,,,,,,Subject,,
299,,,,5922,70,0.5380301510086283,Category,,,,,,Feature,,,,,,,Subject,,
300,,,,5991,1,0.0062122946331703245,Category,,,,,,,Feature,,,,,,Subject,,
301,,,,5987,5,0.03107618498225787,Category,,,,,,,Feature,,,,,,Subject,,
302,,,,5982,10,0.06218917293001112,Category,,,,,,,Feature,,,,,,Subject,,
303,,,,5977,15,0.09333900272202163,Category,,,,,,,Feature,,,,,,Subject,,
304,,,,5972,20,0.12452571300203732,Category,,,,,,,Feature,,,,,,Subject,,
305,,,,5962,30,0.1870099283977021,Category,,,,,,,Feature,,,,,,Subject,,
306,,,,5952,40,0.22372013136020452,Category,,,,,,,Feature,,,,,,Subject,,
307,,,,5942,50,0.22118167388358817,Category,,,,,,,Feature,,,,,,Subject,,
308,,,,5932,60,0.21458147278268813,Category,,,,,,,Feature,,,,,,Subject,,
309,,,,5922,70,0.21134429141875016,Category,,,,,,,Feature,,,,,,Subject,,
310,,,,5991,1,0.014675763630059584,Category,,,,,,,,Feature,,,,,Subject,,
311,,,,5987,5,0.07071330675451148,Category,,,,,,,,Feature,,,,,Subject,,
312,,,,5982,10,0.13663901479541085,Category,,,,,,,,Feature,,,,,Subject,,
313,,,,5977,15,0.19602796697084907,Category,,,,,,,,Feature,,,,,Subject,,
314,,,,5972,20,0.25262956505073375,Category,,,,,,,,Feature,,,,,Subject,,
315,,,,5962,30,0.36200927624248797,Category,,,,,,,,Feature,,,,,Subject,,
316,,,,5952,40,0.421652045132295,Category,,,,,,,,Feature,,,,,Subject,,
317,,,,5942,50,0.4696377791327766,Category,,,,,,,,Feature,,,,,Subject,,
318,,,,5932,60,0.4770972175736084,Category,,,,,,,,Feature,,,,,Subject,,
319,,,,5922,70,0.47776506965936505,Category,,,,,,,,Feature,,,,,Subject,,
320,,,,5991,1,0.009738562736307419,Category,,,,,,,,,Feature,,,,Subject,,
321,,,,5987,5,0.04871124168423977,Category,,,,,,,,,Feature,,,,Subject,,
322,,,,5982,10,0.09407930501086686,Category,,,,,,,,,Feature,,,,Subject,,
323,,,,5977,15,0.13717427973684984,Category,,,,,,,,,Feature,,,,Subject,,
324,,,,5972,20,0.1800727210527677,Category,,,,,,,,,Feature,,,,Subject,,
325,,,,5962,30,0.2660112959514589,Category,,,,,,,,,Feature,,,,Subject,,
326,,,,5952,40,0.3203492937521957,Category,,,,,,,,,Feature,,,,Subject,,
327,,,,5942,50,0.3370381105028553,Category,,,,,,,,,Feature,,,,Subject,,
328,,,,5932,60,0.3380005368495313,Category,,,,,,,,,Feature,,,,Subject,,
329,,,,5922,70,0.33760325703920124,Category,,,,,,,,,Feature,,,,Subject,,
330,,,,5991,1,0.011422725073482916,Category,,,,,,,,,,Feature,,,Subject,,
331,,,,5987,5,0.05713243430783603,Category,,,,,,,,,,Feature,,,Subject,,
332,,,,5982,10,0.10183100175244005,Category,,,,,,,,,,Feature,,,Subject,,
333,,,,5977,15,0.14010013081451356,Category,,,,,,,,,,Feature,,,Subject,,
334,,,,5972,20,0.17592265307947455,Category,,,,,,,,,,Feature,,,Subject,,
335,,,,5962,30,0.24643548725717684,Category,,,,,,,,,,Feature,,,Subject,,
336,,,,5952,40,0.24594050155507124,Category,,,,,,,,,,Feature,,,Subject,,
337,,,,5942,50,0.23132913775134614,Category,,,,,,,,,,Feature,,,Subject,,
338,,,,5932,60,0.21491349543188906,Category,,,,,,,,,,Feature,,,Subject,,
339,,,,5922,70,0.21210416768657708,Category,,,,,,,,,,Feature,,,Subject,,
340,,,,5991,1,0.09389260344052293,Category,,,,,,,,,,,Feature,,Subject,,
341,,,,5987,5,0.3824116737578416,Category,,,,,,,,,,,Feature,,Subject,,
342,,,,5982,10,0.648432878047332,Category,,,,,,,,,,,Feature,,Subject,,
343,,,,5977,15,0.8449632443500011,Category,,,,,,,,,,,Feature,,Subject,,
344,,,,5972,20,1.016740413939722,Category,,,,,,,,,,,Feature,,Subject,,
345,,,,5962,30,1.3069859739742815,Category,,,,,,,,,,,Feature,,Subject,,
346,,,,5952,40,1.210987818930408,Category,,,,,,,,,,,Feature,,Subject,,
347,,,,5942,50,1.2154120955890308,Category,,,,,,,,,,,Feature,,Subject,,
348,,,,5932,60,1.248234770137462,Category,,,,,,,,,,,Feature,,Subject,,
349,,,,5922,70,1.2557992563829683,Category,,,,,,,,,,,Feature,,Subject,,
350,,,,5991,1,0.2456190417309043,,Feature,,,,,,,,,,,Category,Subject,,
351,,,,5987,5,1.2249990055903244,,Feature,,,,,,,,,,,Category,Subject,,
352,,,,5982,10,2.429008389699465,,Feature,,,,,,,,,,,Category,Subject,,
353,,,,5977,15,3.590220398931389,,Feature,,,,,,,,,,,Category,Subject,,
354,,,,5972,20,4.678027196345182,,Feature,,,,,,,,,,,Category,Subject,,
355,,,,5962,30,6.608208893895272,,Feature,,,,,,,,,,,Category,Subject,,
356,,,,5952,40,5.573038315375922,,Feature,,,,,,,,,,,Category,Subject,,
357,,,,5942,50,4.2085295091328225,,Feature,,,,,,,,,,,Category,Subject,,
358,,,,5932,60,3.069731024532908,,Feature,,,,,,,,,,,Category,Subject,,
359,,,,5922,70,2.682597644995997,,Feature,,,,,,,,,,,Category,Subject,,
360,,,,5991,1,0.41942200763876786,,,Feature,,,,,,,,,,Category,Subject,,
361,,,,5987,5,2.094727515067123,,,Feature,,,,,,,,,,Category,Subject,,
362,,,,5982,10,4.142211524989983,,,Feature,,,,,,,,,,Category,Subject,,
363,,,,5977,15,6.046179985600334,,,Feature,,,,,,,,,,Category,Subject,,
364,,,,5972,20,7.704160328044724,,,Feature,,,,,,,,,,Category,Subject,,
365,,,,5962,30,10.095988579023942,,,Feature,,,,,,,,,,Category,Subject,,
366,,,,5952,40,5.423272734413877,,,Feature,,,,,,,,,,Category,Subject,,
367,,,,5942,50,2.675361357419579,,,Feature,,,,,,,,,,Category,Subject,,
368,,,,5932,60,1.1936619243665734,,,Feature,,,,,,,,,,Category,Subject,,
369,,,,5922,70,0.8659587709836797,,,Feature,,,,,,,,,,Category,Subject,,
370,,,,5991,1,0.768902339772304,,,,Feature,,,,,,,,,Category,Subject,,
371,,,,5987,5,3.8361259314041507,,,,Feature,,,,,,,,,Category,Subject,,
372,,,,5982,10,7.550162575864064,,,,Feature,,,,,,,,,Category,Subject,,
373,,,,5977,15,10.4025880149109,,,,Feature,,,,,,,,,Category,Subject,,
374,,,,5972,20,11.856169855654992,,,,Feature,,,,,,,,,Category,Subject,,
375,,,,5962,30,12.513731096082223,,,,Feature,,,,,,,,,Category,Subject,,
376,,,,5952,40,1.7025123782522587,,,,Feature,,,,,,,,,Category,Subject,,
377,,,,5942,50,0.20687392719441433,,,,Feature,,,,,,,,,Category,Subject,,
378,,,,5932,60,0.03298282501942698,,,,Feature,,,,,,,,,Category,Subject,,
379,,,,5922,70,0.021236272017417485,,,,Feature,,,,,,,,,Category,Subject,,
380,,,,5991,1,0.17759731344698887,,,,,Feature,,,,,,,,Category,Subject,,
381,,,,5987,5,0.887096790727771,,,,,Feature,,,,,,,,Category,Subject,,
382,,,,5982,10,1.759996767120759,,,,,Feature,,,,,,,,Category,Subject,,
383,,,,5977,15,2.6110661350923383,,,,,Feature,,,,,,,,Category,Subject,,
384,,,,5972,20,3.4321899600425394,,,,,Feature,,,,,,,,Category,Subject,,
385,,,,5962,30,4.947404461548715,,,,,Feature,,,,,,,,Category,Subject,,
386,,,,5952,40,4.647637695329157,,,,,Feature,,,,,,,,Category,Subject,,
387,,,,5942,50,3.870232759145032,,,,,Feature,,,,,,,,Category,Subject,,
388,,,,5932,60,3.1523230673580835,,,,,Feature,,,,,,,,Category,Subject,,
389,,,,5922,70,2.888040861586059,,,,,Feature,,,,,,,,Category,Subject,,
390,,,,5991,1,0.952113123197506,,,,,,Feature,,,,,,,Category,Subject,,
391,,,,5987,5,4.738082624876765,,,,,,Feature,,,,,,,Category,Subject,,
392,,,,5982,10,9.329021921823843,,,,,,Feature,,,,,,,Category,Subject,,
393,,,,5977,15,11.99984706991541,,,,,,Feature,,,,,,,Category,Subject,,
394,,,,5972,20,12.47771215745135,,,,,,Feature,,,,,,,Category,Subject,,
395,,,,5962,30,12.541580659989851,,,,,,Feature,,,,,,,Category,Subject,,
396,,,,5952,40,0.5579171572386722,,,,,,Feature,,,,,,,Category,Subject,,
397,,,,5942,50,0.023524424887439353,,,,,,Feature,,,,,,,Category,Subject,,
398,,,,5932,60,0.0,,,,,,Feature,,,,,,,Category,Subject,,
399,,,,5922,70,0.0,,,,,,Feature,,,,,,,Category,Subject,,
400,,,,5991,1,0.29235849659515123,,,,,,,Feature,,,,,,Category,Subject,,
401,,,,5987,5,1.459410546867228,,,,,,,Feature,,,,,,Category,Subject,,
402,,,,5982,10,2.8897580836256567,,,,,,,Feature,,,,,,Category,Subject,,
403,,,,5977,15,4.273418441894047,,,,,,,Feature,,,,,,Category,Subject,,
404,,,,5972,20,5.566583530276429,,,,,,,Feature,,,,,,Category,Subject,,
405,,,,5962,30,7.783819578992691,,,,,,,Feature,,,,,,Category,Subject,,
406,,,,5952,40,5.701158154122332,,,,,,,Feature,,,,,,Category,Subject,,
407,,,,5942,50,3.6332024727035894,,,,,,,Feature,,,,,,Category,Subject,,
408,,,,5932,60,2.2749124729091093,,,,,,,Feature,,,,,,Category,Subject,,
409,,,,5922,70,1.8997900290039906,,,,,,,Feature,,,,,,Category,Subject,,
410,,,,5991,1,0.3218136441172536,,,,,,,,Feature,,,,,Category,Subject,,
411,,,,5987,5,1.6053512933042147,,,,,,,,Feature,,,,,Category,Subject,,
412,,,,5982,10,3.1766403996655823,,,,,,,,Feature,,,,,Category,Subject,,
413,,,,5977,15,4.675199899309317,,,,,,,,Feature,,,,,Category,Subject,,
414,,,,5972,20,6.043703027723343,,,,,,,,Feature,,,,,Category,Subject,,
415,,,,5962,30,8.332856374824019,,,,,,,,Feature,,,,,Category,Subject,,
416,,,,5952,40,6.007220759292725,,,,,,,,Feature,,,,,Category,Subject,,
417,,,,5942,50,3.842392653719275,,,,,,,,Feature,,,,,Category,Subject,,
418,,,,5932,60,2.3643705442130445,,,,,,,,Feature,,,,,Category,Subject,,
419,,,,5922,70,1.9166274714958371,,,,,,,,Feature,,,,,Category,Subject,,
420,,,,5991,1,0.27236984060418884,,,,,,,,,Feature,,,,Category,Subject,,
421,,,,5987,5,1.3593989294191224,,,,,,,,,Feature,,,,Category,Subject,,
422,,,,5982,10,2.682288775923086,,,,,,,,,Feature,,,,Category,Subject,,
423,,,,5977,15,3.9488866900787034,,,,,,,,,Feature,,,,Category,Subject,,
424,,,,5972,20,5.143083582906285,,,,,,,,,Feature,,,,Category,Subject,,
425,,,,5962,30,7.2545610901535,,,,,,,,,Feature,,,,Category,Subject,,
426,,,,5952,40,5.701113017255199,,,,,,,,,Feature,,,,Category,Subject,,
427,,,,5942,50,3.904531029885413,,,,,,,,,Feature,,,,Category,Subject,,
428,,,,5932,60,2.6550436467317997,,,,,,,,,Feature,,,,Category,Subject,,
429,,,,5922,70,2.294775647091585,,,,,,,,,Feature,,,,Category,Subject,,
430,,,,5991,1,0.2598926744406192,,,,,,,,,,Feature,,,Category,Subject,,
431,,,,5987,5,1.2960200087197566,,,,,,,,,,Feature,,,Category,Subject,,
432,,,,5982,10,2.5687490394402226,,,,,,,,,,Feature,,,Category,Subject,,
433,,,,5977,15,3.7861213193830903,,,,,,,,,,Feature,,,Category,Subject,,
434,,,,5972,20,4.9357337332569,,,,,,,,,,Feature,,,Category,Subject,,
435,,,,5962,30,6.962702994931031,,,,,,,,,,Feature,,,Category,Subject,,
436,,,,5952,40,5.4919797890212525,,,,,,,,,,Feature,,,Category,Subject,,
437,,,,5942,50,3.8804167864520323,,,,,,,,,,Feature,,,Category,Subject,,
438,,,,5932,60,2.7915343571251547,,,,,,,,,,Feature,,,Category,Subject,,
439,,,,5922,70,2.466935635860353,,,,,,,,,,Feature,,,Category,Subject,,
440,,,,5991,1,0.43803346643248064,,,,,,,,,,,Feature,,Category,Subject,,
441,,,,5987,5,2.1863295991211715,,,,,,,,,,,Feature,,Category,Subject,,
442,,,,5982,10,4.321365830411043,,,,,,,,,,,Feature,,Category,Subject,,
443,,,,5977,15,6.292928334586987,,,,,,,,,,,Feature,,Category,Subject,,
444,,,,5972,20,7.979746044065032,,,,,,,,,,,Feature,,Category,Subject,,
445,,,,5962,30,10.34952219271163,,,,,,,,,,,Feature,,Category,Subject,,
446,,,,5952,40,5.3266958953439,,,,,,,,,,,Feature,,Category,Subject,,
447,,,,5942,50,2.551123460076865,,,,,,,,,,,Feature,,Category,Subject,,
448,,,,5932,60,1.141026500460344,,,,,,,,,,,Feature,,Category,Subject,,
449,,,,5922,70,0.8197861677945663,,,,,,,,,,,Feature,,Category,Subject,,
450,,,,5991,1,0.9930638398754212,,,,,,,,,,,,Feature,Category,Subject,,
451,,,,5987,5,4.921385455734336,,,,,,,,,,,,Feature,Category,Subject,,
452,,,,5982,10,9.697006726831123,,,,,,,,,,,,Feature,Category,Subject,,
453,,,,5977,15,12.221140098873699,,,,,,,,,,,,Feature,Category,Subject,,
454,,,,5972,20,12.519780568271367,,,,,,,,,,,,Feature,Category,Subject,,
455,,,,5962,30,12.541580659989851,,,,,,,,,,,,Feature,Category,Subject,,
456,,,,5952,40,0.37767276245091413,,,,,,,,,,,,Feature,Category,Subject,,
457,,,,5942,50,0.023524424887439353,,,,,,,,,,,,Feature,Category,Subject,,
458,,,,5932,60,0.0,,,,,,,,,,,,Feature,Category,Subject,,
459,,,,5922,70,0.0,,,,,,,,,,,,Feature,Category,Subject,,
460,,Category,Feature,5991,1,0.17759731344698887,,,,,,,,,,,,,,,Subject,
461,,Category,Feature,5987,5,0.887096790727771,,,,,,,,,,,,,,,Subject,
462,,Category,Feature,5982,10,1.759996767120759,,,,,,,,,,,,,,,Subject,
463,,Category,Feature,5977,15,2.6110661350923383,,,,,,,,,,,,,,,Subject,
464,,Category,Feature,5972,20,3.4321899600425394,,,,,,,,,,,,,,,Subject,
465,,Category,Feature,5962,30,4.947404461548715,,,,,,,,,,,,,,,Subject,
466,,Category,Feature,5952,40,4.647637695329157,,,,,,,,,,,,,,,Subject,
467,,Category,Feature,5942,50,3.870232759145032,,,,,,,,,,,,,,,Subject,
468,,Category,Feature,5932,60,3.1523230673580835,,,,,,,,,,,,,,,Subject,
469,,Category,Feature,5922,70,2.888040861586059,,,,,,,,,,,,,,,Subject,
470,,,,5991,1,0.008005871761677557,Category,Feature,,,,,,,,,,,,,Subject,
471,,,,5987,5,0.040046434592448124,Category,Feature,,,,,,,,,,,,,Subject,
472,,,,5982,10,0.08013555998026273,Category,Feature,,,,,,,,,,,,,Subject,
473,,,,5977,15,0.12026737777179373,Category,Feature,,,,,,,,,,,,,Subject,
474,,,,5972,20,0.1604418886825614,Category,Feature,,,,,,,,,,,,,Subject,
475,,,,5962,30,0.24091898816828008,Category,Feature,,,,,,,,,,,,,Subject,
476,,,,5952,40,0.30239391224414536,Category,Feature,,,,,,,,,,,,,Subject,
477,,,,5942,50,0.346254915530661,Category,Feature,,,,,,,,,,,,,Subject,
478,,,,5932,60,0.36858434184133965,Category,Feature,,,,,,,,,,,,,Subject,
479,,,,5922,70,0.3768176013713713,Category,Feature,,,,,,,,,,,,,Subject,
480,,,,5991,1,0.43803346643248064,Category,,Feature,,,,,,,,,,,,Subject,
481,,,,5987,5,2.1863295991211715,Category,,Feature,,,,,,,,,,,,Subject,
482,,,,5982,10,4.321365830411043,Category,,Feature,,,,,,,,,,,,Subject,
483,,,,5977,15,6.292928334586987,Category,,Feature,,,,,,,,,,,,Subject,
484,,,,5972,20,7.979746044065032,Category,,Feature,,,,,,,,,,,,Subject,
485,,,,5962,30,10.34952219271163,Category,,Feature,,,,,,,,,,,,Subject,
486,,,,5952,40,5.3266958953439,Category,,Feature,,,,,,,,,,,,Subject,
487,,,,5942,50,2.551123460076865,Category,,Feature,,,,,,,,,,,,Subject,
488,,,,5932,60,1.141026500460344,Category,,Feature,,,,,,,,,,,,Subject,
489,,,,5922,70,0.8197861677945663,Category,,Feature,,,,,,,,,,,,Subject,
490,,,,5991,1,0.3218136441172536,Category,,,Feature,,,,,,,,,,,Subject,
491,,,,5987,5,1.6053512933042147,Category,,,Feature,,,,,,,,,,,Subject,
492,,,,5982,10,3.1766403996655823,Category,,,Feature,,,,,,,,,,,Subject,
493,,,,5977,15,4.675199899309317,Category,,,Feature,,,,,,,,,,,Subject,
494,,,,5972,20,6.043703027723343,Category,,,Feature,,,,,,,,,,,Subject,
495,,,,5962,30,8.332856374824019,Category,,,Feature,,,,,,,,,,,Subject,
496,,,,5952,40,6.007220759292725,Category,,,Feature,,,,,,,,,,,Subject,
497,,,,5942,50,3.842392653719275,Category,,,Feature,,,,,,,,,,,Subject,
498,,,,5932,60,2.3643705442130445,Category,,,Feature,,,,,,,,,,,Subject,
499,,,,5922,70,1.9166274714958371,Category,,,Feature,,,,,,,,,,,Subject,
500,,,,5991,1,0.0023353623346953813,Category,,,,Feature,,,,,,,,,,Subject,
501,,,,5987,5,0.01168340571222851,Category,,,,Feature,,,,,,,,,,Subject,
502,,,,5982,10,0.02338331778677431,Category,,,,Feature,,,,,,,,,,Subject,
503,,,,5977,15,0.03509977173423043,Category,,,,Feature,,,,,,,,,,Subject,
504,,,,5972,20,0.04683280316283946,Category,,,,Feature,,,,,,,,,,Subject,
505,,,,5962,30,0.07034874138652804,Category,,,,Feature,,,,,,,,,,Subject,
506,,,,5952,40,0.08913818591901514,Category,,,,Feature,,,,,,,,,,Subject,
507,,,,5942,50,0.10399805177640203,Category,,,,Feature,,,,,,,,,,Subject,
508,,,,5932,60,0.11754874800519605,Category,,,,Feature,,,,,,,,,,Subject,
509,,,,5922,70,0.12283119642777991,Category,,,,Feature,,,,,,,,,,Subject,
510,,,,5991,1,0.08854031075871836,Category,,,,,Feature,,,,,,,,,Subject,
511,,,,5987,5,0.3693297479133641,Category,,,,,Feature,,,,,,,,,Subject,
512,,,,5982,10,0.6377137122487198,Category,,,,,Feature,,,,,,,,,Subject,
513,,,,5977,15,0.8415823330677288,Category,,,,,Feature,,,,,,,,,Subject,
514,,,,5972,20,1.0157797216551636,Category,,,,,Feature,,,,,,,,,Subject,
515,,,,5962,30,1.2867805561524404,Category,,,,,Feature,,,,,,,,,Subject,
516,,,,5952,40,1.0978315126593565,Category,,,,,Feature,,,,,,,,,Subject,
517,,,,5942,50,1.0147842899174921,Category,,,,,Feature,,,,,,,,,Subject,
518,,,,5932,60,1.0021948006465222,Category,,,,,Feature,,,,,,,,,Subject,
519,,,,5922,70,0.9998911002388917,Category,,,,,Feature,,,,,,,,,Subject,
520,,,,5991,1,0.009738562736307419,Category,,,,,,Feature,,,,,,,,Subject,
521,,,,5987,5,0.04871124168423977,Category,,,,,,Feature,,,,,,,,Subject,
522,,,,5982,10,0.09746851349694552,Category,,,,,,Feature,,,,,,,,Subject,
523,,,,5977,15,0.14627174752327002,Category,,,,,,Feature,,,,,,,,Subject,
524,,,,5972,20,0.19173335592188293,Category,,,,,,Feature,,,,,,,,Subject,
525,,,,5962,30,0.27828224336139673,Category,,,,,,Feature,,,,,,,,Subject,
526,,,,5952,40,0.33523022836700606,Category,,,,,,Feature,,,,,,,,Subject,
527,,,,5942,50,0.3731131376007061,Category,,,,,,Feature,,,,,,,,Subject,
528,,,,5932,60,0.41183701406295004,Category,,,,,,Feature,,,,,,,,Subject,
529,,,,5922,70,0.42681701193224136,Category,,,,,,Feature,,,,,,,,Subject,
530,,,,5991,1,0.01780694932688879,Category,,,,,,,Feature,,,,,,,Subject,
531,,,,5987,5,0.08327165266218924,Category,,,,,,,Feature,,,,,,,Subject,
532,,,,5982,10,0.15888217078891764,Category,,,,,,,Feature,,,,,,,Subject,
533,,,,5977,15,0.23408090626436162,Category,,,,,,,Feature,,,,,,,Subject,
534,,,,5972,20,0.30934065604859196,Category,,,,,,,Feature,,,,,,,Subject,
535,,,,5962,30,0.4468409723252747,Category,,,,,,,Feature,,,,,,,Subject,
536,,,,5952,40,0.522944183305496,Category,,,,,,,Feature,,,,,,,Subject,
537,,,,5942,50,0.5736419769253462,Category,,,,,,,Feature,,,,,,,Subject,
538,,,,5932,60,0.6224195788040561,Category,,,,,,,Feature,,,,,,,Subject,
539,,,,5922,70,0.642256387595664,Category,,,,,,,Feature,,,,,,,Subject,
540,,,,5991,1,0.013066524203849978,Category,,,,,,,,Feature,,,,,,Subject,
541,,,,5987,5,0.06038960361624604,Category,,,,,,,,Feature,,,,,,Subject,
542,,,,5982,10,0.11216763604218402,Category,,,,,,,,Feature,,,,,,Subject,
543,,,,5977,15,0.163996653762393,Category,,,,,,,,Feature,,,,,,Subject,
544,,,,5972,20,0.21242865893444318,Category,,,,,,,,Feature,,,,,,Subject,
545,,,,5962,30,0.30383348697605744,Category,,,,,,,,Feature,,,,,,Subject,
546,,,,5952,40,0.3558200733861149,Category,,,,,,,,Feature,,,,,,Subject,
547,,,,5942,50,0.39221879712560703,Category,,,,,,,,Feature,,,,,,Subject,
548,,,,5932,60,0.4305387181762331,Category,,,,,,,,Feature,,,,,,Subject,
549,,,,5922,70,0.44540873146997717,Category,,,,,,,,Feature,,,,,,Subject,
550,,,,5991,1,0.014675763630059584,Category,,,,,,,,,Feature,,,,,Subject,
551,,,,5987,5,0.07339557308264447,Category,,,,,,,,,Feature,,,,,Subject,
552,,,,5982,10,0.14242511656796797,Category,,,,,,,,,Feature,,,,,Subject,
553,,,,5977,15,0.21133277877300954,Category,,,,,,,,,Feature,,,,,Subject,
554,,,,5972,20,0.2802909547098686,Category,,,,,,,,,Feature,,,,,Subject,
555,,,,5962,30,0.410534590068622,Category,,,,,,,,,Feature,,,,,Subject,
556,,,,5952,40,0.47306484126941445,Category,,,,,,,,,Feature,,,,,Subject,
557,,,,5942,50,0.50800694773409,Category,,,,,,,,,Feature,,,,,Subject,
558,,,,5932,60,0.5361485589632595,Category,,,,,,,,,Feature,,,,,Subject,
559,,,,5922,70,0.5528167359995745,Category,,,,,,,,,Feature,,,,,Subject,
560,,,,5991,1,0.011422725073482916,Category,,,,,,,,,,Feature,,,,Subject,
561,,,,5987,5,0.05713243430783603,Category,,,,,,,,,,Feature,,,,Subject,
562,,,,5982,10,0.10183100175244005,Category,,,,,,,,,,Feature,,,,Subject,
563,,,,5977,15,0.14010013081451356,Category,,,,,,,,,,Feature,,,,Subject,
564,,,,5972,20,0.17592265307947455,Category,,,,,,,,,,Feature,,,,Subject,
565,,,,5962,30,0.24643548725717684,Category,,,,,,,,,,Feature,,,,Subject,
566,,,,5952,40,0.24594050155507124,Category,,,,,,,,,,Feature,,,,Subject,
567,,,,5942,50,0.23132913775134614,Category,,,,,,,,,,Feature,,,,Subject,
568,,,,5932,60,0.21491349543188906,Category,,,,,,,,,,Feature,,,,Subject,
569,,,,5922,70,0.21210416768657708,Category,,,,,,,,,,Feature,,,,Subject,
570,,,,5991,1,0.11650460661938783,Category,,,,,,,,,,,Feature,,,Subject,
571,,,,5987,5,0.49006346279640467,Category,,,,,,,,,,,Feature,,,Subject,
572,,,,5982,10,0.8605901530475843,Category,,,,,,,,,,,Feature,,,Subject,
573,,,,5977,15,1.1383600632704531,Category,,,,,,,,,,,Feature,,,Subject,
574,,,,5972,20,1.3608383241082374,Category,,,,,,,,,,,Feature,,,Subject,
575,,,,5962,30,1.6639407070009373,Category,,,,,,,,,,,Feature,,,Subject,
576,,,,5952,40,1.2682506994542784,Category,,,,,,,,,,,Feature,,,Subject,
577,,,,5942,50,1.0638159392502906,Category,,,,,,,,,,,Feature,,,Subject,
578,,,,5932,60,1.0036527175470045,Category,,,,,,,,,,,Feature,,,Subject,
579,,,,5922,70,0.9936963478355216,Category,,,,,,,,,,,Feature,,,Subject,
580,,,,5991,1,0.24637931182937323,,Feature,,,,,,,,,,,Category,,Subject,
581,,,,5987,5,1.2283661232544485,,Feature,,,,,,,,,,,Category,,Subject,
582,,,,5982,10,2.43492754731916,,Feature,,,,,,,,,,,Category,,Subject,
583,,,,5977,15,3.5985314775131125,,Feature,,,,,,,,,,,Category,,Subject,
584,,,,5972,20,4.6884999272706,,Feature,,,,,,,,,,,Category,,Subject,
585,,,,5962,30,6.614986641895022,,Feature,,,,,,,,,,,Category,,Subject,
586,,,,5952,40,5.561500670940671,,Feature,,,,,,,,,,,Category,,Subject,
587,,,,5942,50,4.189670147723396,,Feature,,,,,,,,,,,Category,,Subject,
588,,,,5932,60,3.0806217831615075,,Feature,,,,,,,,,,,Category,,Subject,
589,,,,5922,70,2.713076459310168,,Feature,,,,,,,,,,,Category,,Subject,
590,,,,5991,1,0.3749713231341206,,,Feature,,,,,,,,,,Category,,Subject,
591,,,,5987,5,1.872266916160083,,,Feature,,,,,,,,,,Category,,Subject,
592,,,,5982,10,3.702250818774002,,,Feature,,,,,,,,,,Category,,Subject,
593,,,,5977,15,5.428558837760557,,,Feature,,,,,,,,,,Category,,Subject,
594,,,,5972,20,6.965388956930626,,,Feature,,,,,,,,,,Category,,Subject,
595,,,,5962,30,9.329194304726048,,,Feature,,,,,,,,,,Category,,Subject,
596,,,,5952,40,5.729788793621417,,,Feature,,,,,,,,,,Category,,Subject,
597,,,,5942,50,3.150987237702085,,,Feature,,,,,,,,,,Category,,Subject,
598,,,,5932,60,1.759880865436462,,,Feature,,,,,,,,,,Category,,Subject,
599,,,,5922,70,1.364345455635382,,,Feature,,,,,,,,,,Category,,Subject,
600,,,,5991,1,0.7680071511060416,,,,Feature,,,,,,,,,Category,,Subject,
601,,,,5987,5,3.8313441370725796,,,,Feature,,,,,,,,,Category,,Subject,
602,,,,5982,10,7.536984870272644,,,,Feature,,,,,,,,,Category,,Subject,
603,,,,5977,15,10.38481620821636,,,,Feature,,,,,,,,,Category,,Subject,
604,,,,5972,20,11.841855785626091,,,,Feature,,,,,,,,,Category,,Subject,
605,,,,5962,30,12.506471080564758,,,,Feature,,,,,,,,,Category,,Subject,
606,,,,5952,40,1.7640567890067018,,,,Feature,,,,,,,,,Category,,Subject,
607,,,,5942,50,0.24680134039522167,,,,Feature,,,,,,,,,Category,,Subject,
608,,,,5932,60,0.03298282501942698,,,,Feature,,,,,,,,,Category,,Subject,
609,,,,5922,70,0.021236272017417485,,,,Feature,,,,,,,,,Category,,Subject,
610,,,,5991,1,0.17846244059399374,,,,,Feature,,,,,,,,Category,,Subject,
611,,,,5987,5,0.8914108594962417,,,,,Feature,,,,,,,,Category,,Subject,
612,,,,5982,10,1.768662112143651,,,,,Feature,,,,,,,,Category,,Subject,
613,,,,5977,15,2.6241129675535997,,,,,Feature,,,,,,,,Category,,Subject,
614,,,,5972,20,3.4498349582308534,,,,,Feature,,,,,,,,Category,,Subject,
615,,,,5962,30,4.977080634302648,,,,,Feature,,,,,,,,Category,,Subject,
616,,,,5952,40,4.655261361264741,,,,,Feature,,,,,,,,Category,,Subject,
617,,,,5942,50,3.833630877792249,,,,,Feature,,,,,,,,Category,,Subject,
618,,,,5932,60,3.105293333971515,,,,,Feature,,,,,,,,Category,,Subject,
619,,,,5922,70,2.839339977325631,,,,,Feature,,,,,,,,Category,,Subject,
620,,,,5991,1,0.9523652024042057,,,,,,Feature,,,,,,,Category,,Subject,
621,,,,5987,5,4.7381804360594195,,,,,,Feature,,,,,,,Category,,Subject,
622,,,,5982,10,9.33116684458102,,,,,,Feature,,,,,,,Category,,Subject,
623,,,,5977,15,12.010088330603622,,,,,,Feature,,,,,,,Category,,Subject,
624,,,,5972,20,12.486684663969346,,,,,,Feature,,,,,,,Category,,Subject,
625,,,,5962,30,12.541580659989851,,,,,,Feature,,,,,,,Category,,Subject,
626,,,,5952,40,0.5345229333688781,,,,,,Feature,,,,,,,Category,,Subject,
627,,,,5942,50,0.023524424887439353,,,,,,Feature,,,,,,,Category,,Subject,
628,,,,5932,60,0.0,,,,,,Feature,,,,,,,Category,,Subject,
629,,,,5922,70,0.0,,,,,,Feature,,,,,,,Category,,Subject,
630,,,,5991,1,0.291656089324433,,,,,,,Feature,,,,,,Category,,Subject,
631,,,,5987,5,1.4557576189336605,,,,,,,Feature,,,,,,Category,,Subject,
632,,,,5982,10,2.8811389684022357,,,,,,,Feature,,,,,,Category,,Subject,
633,,,,5977,15,4.2597749724926866,,,,,,,Feature,,,,,,Category,,Subject,
634,,,,5972,20,5.547878121156679,,,,,,,Feature,,,,,,Category,,Subject,
635,,,,5962,30,7.754464399820135,,,,,,,Feature,,,,,,Category,,Subject,
636,,,,5952,40,5.693977029303863,,,,,,,Feature,,,,,,Category,,Subject,
637,,,,5942,50,3.648510192012926,,,,,,,Feature,,,,,,Category,,Subject,
638,,,,5932,60,2.3130052572498387,,,,,,,Feature,,,,,,Category,,Subject,
639,,,,5922,70,1.9499960279329625,,,,,,,Feature,,,,,,Category,,Subject,
640,,,,5991,1,0.32047479382011734,,,,,,,,Feature,,,,,Category,,Subject,
641,,,,5987,5,1.5993368086160433,,,,,,,,Feature,,,,,Category,,Subject,
642,,,,5982,10,3.166159256089778,,,,,,,,Feature,,,,,Category,,Subject,
643,,,,5977,15,4.659189671342459,,,,,,,,Feature,,,,,Category,,Subject,
644,,,,5972,20,6.023698471492421,,,,,,,,Feature,,,,,Category,,Subject,
645,,,,5962,30,8.30702105189731,,,,,,,,Feature,,,,,Category,,Subject,
646,,,,5952,40,5.99255218773982,,,,,,,,Feature,,,,,Category,,Subject,
647,,,,5942,50,3.808889522459855,,,,,,,,Feature,,,,,Category,,Subject,
648,,,,5932,60,2.3350985734758622,,,,,,,,Feature,,,,,Category,,Subject,
649,,,,5922,70,1.8835331119556233,,,,,,,,Feature,,,,,Category,,Subject,
650,,,,5991,1,0.27164325902065184,,,,,,,,,Feature,,,,Category,,Subject,
651,,,,5987,5,1.3555682791384795,,,,,,,,,Feature,,,,Category,,Subject,
652,,,,5982,10,2.674680236791455,,,,,,,,,Feature,,,,Category,,Subject,
653,,,,5977,15,3.9352933224845352,,,,,,,,,Feature,,,,Category,,Subject,
654,,,,5972,20,5.118922091483995,,,,,,,,,Feature,,,,Category,,Subject,
655,,,,5962,30,7.201294140873365,,,,,,,,,Feature,,,,Category,,Subject,
656,,,,5952,40,5.639112907276425,,,,,,,,,Feature,,,,Category,,Subject,
657,,,,5942,50,3.899252502801953,,,,,,,,,Feature,,,,Category,,Subject,
658,,,,5932,60,2.699251246665871,,,,,,,,,Feature,,,,Category,,Subject,
659,,,,5922,70,2.346353321556904,,,,,,,,,Feature,,,,Category,,Subject,
660,,,,5991,1,0.2598926744406192,,,,,,,,,,Feature,,,Category,,Subject,
661,,,,5987,5,1.2956907259785808,,,,,,,,,,Feature,,,Category,,Subject,
662,,,,5982,10,2.567792471645511,,,,,,,,,,Feature,,,Category,,Subject,
663,,,,5977,15,3.78423004224535,,,,,,,,,,Feature,,,Category,,Subject,
664,,,,5972,20,4.930817752183022,,,,,,,,,,Feature,,,Category,,Subject,
665,,,,5962,30,6.95188878561325,,,,,,,,,,Feature,,,Category,,Subject,
666,,,,5952,40,5.499414667923806,,,,,,,,,,Feature,,,Category,,Subject,
667,,,,5942,50,3.9079335467991925,,,,,,,,,,Feature,,,Category,,Subject,
668,,,,5932,60,2.8238973024842826,,,,,,,,,,Feature,,,Category,,Subject,
669,,,,5922,70,2.501040301641856,,,,,,,,,,Feature,,,Category,,Subject,
670,,,,5991,1,0.43469001549592406,,,,,,,,,,,Feature,,Category,,Subject,
671,,,,5987,5,2.170027389187133,,,,,,,,,,,Feature,,Category,,Subject,
672,,,,5982,10,4.290414513839491,,,,,,,,,,,Feature,,Category,,Subject,
673,,,,5977,15,6.251256574415647,,,,,,,,,,,Feature,,Category,,Subject,
674,,,,5972,20,7.940022634022131,,,,,,,,,,,Feature,,Category,,Subject,
675,,,,5962,30,10.333894435578545,,,,,,,,,,,Feature,,Category,,Subject,
676,,,,5952,40,5.330500588260047,,,,,,,,,,,Feature,,Category,,Subject,
677,,,,5942,50,2.568629265879076,,,,,,,,,,,Feature,,Category,,Subject,
678,,,,5932,60,1.1686936794248584,,,,,,,,,,,Feature,,Category,,Subject,
679,,,,5922,70,0.8533749883865221,,,,,,,,,,,Feature,,Category,,Subject,
680,,,,5991,1,0.9920338611485529,,,,,,,,,,,,Feature,Category,,Subject,
681,,,,5987,5,4.913411507700423,,,,,,,,,,,,Feature,Category,,Subject,
682,,,,5982,10,9.686067942509624,,,,,,,,,,,,Feature,Category,,Subject,
683,,,,5977,15,12.22499361495286,,,,,,,,,,,,Feature,Category,,Subject,
684,,,,5972,20,12.51957207656041,,,,,,,,,,,,Feature,Category,,Subject,
685,,,,5962,30,12.541580659989851,,,,,,,,,,,,Feature,Category,,Subject,
686,,,,5952,40,0.38469993889606596,,,,,,,,,,,,Feature,Category,,Subject,
687,,,,5942,50,0.023524424887439353,,,,,,,,,,,,Feature,Category,,Subject,
688,,,,5932,60,0.0,,,,,,,,,,,,Feature,Category,,Subject,
689,,,,5922,70,0.0,,,,,,,,,,,,Feature,Category,,Subject,
690,,Category,Feature,5991,1,0.9523652024042057,,,,,,,,,,,,,,,,Subject
691,,Category,Feature,5987,5,4.7381804360594195,,,,,,,,,,,,,,,,Subject
692,,Category,Feature,5982,10,9.33116684458102,,,,,,,,,,,,,,,,Subject
693,,Category,Feature,5977,15,12.010088330603622,,,,,,,,,,,,,,,,Subject
694,,Category,Feature,5972,20,12.486684663969346,,,,,,,,,,,,,,,,Subject
695,,Category,Feature,5962,30,12.541580659989851,,,,,,,,,,,,,,,,Subject
696,,Category,Feature,5952,40,0.5345229333688781,,,,,,,,,,,,,,,,Subject
697,,Category,Feature,5942,50,0.023524424887439353,,,,,,,,,,,,,,,,Subject
698,,Category,Feature,5932,60,0.0,,,,,,,,,,,,,,,,Subject
699,,Category,Feature,5922,70,0.0,,,,,,,,,,,,,,,,Subject
700,,,,5991,1,0.3062368150508062,Category,Feature,,,,,,,,,,,,,,Subject
701,,,,5987,5,1.528791288833667,Category,Feature,,,,,,,,,,,,,,Subject
702,,,,5982,10,3.0281956029018637,Category,Feature,,,,,,,,,,,,,,Subject
703,,,,5977,15,4.4615596095133645,Category,Feature,,,,,,,,,,,,,,Subject
704,,,,5972,20,5.8012573926518245,Category,Feature,,,,,,,,,,,,,,Subject
705,,,,5962,30,8.070224488096594,Category,Feature,,,,,,,,,,,,,,Subject
706,,,,5952,40,5.987124935487308,Category,Feature,,,,,,,,,,,,,,Subject
707,,,,5942,50,3.939665339661275,Category,Feature,,,,,,,,,,,,,,Subject
708,,,,5932,60,2.4823353399061228,Category,Feature,,,,,,,,,,,,,,Subject
709,,,,5922,70,2.0134920586823966,Category,Feature,,,,,,,,,,,,,,Subject
710,,,,5991,1,0.27164325902065184,Category,,Feature,,,,,,,,,,,,,Subject
711,,,,5987,5,1.3555682791384795,Category,,Feature,,,,,,,,,,,,,Subject
712,,,,5982,10,2.674680236791455,Category,,Feature,,,,,,,,,,,,,Subject
713,,,,5977,15,3.9352933224845352,Category,,Feature,,,,,,,,,,,,,Subject
714,,,,5972,20,5.118922091483995,Category,,Feature,,,,,,,,,,,,,Subject
715,,,,5962,30,7.201294140873365,Category,,Feature,,,,,,,,,,,,,Subject
716,,,,5952,40,5.639112907276425,Category,,Feature,,,,,,,,,,,,,Subject
717,,,,5942,50,3.899252502801953,Category,,Feature,,,,,,,,,,,,,Subject
718,,,,5932,60,2.699251246665871,Category,,Feature,,,,,,,,,,,,,Subject
719,,,,5922,70,2.346353321556904,Category,,Feature,,,,,,,,,,,,,Subject
720,,,,5991,1,0.0797844834408395,Category,,,Feature,,,,,,,,,,,,Subject
721,,,,5987,5,0.38182624108404706,Category,,,Feature,,,,,,,,,,,,Subject
722,,,,5982,10,0.7174628518346836,Category,,,Feature,,,,,,,,,,,,Subject
723,,,,5977,15,1.0131138077371213,Category,,,Feature,,,,,,,,,,,,Subject
724,,,,5972,20,1.2818848492468315,Category,,,Feature,,,,,,,,,,,,Subject
725,,,,5962,30,1.7560929377595176,Category,,,Feature,,,,,,,,,,,,Subject
726,,,,5952,40,1.691242492652868,Category,,,Feature,,,,,,,,,,,,Subject
727,,,,5942,50,1.6723180214255917,Category,,,Feature,,,,,,,,,,,,Subject
728,,,,5932,60,1.6688769609404464,Category,,,Feature,,,,,,,,,,,,Subject
729,,,,5922,70,1.6705042569162158,Category,,,Feature,,,,,,,,,,,,Subject
730,,,,5991,1,0.43469001549592406,Category,,,,Feature,,,,,,,,,,,Subject
731,,,,5987,5,2.170027389187133,Category,,,,Feature,,,,,,,,,,,Subject
732,,,,5982,10,4.290414513839491,Category,,,,Feature,,,,,,,,,,,Subject
733,,,,5977,15,6.251256574415647,Category,,,,Feature,,,,,,,,,,,Subject
734,,,,5972,20,7.940022634022131,Category,,,,Feature,,,,,,,,,,,Subject
735,,,,5962,30,10.333894435578545,Category,,,,Feature,,,,,,,,,,,Subject
736,,,,5952,40,5.330500588260047,Category,,,,Feature,,,,,,,,,,,Subject
737,,,,5942,50,2.568629265879076,Category,,,,Feature,,,,,,,,,,,Subject
738,,,,5932,60,1.1686936794248584,Category,,,,Feature,,,,,,,,,,,Subject
739,,,,5922,70,0.8533749883865221,Category,,,,Feature,,,,,,,,,,,Subject
740,,,,5991,1,0.10946238541276397,Category,,,,,Feature,,,,,,,,,,Subject
741,,,,5987,5,0.5091957288162636,Category,,,,,Feature,,,,,,,,,,Subject
742,,,,5982,10,0.936443116536209,Category,,,,,Feature,,,,,,,,,,Subject
743,,,,5977,15,1.2976873058724236,Category,,,,,Feature,,,,,,,,,,Subject
744,,,,5972,20,1.6202683966859437,Category,,,,,Feature,,,,,,,,,,Subject
745,,,,5962,30,2.188982788042357,Category,,,,,Feature,,,,,,,,,,Subject
746,,,,5952,40,2.038613218713466,Category,,,,,Feature,,,,,,,,,,Subject
747,,,,5942,50,1.9269756786181522,Category,,,,,Feature,,,,,,,,,,Subject
748,,,,5932,60,1.8270081261485982,Category,,,,,Feature,,,,,,,,,,Subject
749,,,,5922,70,1.7862088937506255,Category,,,,,Feature,,,,,,,,,,Subject
750,,,,5991,1,0.020840997156419978,Category,,,,,,Feature,,,,,,,,,Subject
751,,,,5987,5,0.10420674814303849,Category,,,,,,Feature,,,,,,,,,Subject
752,,,,5982,10,0.20496145762837426,Category,,,,,,Feature,,,,,,,,,Subject
753,,,,5977,15,0.299167754087422,Category,,,,,,Feature,,,,,,,,,Subject
754,,,,5972,20,0.3905696172161305,Category,,,,,,Feature,,,,,,,,,Subject
755,,,,5962,30,0.5593210095410281,Category,,,,,,Feature,,,,,,,,,Subject
756,,,,5952,40,0.6163275084660581,Category,,,,,,Feature,,,,,,,,,Subject
757,,,,5942,50,0.6405575826847698,Category,,,,,,Feature,,,,,,,,,Subject
758,,,,5932,60,0.6596106259134059,Category,,,,,,Feature,,,,,,,,,Subject
759,,,,5922,70,0.6710845887489008,Category,,,,,,Feature,,,,,,,,,Subject
760,,,,5991,1,0.025244311407891434,Category,,,,,,,Feature,,,,,,,,Subject
761,,,,5987,5,0.12563965305975489,Category,,,,,,,Feature,,,,,,,,Subject
762,,,,5982,10,0.24594666799383536,Category,,,,,,,Feature,,,,,,,,Subject
763,,,,5977,15,0.363432103256374,Category,,,,,,,Feature,,,,,,,,Subject
764,,,,5972,20,0.475858099055728,Category,,,,,,,Feature,,,,,,,,Subject
765,,,,5962,30,0.6959378523864952,Category,,,,,,,Feature,,,,,,,,Subject
766,,,,5952,40,0.8021232300696924,Category,,,,,,,Feature,,,,,,,,Subject
767,,,,5942,50,0.853499768511832,Category,,,,,,,Feature,,,,,,,,Subject
768,,,,5932,60,0.878961059353693,Category,,,,,,,Feature,,,,,,,,Subject
769,,,,5922,70,0.8927604533877833,Category,,,,,,,Feature,,,,,,,,Subject
770,,,,5991,1,0.0062122946331703245,Category,,,,,,,,Feature,,,,,,,Subject
771,,,,5987,5,0.03107618498225787,Category,,,,,,,,Feature,,,,,,,Subject
772,,,,5982,10,0.06218917293001112,Category,,,,,,,,Feature,,,,,,,Subject
773,,,,5977,15,0.09333900272202163,Category,,,,,,,,Feature,,,,,,,Subject
774,,,,5972,20,0.12452571300203732,Category,,,,,,,,Feature,,,,,,,Subject
775,,,,5962,30,0.1870099283977021,Category,,,,,,,,Feature,,,,,,,Subject
776,,,,5952,40,0.23526242327870045,Category,,,,,,,,Feature,,,,,,,Subject
777,,,,5942,50,0.27167337765763216,Category,,,,,,,,Feature,,,,,,,Subject
778,,,,5932,60,0.30410344463387073,Category,,,,,,,,Feature,,,,,,,Subject
779,,,,5922,70,0.31659384855874245,Category,,,,,,,,Feature,,,,,,,Subject
780,,,,5991,1,0.014675763630059584,Category,,,,,,,,,Feature,,,,,,Subject
781,,,,5987,5,0.07251303899223044,Category,,,,,,,,,Feature,,,,,,Subject
782,,,,5982,10,0.14147432951549815,Category,,,,,,,,,Feature,,,,,,Subject
783,,,,5977,15,0.20658265497115508,Category,,,,,,,,,Feature,,,,,,Subject
784,,,,5972,20,0.26712837407782375,Category,,,,,,,,,Feature,,,,,,Subject
785,,,,5962,30,0.3883748501991748,Category,,,,,,,,,Feature,,,,,,Subject
786,,,,5952,40,0.4649948636050634,Category,,,,,,,,,Feature,,,,,,Subject
787,,,,5942,50,0.5236128705495555,Category,,,,,,,,,Feature,,,,,,Subject
788,,,,5932,60,0.5592643278444158,Category,,,,,,,,,Feature,,,,,,Subject
789,,,,5922,70,0.5725180624402895,Category,,,,,,,,,Feature,,,,,,Subject
790,,,,5991,1,0.025244311407891434,Category,,,,,,,,,,Feature,,,,,Subject
791,,,,5987,5,0.12330058559262952,Category,,,,,,,,,,Feature,,,,,Subject
792,,,,5982,10,0.2433766033134186,Category,,,,,,,,,,Feature,,,,,Subject
793,,,,5977,15,0.35825756993724345,Category,,,,,,,,,,Feature,,,,,Subject
794,,,,5972,20,0.46662056055280743,Category,,,,,,,,,,Feature,,,,,Subject
795,,,,5962,30,0.6784847289311762,Category,,,,,,,,,,Feature,,,,,Subject
796,,,,5952,40,0.7795114242613888,Category,,,,,,,,,,Feature,,,,,Subject
797,,,,5942,50,0.830735151570811,Category,,,,,,,,,,Feature,,,,,Subject
798,,,,5932,60,0.8574766573216138,Category,,,,,,,,,,Feature,,,,,Subject
799,,,,5922,70,0.8716161404960167,Category,,,,,,,,,,Feature,,,,,Subject
800,,,,5991,1,0.2598926744406192,Category,,,,,,,,,,,Feature,,,,Subject
801,,,,5987,5,1.2956907259785808,Category,,,,,,,,,,,Feature,,,,Subject
802,,,,5982,10,2.567792471645511,Category,,,,,,,,,,,Feature,,,,Subject
803,,,,5977,15,3.78423004224535,Category,,,,,,,,,,,Feature,,,,Subject
804,,,,5972,20,4.930817752183022,Category,,,,,,,,,,,Feature,,,,Subject
805,,,,5962,30,6.95188878561325,Category,,,,,,,,,,,Feature,,,,Subject
806,,,,5952,40,5.499414667923806,Category,,,,,,,,,,,Feature,,,,Subject
807,,,,5942,50,3.9079335467991925,Category,,,,,,,,,,,Feature,,,,Subject
808,,,,5932,60,2.8238973024842826,Category,,,,,,,,,,,Feature,,,,Subject
809,,,,5922,70,2.501040301641856,Category,,,,,,,,,,,Feature,,,,Subject
810,,,,5991,1,0.24409541098224039,,Feature,,,,,,,,,,,Category,,,Subject
811,,,,5987,5,1.2175792482795422,,Feature,,,,,,,,,,,Category,,,Subject
812,,,,5982,10,2.413346347241682,,Feature,,,,,,,,,,,Category,,,Subject
813,,,,5977,15,3.56519914503432,,Feature,,,,,,,,,,,Category,,,Subject
814,,,,5972,20,4.6426028092676805,,Feature,,,,,,,,,,,Category,,,Subject
815,,,,5962,30,6.550225306830247,,Feature,,,,,,,,,,,Category,,,Subject
816,,,,5952,40,5.504829769931267,,Feature,,,,,,,,,,,Category,,,Subject
817,,,,5942,50,4.139457055702987,,Feature,,,,,,,,,,,Category,,,Subject
818,,,,5932,60,3.0348225991279962,,Feature,,,,,,,,,,,Category,,,Subject
819,,,,5922,70,2.6626831220846268,,Feature,,,,,,,,,,,Category,,,Subject
820,,,,5991,1,0.37189376454910844,,,Feature,,,,,,,,,,Category,,,Subject
821,,,,5987,5,1.8569545716168467,,,Feature,,,,,,,,,,Category,,,Subject
822,,,,5982,10,3.672872541578662,,,Feature,,,,,,,,,,Category,,,Subject
823,,,,5977,15,5.385970714495094,,,Feature,,,,,,,,,,Category,,,Subject
824,,,,5972,20,6.913027776699992,,,Feature,,,,,,,,,,Category,,,Subject
825,,,,5962,30,9.27402903460391,,,Feature,,,,,,,,,,Category,,,Subject
826,,,,5952,40,5.763191214181081,,,Feature,,,,,,,,,,Category,,,Subject
827,,,,5942,50,3.2576864302151147,,,Feature,,,,,,,,,,Category,,,Subject
828,,,,5932,60,1.8711759899209066,,,Feature,,,,,,,,,,Category,,,Subject
829,,,,5922,70,1.4712316524570817,,,Feature,,,,,,,,,,Category,,,Subject
830,,,,5991,1,0.7641039341419635,,,,Feature,,,,,,,,,Category,,,Subject
831,,,,5987,5,3.8119029765529526,,,,Feature,,,,,,,,,Category,,,Subject
832,,,,5982,10,7.506566492938814,,,,Feature,,,,,,,,,Category,,,Subject
833,,,,5977,15,10.354387236586373,,,,Feature,,,,,,,,,Category,,,Subject
834,,,,5972,20,11.81466862841515,,,,Feature,,,,,,,,,Category,,,Subject
835,,,,5962,30,12.494371287628262,,,,Feature,,,,,,,,,Category,,,Subject
836,,,,5952,40,1.795805983083242,,,,Feature,,,,,,,,,Category,,,Subject
837,,,,5942,50,0.2655865538407009,,,,Feature,,,,,,,,,Category,,,Subject
838,,,,5932,60,0.03533843309845511,,,,Feature,,,,,,,,,Category,,,Subject
839,,,,5922,70,0.021236272017417485,,,,Feature,,,,,,,,,Category,,,Subject
840,,,,5991,1,0.17673063992695315,,,,,Feature,,,,,,,,Category,,,Subject
841,,,,5987,5,0.8827732594081213,,,,,Feature,,,,,,,,Category,,,Subject
842,,,,5982,10,1.7526017367683315,,,,,Feature,,,,,,,,Category,,,Subject
843,,,,5977,15,2.603930594189014,,,,,Feature,,,,,,,,Category,,,Subject
844,,,,5972,20,3.425718384670108,,,,,Feature,,,,,,,,Category,,,Subject
845,,,,5962,30,4.944789330221001,,,,,Feature,,,,,,,,Category,,,Subject
846,,,,5952,40,4.632766408766444,,,,,Feature,,,,,,,,Category,,,Subject
847,,,,5942,50,3.790800662647904,,,,,Feature,,,,,,,,Category,,,Subject
848,,,,5932,60,3.0563414515459995,,,,,Feature,,,,,,,,Category,,,Subject
849,,,,5922,70,2.7890975628122487,,,,,Feature,,,,,,,,Category,,,Subject
850,,,,5991,1,0.9508423974261508,,,,,,Feature,,,,,,,Category,,,Subject
851,,,,5987,5,4.731103708685699,,,,,,Feature,,,,,,,Category,,,Subject
852,,,,5982,10,9.311007697294894,,,,,,Feature,,,,,,,Category,,,Subject
853,,,,5977,15,11.978768162709358,,,,,,Feature,,,,,,,Category,,,Subject
854,,,,5972,20,12.467429185325733,,,,,,Feature,,,,,,,Category,,,Subject
855,,,,5962,30,12.540909744189785,,,,,,Feature,,,,,,,Category,,,Subject
856,,,,5952,40,0.5672736594399082,,,,,,Feature,,,,,,,Category,,,Subject
857,,,,5942,50,0.02587664237544983,,,,,,Feature,,,,,,,Category,,,Subject
858,,,,5932,60,0.0,,,,,,Feature,,,,,,,Category,,,Subject
859,,,,5922,70,0.0,,,,,,Feature,,,,,,,Category,,,Subject
860,,,,5991,1,0.28954389667319214,,,,,,,Feature,,,,,,Category,,,Subject
861,,,,5987,5,1.4453103626367227,,,,,,,Feature,,,,,,Category,,,Subject
862,,,,5982,10,2.8612433439463834,,,,,,,Feature,,,,,,Category,,,Subject
863,,,,5977,15,4.230851598528243,,,,,,,Feature,,,,,,Category,,,Subject
864,,,,5972,20,5.514790104035864,,,,,,,Feature,,,,,,Category,,,Subject
865,,,,5962,30,7.726494750469674,,,,,,,Feature,,,,,,Category,,,Subject
866,,,,5952,40,5.668291656501883,,,,,,,Feature,,,,,,Category,,,Subject
867,,,,5942,50,3.6182369137033805,,,,,,,Feature,,,,,,Category,,,Subject
868,,,,5932,60,2.326507513602883,,,,,,,Feature,,,,,,Category,,,Subject
869,,,,5922,70,1.9830140182075788,,,,,,,Feature,,,,,,Category,,,Subject
870,,,,5991,1,0.31711481134425357,,,,,,,,Feature,,,,,Category,,,Subject
871,,,,5987,5,1.5817452952580917,,,,,,,,Feature,,,,,Category,,,Subject
872,,,,5982,10,3.133013414744024,,,,,,,,Feature,,,,,Category,,,Subject
873,,,,5977,15,4.616456235554029,,,,,,,,Feature,,,,,Category,,,Subject
874,,,,5972,20,5.968817334546768,,,,,,,,Feature,,,,,Category,,,Subject
875,,,,5962,30,8.23329837245441,,,,,,,,Feature,,,,,Category,,,Subject
876,,,,5952,40,5.984190913789664,,,,,,,,Feature,,,,,Category,,,Subject
877,,,,5942,50,3.8801881227222874,,,,,,,,Feature,,,,,Category,,,Subject
878,,,,5932,60,2.4307712849556444,,,,,,,,Feature,,,,,Category,,,Subject
879,,,,5922,70,1.976900177833665,,,,,,,,Feature,,,,,Category,,,Subject
880,,,,5991,1,0.2759892761879728,,,,,,,,,Feature,,,,Category,,,Subject
881,,,,5987,5,1.377330673035683,,,,,,,,,Feature,,,,Category,,,Subject
882,,,,5982,10,2.717051163087174,,,,,,,,,Feature,,,,Category,,,Subject
883,,,,5977,15,3.9962253013231117,,,,,,,,,Feature,,,,Category,,,Subject
884,,,,5972,20,5.198016171284485,,,,,,,,,Feature,,,,Category,,,Subject
885,,,,5962,30,7.311709858258308,,,,,,,,,Feature,,,,Category,,,Subject
886,,,,5952,40,5.684940953006282,,,,,,,,,Feature,,,,Category,,,Subject
887,,,,5942,50,3.8674598422432838,,,,,,,,,Feature,,,,Category,,,Subject
888,,,,5932,60,2.631097856497129,,,,,,,,,Feature,,,,Category,,,Subject
889,,,,5922,70,2.270209025992707,,,,,,,,,Feature,,,,Category,,,Subject
890,,,,5991,1,0.2591502660007366,,,,,,,,,,Feature,,,Category,,,Subject
891,,,,5987,5,1.29292092649352,,,,,,,,,,Feature,,,Category,,,Subject
892,,,,5982,10,2.5651747842308525,,,,,,,,,,Feature,,,Category,,,Subject
893,,,,5977,15,3.788045699864265,,,,,,,,,,Feature,,,Category,,,Subject
894,,,,5972,20,4.944050718427446,,,,,,,,,,Feature,,,Category,,,Subject
895,,,,5962,30,6.97759891913543,,,,,,,,,,Feature,,,Category,,,Subject
896,,,,5952,40,5.498880034145182,,,,,,,,,,Feature,,,Category,,,Subject
897,,,,5942,50,3.8743348843040106,,,,,,,,,,Feature,,,Category,,,Subject
898,,,,5932,60,2.780858125441187,,,,,,,,,,Feature,,,Category,,,Subject
899,,,,5922,70,2.471727320892314,,,,,,,,,,Feature,,,Category,,,Subject
900,,,,5991,1,0.43636395021226576,,,,,,,,,,,Feature,,Category,,,Subject
901,,,,5987,5,2.178400517990092,,,,,,,,,,,Feature,,Category,,,Subject
902,,,,5982,10,4.30992012845138,,,,,,,,,,,Feature,,Category,,,Subject
903,,,,5977,15,6.2839754671745744,,,,,,,,,,,Feature,,Category,,,Subject
904,,,,5972,20,7.97013008569548,,,,,,,,,,,Feature,,Category,,,Subject
905,,,,5962,30,10.361147504965281,,,,,,,,,,,Feature,,Category,,,Subject
906,,,,5952,40,5.347637533114675,,,,,,,,,,,Feature,,Category,,,Subject
907,,,,5942,50,2.5369769102089705,,,,,,,,,,,Feature,,Category,,,Subject
908,,,,5932,60,1.112427431199602,,,,,,,,,,,Feature,,Category,,,Subject
909,,,,5922,70,0.7926596567504725,,,,,,,,,,,Feature,,Category,,,Subject
910,,,,5991,1,0.990932186891917,,,,,,,,,,,,Feature,Category,,,Subject
911,,,,5987,5,4.905092800926132,,,,,,,,,,,,Feature,Category,,,Subject
912,,,,5982,10,9.663104401397527,,,,,,,,,,,,Feature,Category,,,Subject
913,,,,5977,15,12.19346741352687,,,,,,,,,,,,Feature,Category,,,Subject
914,,,,5972,20,12.508585867505753,,,,,,,,,,,,Feature,Category,,,Subject
915,,,,5962,30,12.541245202089817,,,,,,,,,,,,Feature,Category,,,Subject
916,,,,5952,40,0.4268550758283759,,,,,,,,,,,,Feature,Category,,,Subject
917,,,,5942,50,0.023524424887439353,,,,,,,,,,,,Feature,Category,,,Subject
918,,,,5932,60,0.0,,,,,,,,,,,,Feature,Category,,,Subject
919,,,,5922,70,0.0,,,,,,,,,,,,Feature,Category,,,Subject
