,NARRATOR,Other,Unknown,n,k,be,Response,Anger,Anticipation,Arousal,Disgust,Dominance,Fear,Joy,Sadness,Surprise,Trust,Valence,Stimulus,READER,caliph,vathek
0,Subject,Category,Feature,5842,1,0.2618227413250234,,,,,,,,,,,,,,,,
1,Subject,Category,Feature,5838,5,1.1907003814213173,,,,,,,,,,,,,,,,
2,Subject,Category,Feature,5833,10,2.2307702997354055,,,,,,,,,,,,,,,,
3,Subject,Category,Feature,5828,15,3.1130297177709565,,,,,,,,,,,,,,,,
4,Subject,Category,Feature,5823,20,3.926670960320671,,,,,,,,,,,,,,,,
5,Subject,Category,Feature,5813,30,5.32373654207119,,,,,,,,,,,,,,,,
6,Subject,Category,Feature,5803,40,4.483696146772747,,,,,,,,,,,,,,,,
7,Subject,Category,Feature,5793,50,3.7979000106796588,,,,,,,,,,,,,,,,
8,Subject,Category,Feature,5783,60,3.2460735651770225,,,,,,,,,,,,,,,,
9,Subject,Category,Feature,5773,70,3.049294446147968,,,,,,,,,,,,,,,,
10,Subject,,,5842,1,0.01819886703603076,Category,Feature,,,,,,,,,,,,,,
11,Subject,,,5838,5,0.09100573562731222,Category,Feature,,,,,,,,,,,,,,
12,Subject,,,5833,10,0.1780302037978122,Category,Feature,,,,,,,,,,,,,,
13,Subject,,,5828,15,0.2610117445389816,Category,Feature,,,,,,,,,,,,,,
14,Subject,,,5823,20,0.343485813075599,Category,Feature,,,,,,,,,,,,,,
15,Subject,,,5813,30,0.5067395949687811,Category,Feature,,,,,,,,,,,,,,
16,Subject,,,5803,40,0.5941889505306579,Category,Feature,,,,,,,,,,,,,,
17,Subject,,,5793,50,0.6514004700510001,Category,Feature,,,,,,,,,,,,,,
18,Subject,,,5783,60,0.6839769501369442,Category,Feature,,,,,,,,,,,,,,
19,Subject,,,5773,70,0.6989963453620482,Category,Feature,,,,,,,,,,,,,,
20,Subject,,,5842,1,0.045139993887779686,Category,,Feature,,,,,,,,,,,,,
21,Subject,,,5838,5,0.21072367081081886,Category,,Feature,,,,,,,,,,,,,
22,Subject,,,5833,10,0.3972555380451077,Category,,Feature,,,,,,,,,,,,,
23,Subject,,,5828,15,0.5653139705409419,Category,,Feature,,,,,,,,,,,,,
24,Subject,,,5823,20,0.7050012207041092,Category,,Feature,,,,,,,,,,,,,
25,Subject,,,5813,30,0.9602779757299883,Category,,Feature,,,,,,,,,,,,,
26,Subject,,,5803,40,0.9779445830503586,Category,,Feature,,,,,,,,,,,,,
27,Subject,,,5793,50,0.9858992425071542,Category,,Feature,,,,,,,,,,,,,
28,Subject,,,5783,60,1.0222383322823887,Category,,Feature,,,,,,,,,,,,,
29,Subject,,,5773,70,1.0412835555656943,Category,,Feature,,,,,,,,,,,,,
30,Subject,,,5842,1,0.11274287041152388,Category,,,Feature,,,,,,,,,,,,
31,Subject,,,5838,5,0.5246445343070096,Category,,,Feature,,,,,,,,,,,,
32,Subject,,,5833,10,0.9713219422675002,Category,,,Feature,,,,,,,,,,,,
33,Subject,,,5828,15,1.3428525157323032,Category,,,Feature,,,,,,,,,,,,
34,Subject,,,5823,20,1.671411330890459,Category,,,Feature,,,,,,,,,,,,
35,Subject,,,5813,30,2.2621932123447084,Category,,,Feature,,,,,,,,,,,,
36,Subject,,,5803,40,2.1142923064809107,Category,,,Feature,,,,,,,,,,,,
37,Subject,,,5793,50,2.1051438406213756,Category,,,Feature,,,,,,,,,,,,
38,Subject,,,5783,60,2.142049581874859,Category,,,Feature,,,,,,,,,,,,
39,Subject,,,5773,70,2.162042310576632,Category,,,Feature,,,,,,,,,,,,
40,Subject,,,5842,1,0.013356222968764698,Category,,,,Feature,,,,,,,,,,,
41,Subject,,,5838,5,0.06680015180200517,Category,,,,Feature,,,,,,,,,,,
42,Subject,,,5833,10,0.13170970456520734,Category,,,,Feature,,,,,,,,,,,
43,Subject,,,5828,15,0.18955941954889463,Category,,,,Feature,,,,,,,,,,,
44,Subject,,,5823,20,0.2461512859977942,Category,,,,Feature,,,,,,,,,,,
45,Subject,,,5813,30,0.35812823328912813,Category,,,,Feature,,,,,,,,,,,
46,Subject,,,5803,40,0.4239793870441139,Category,,,,Feature,,,,,,,,,,,
47,Subject,,,5793,50,0.47480285552800827,Category,,,,Feature,,,,,,,,,,,
48,Subject,,,5783,60,0.5214262801721815,Category,,,,Feature,,,,,,,,,,,
49,Subject,,,5773,70,0.539399771941015,Category,,,,Feature,,,,,,,,,,,
50,Subject,,,5842,1,0.16771001223310206,Category,,,,,Feature,,,,,,,,,,
51,Subject,,,5838,5,0.735420356728108,Category,,,,,Feature,,,,,,,,,,
52,Subject,,,5833,10,1.3279780945160944,Category,,,,,Feature,,,,,,,,,,
53,Subject,,,5828,15,1.8063704014746482,Category,,,,,Feature,,,,,,,,,,
54,Subject,,,5823,20,2.222670267137995,Category,,,,,Feature,,,,,,,,,,
55,Subject,,,5813,30,2.949970012323736,Category,,,,,Feature,,,,,,,,,,
56,Subject,,,5803,40,2.5932453571978487,Category,,,,,Feature,,,,,,,,,,
57,Subject,,,5793,50,2.4753658075364613,Category,,,,,Feature,,,,,,,,,,
58,Subject,,,5783,60,2.4092258953980745,Category,,,,,Feature,,,,,,,,,,
59,Subject,,,5773,70,2.3858467345856678,Category,,,,,Feature,,,,,,,,,,
60,Subject,,,5842,1,0.039832224315562596,Category,,,,,,Feature,,,,,,,,,
61,Subject,,,5838,5,0.19740890837873654,Category,,,,,,Feature,,,,,,,,,
62,Subject,,,5833,10,0.38160495193476235,Category,,,,,,Feature,,,,,,,,,
63,Subject,,,5828,15,0.5482796068758873,Category,,,,,,Feature,,,,,,,,,
64,Subject,,,5823,20,0.7046998965534824,Category,,,,,,Feature,,,,,,,,,
65,Subject,,,5813,30,0.9900605303733984,Category,,,,,,Feature,,,,,,,,,
66,Subject,,,5803,40,1.0369631935365347,Category,,,,,,Feature,,,,,,,,,
67,Subject,,,5793,50,1.0619723620651995,Category,,,,,,Feature,,,,,,,,,
68,Subject,,,5783,60,1.1095767806735612,Category,,,,,,Feature,,,,,,,,,
69,Subject,,,5773,70,1.1329424090793525,Category,,,,,,Feature,,,,,,,,,
70,Subject,,,5842,1,0.04250450356262774,Category,,,,,,,Feature,,,,,,,,
71,Subject,,,5838,5,0.20108918795631195,Category,,,,,,,Feature,,,,,,,,
72,Subject,,,5833,10,0.3902914959184966,Category,,,,,,,Feature,,,,,,,,
73,Subject,,,5828,15,0.5677922519072401,Category,,,,,,,Feature,,,,,,,,
74,Subject,,,5823,20,0.7307830471643586,Category,,,,,,,Feature,,,,,,,,
75,Subject,,,5813,30,1.0303544844413397,Category,,,,,,,Feature,,,,,,,,
76,Subject,,,5803,40,1.1130670966252139,Category,,,,,,,Feature,,,,,,,,
77,Subject,,,5793,50,1.1674047671095191,Category,,,,,,,Feature,,,,,,,,
78,Subject,,,5783,60,1.2262074682865132,Category,,,,,,,Feature,,,,,,,,
79,Subject,,,5773,70,1.24823465063328,Category,,,,,,,Feature,,,,,,,,
80,Subject,,,5842,1,0.035748268371684384,Category,,,,,,,,Feature,,,,,,,
81,Subject,,,5838,5,0.17863871985653915,Category,,,,,,,,Feature,,,,,,,
82,Subject,,,5833,10,0.3508039055546154,Category,,,,,,,,Feature,,,,,,,
83,Subject,,,5828,15,0.5107246925349138,Category,,,,,,,,Feature,,,,,,,
84,Subject,,,5823,20,0.6672181577801692,Category,,,,,,,,Feature,,,,,,,
85,Subject,,,5813,30,0.9652747934178718,Category,,,,,,,,Feature,,,,,,,
86,Subject,,,5803,40,1.0731153019913056,Category,,,,,,,,Feature,,,,,,,
87,Subject,,,5793,50,1.1392905081985227,Category,,,,,,,,Feature,,,,,,,
88,Subject,,,5783,60,1.1949201035584416,Category,,,,,,,,Feature,,,,,,,
89,Subject,,,5773,70,1.2154458948031204,Category,,,,,,,,Feature,,,,,,,
90,Subject,,,5842,1,0.027259059937417326,Category,,,,,,,,,Feature,,,,,,
91,Subject,,,5838,5,0.1346355231027884,Category,,,,,,,,,Feature,,,,,,
92,Subject,,,5833,10,0.26633816299718965,Category,,,,,,,,,Feature,,,,,,
93,Subject,,,5828,15,0.3955163994160993,Category,,,,,,,,,Feature,,,,,,
94,Subject,,,5823,20,0.5179570914155867,Category,,,,,,,,,Feature,,,,,,
95,Subject,,,5813,30,0.7453271773660409,Category,,,,,,,,,Feature,,,,,,
96,Subject,,,5803,40,0.8160642163956833,Category,,,,,,,,,Feature,,,,,,
97,Subject,,,5793,50,0.8385924090819166,Category,,,,,,,,,Feature,,,,,,
98,Subject,,,5783,60,0.8773839724768495,Category,,,,,,,,,Feature,,,,,,
99,Subject,,,5773,70,0.9018202962966995,Category,,,,,,,,,Feature,,,,,,
100,Subject,,,5842,1,0.0553600943091474,Category,,,,,,,,,,Feature,,,,,
101,Subject,,,5838,5,0.25821021881145007,Category,,,,,,,,,,Feature,,,,,
102,Subject,,,5833,10,0.49274909428787617,Category,,,,,,,,,,Feature,,,,,
103,Subject,,,5828,15,0.6969206281711262,Category,,,,,,,,,,Feature,,,,,
104,Subject,,,5823,20,0.8761273850421579,Category,,,,,,,,,,Feature,,,,,
105,Subject,,,5813,30,1.2021077936283768,Category,,,,,,,,,,Feature,,,,,
106,Subject,,,5803,40,1.2324865859340817,Category,,,,,,,,,,Feature,,,,,
107,Subject,,,5793,50,1.2843642479054578,Category,,,,,,,,,,Feature,,,,,
108,Subject,,,5783,60,1.3375147803651437,Category,,,,,,,,,,Feature,,,,,
109,Subject,,,5773,70,1.36378435278926,Category,,,,,,,,,,Feature,,,,,
110,Subject,,,5842,1,0.16771001223310206,Category,,,,,,,,,,,Feature,,,,
111,Subject,,,5838,5,0.734634646702024,Category,,,,,,,,,,,Feature,,,,
112,Subject,,,5833,10,1.3316631817480375,Category,,,,,,,,,,,Feature,,,,
113,Subject,,,5828,15,1.8154506619480049,Category,,,,,,,,,,,Feature,,,,
114,Subject,,,5823,20,2.2454261872321744,Category,,,,,,,,,,,Feature,,,,
115,Subject,,,5813,30,2.98410958163021,Category,,,,,,,,,,,Feature,,,,
116,Subject,,,5803,40,2.628734051523954,Category,,,,,,,,,,,Feature,,,,
117,Subject,,,5793,50,2.5172923169133155,Category,,,,,,,,,,,Feature,,,,
118,Subject,,,5783,60,2.4699151024653556,Category,,,,,,,,,,,Feature,,,,
119,Subject,,,5773,70,2.454686641108834,Category,,,,,,,,,,,Feature,,,,
120,Subject,,,5842,1,0.24097212173999227,,Feature,,,,,,,,,,,Category,,,
121,Subject,,,5838,5,1.19919459075351,,Feature,,,,,,,,,,,Category,,,
122,Subject,,,5833,10,2.3663522233005456,,Feature,,,,,,,,,,,Category,,,
123,Subject,,,5828,15,3.4937183432651384,,Feature,,,,,,,,,,,Category,,,
124,Subject,,,5823,20,4.547541846792545,,Feature,,,,,,,,,,,Category,,,
125,Subject,,,5813,30,6.387716254856271,,Feature,,,,,,,,,,,Category,,,
126,Subject,,,5803,40,5.392202860015433,,Feature,,,,,,,,,,,Category,,,
127,Subject,,,5793,50,4.201841272867603,,Feature,,,,,,,,,,,Category,,,
128,Subject,,,5783,60,3.2090328378461135,,Feature,,,,,,,,,,,Category,,,
129,Subject,,,5773,70,2.8505851847966683,,Feature,,,,,,,,,,,Category,,,
130,Subject,,,5842,1,0.33920977469621877,,,Feature,,,,,,,,,,Category,,,
131,Subject,,,5838,5,1.6941449909593405,,,Feature,,,,,,,,,,Category,,,
132,Subject,,,5833,10,3.3608306909042036,,,Feature,,,,,,,,,,Category,,,
133,Subject,,,5828,15,4.948874940661055,,,Feature,,,,,,,,,,Category,,,
134,Subject,,,5823,20,6.3882884166953575,,,Feature,,,,,,,,,,Category,,,
135,Subject,,,5813,30,8.688770107167926,,,Feature,,,,,,,,,,Category,,,
136,Subject,,,5803,40,5.588844609805982,,,Feature,,,,,,,,,,Category,,,
137,Subject,,,5793,50,3.295385315805954,,,Feature,,,,,,,,,,Category,,,
138,Subject,,,5783,60,2.04099759333063,,,Feature,,,,,,,,,,Category,,,
139,Subject,,,5773,70,1.6638510509790345,,,Feature,,,,,,,,,,Category,,,
140,Subject,,,5842,1,0.7346151185742138,,,,Feature,,,,,,,,,Category,,,
141,Subject,,,5838,5,3.6533359201086224,,,,Feature,,,,,,,,,Category,,,
142,Subject,,,5833,10,7.170261446821145,,,,Feature,,,,,,,,,Category,,,
143,Subject,,,5828,15,9.910450737943636,,,,Feature,,,,,,,,,Category,,,
144,Subject,,,5823,20,11.41687842366641,,,,Feature,,,,,,,,,Category,,,
145,Subject,,,5813,30,12.338719363882355,,,,Feature,,,,,,,,,Category,,,
146,Subject,,,5803,40,2.5588422847269805,,,,Feature,,,,,,,,,Category,,,
147,Subject,,,5793,50,0.5953239554657351,,,,Feature,,,,,,,,,Category,,,
148,Subject,,,5783,60,0.17762544947722989,,,,Feature,,,,,,,,,Category,,,
149,Subject,,,5773,70,0.13754500603001124,,,,Feature,,,,,,,,,Category,,,
150,Subject,,,5842,1,0.17042186183336486,,,,,Feature,,,,,,,,Category,,,
151,Subject,,,5838,5,0.8506514157774145,,,,,Feature,,,,,,,,Category,,,
152,Subject,,,5833,10,1.6913365509900156,,,,,Feature,,,,,,,,Category,,,
153,Subject,,,5828,15,2.517579172947155,,,,,Feature,,,,,,,,Category,,,
154,Subject,,,5823,20,3.318270763149763,,,,,Feature,,,,,,,,Category,,,
155,Subject,,,5813,30,4.810346680389441,,,,,Feature,,,,,,,,Category,,,
156,Subject,,,5803,40,4.5621772209170715,,,,,Feature,,,,,,,,Category,,,
157,Subject,,,5793,50,3.8639233797283308,,,,,Feature,,,,,,,,Category,,,
158,Subject,,,5783,60,3.1923493357321884,,,,,Feature,,,,,,,,Category,,,
159,Subject,,,5773,70,2.9687195446189816,,,,,Feature,,,,,,,,Category,,,
160,Subject,,,5842,1,0.8435837096145995,,,,,,Feature,,,,,,,Category,,,
161,Subject,,,5838,5,4.185810412994091,,,,,,Feature,,,,,,,Category,,,
162,Subject,,,5833,10,8.21254957879638,,,,,,Feature,,,,,,,Category,,,
163,Subject,,,5828,15,10.98638983293624,,,,,,Feature,,,,,,,Category,,,
164,Subject,,,5823,20,11.990545841434024,,,,,,Feature,,,,,,,Category,,,
165,Subject,,,5813,30,12.42623758615878,,,,,,Feature,,,,,,,Category,,,
166,Subject,,,5803,40,1.6827773771586707,,,,,,Feature,,,,,,,Category,,,
167,Subject,,,5793,50,0.40373550412050924,,,,,,Feature,,,,,,,Category,,,
168,Subject,,,5783,60,0.11806575024446675,,,,,,Feature,,,,,,,Category,,,
169,Subject,,,5773,70,0.0699967010211908,,,,,,Feature,,,,,,,Category,,,
170,Subject,,,5842,1,0.307752750335745,,,,,,,Feature,,,,,,Category,,,
171,Subject,,,5838,5,1.535009000689526,,,,,,,Feature,,,,,,Category,,,
172,Subject,,,5833,10,3.036741548990594,,,,,,,Feature,,,,,,Category,,,
173,Subject,,,5828,15,4.460475111537446,,,,,,,Feature,,,,,,Category,,,
174,Subject,,,5823,20,5.768040984383388,,,,,,,Feature,,,,,,Category,,,
175,Subject,,,5813,30,7.8398400104240995,,,,,,,Feature,,,,,,Category,,,
176,Subject,,,5803,40,5.5254496109923545,,,,,,,Feature,,,,,,Category,,,
177,Subject,,,5793,50,3.8184274481098504,,,,,,,Feature,,,,,,Category,,,
178,Subject,,,5783,60,2.7700956607838876,,,,,,,Feature,,,,,,Category,,,
179,Subject,,,5773,70,2.442172451458162,,,,,,,Feature,,,,,,Category,,,
180,Subject,,,5842,1,0.3028205824569328,,,,,,,,Feature,,,,,Category,,,
181,Subject,,,5838,5,1.5087242646632013,,,,,,,,Feature,,,,,Category,,,
182,Subject,,,5833,10,2.990076317516706,,,,,,,,Feature,,,,,Category,,,
183,Subject,,,5828,15,4.408264766560787,,,,,,,,Feature,,,,,Category,,,
184,Subject,,,5823,20,5.724863504106338,,,,,,,,Feature,,,,,Category,,,
185,Subject,,,5813,30,7.9196670465416386,,,,,,,,Feature,,,,,Category,,,
186,Subject,,,5803,40,5.775916812249928,,,,,,,,Feature,,,,,Category,,,
187,Subject,,,5793,50,3.7266723714144994,,,,,,,,Feature,,,,,Category,,,
188,Subject,,,5783,60,2.449502524069983,,,,,,,,Feature,,,,,Category,,,
189,Subject,,,5773,70,2.0221138127427225,,,,,,,,Feature,,,,,Category,,,
190,Subject,,,5842,1,0.2834081869309836,,,,,,,,,Feature,,,,Category,,,
191,Subject,,,5838,5,1.4116231754566158,,,,,,,,,Feature,,,,Category,,,
192,Subject,,,5833,10,2.7991640940451297,,,,,,,,,Feature,,,,Category,,,
193,Subject,,,5828,15,4.125023013795829,,,,,,,,,Feature,,,,Category,,,
194,Subject,,,5823,20,5.348869867298063,,,,,,,,,Feature,,,,Category,,,
195,Subject,,,5813,30,7.462818732470054,,,,,,,,,Feature,,,,Category,,,
196,Subject,,,5803,40,5.680298903637436,,,,,,,,,Feature,,,,Category,,,
197,Subject,,,5793,50,3.9850174147384663,,,,,,,,,Feature,,,,Category,,,
198,Subject,,,5783,60,2.761077442831967,,,,,,,,,Feature,,,,Category,,,
199,Subject,,,5773,70,2.3684216260577675,,,,,,,,,Feature,,,,Category,,,
200,Subject,,,5842,1,0.2456724321065503,,,,,,,,,,Feature,,,Category,,,
201,Subject,,,5838,5,1.2253507788321463,,,,,,,,,,Feature,,,Category,,,
202,Subject,,,5833,10,2.4277807637063367,,,,,,,,,,Feature,,,Category,,,
203,Subject,,,5828,15,3.5968448481055035,,,,,,,,,,Feature,,,Category,,,
204,Subject,,,5823,20,4.711202043055213,,,,,,,,,,Feature,,,Category,,,
205,Subject,,,5813,30,6.70754268871302,,,,,,,,,,Feature,,,Category,,,
206,Subject,,,5803,40,5.50849483830111,,,,,,,,,,Feature,,,Category,,,
207,Subject,,,5793,50,4.10120303682984,,,,,,,,,,Feature,,,Category,,,
208,Subject,,,5783,60,3.082286354396035,,,,,,,,,,Feature,,,Category,,,
209,Subject,,,5773,70,2.747674039185061,,,,,,,,,,Feature,,,Category,,,
210,Subject,,,5842,1,0.3582498044620099,,,,,,,,,,,Feature,,Category,,,
211,Subject,,,5838,5,1.7894463014992215,,,,,,,,,,,Feature,,Category,,,
212,Subject,,,5833,10,3.544879729229198,,,,,,,,,,,Feature,,Category,,,
213,Subject,,,5828,15,5.206790937694377,,,,,,,,,,,Feature,,Category,,,
214,Subject,,,5823,20,6.705042225440211,,,,,,,,,,,Feature,,Category,,,
215,Subject,,,5813,30,9.109111406129873,,,,,,,,,,,Feature,,Category,,,
216,Subject,,,5803,40,5.8422727299796735,,,,,,,,,,,Feature,,Category,,,
217,Subject,,,5793,50,3.3662430860900994,,,,,,,,,,,Feature,,Category,,,
218,Subject,,,5783,60,1.902062249313877,,,,,,,,,,,Feature,,Category,,,
219,Subject,,,5773,70,1.4714133062979977,,,,,,,,,,,Feature,,Category,,,
220,Subject,,,5842,1,0.8767242004553344,,,,,,,,,,,,Feature,Category,,,
221,Subject,,,5838,5,4.330690048233877,,,,,,,,,,,,Feature,Category,,,
222,Subject,,,5833,10,8.502093204383533,,,,,,,,,,,,Feature,Category,,,
223,Subject,,,5828,15,11.21356213902925,,,,,,,,,,,,Feature,Category,,,
224,Subject,,,5823,20,12.082457796302876,,,,,,,,,,,,Feature,Category,,,
225,Subject,,,5813,30,12.462766877118238,,,,,,,,,,,,Feature,Category,,,
226,Subject,,,5803,40,1.5275859266412704,,,,,,,,,,,,Feature,Category,,,
227,Subject,,,5793,50,0.3029173416190382,,,,,,,,,,,,Feature,Category,,,
228,Subject,,,5783,60,0.09397915415689226,,,,,,,,,,,,Feature,Category,,,
229,Subject,,,5773,70,0.0699967010211908,,,,,,,,,,,,Feature,Category,,,
230,,Category,Feature,5842,1,0.24097212173999227,,,,,,,,,,,,,,Subject,,
231,,Category,Feature,5838,5,1.19919459075351,,,,,,,,,,,,,,Subject,,
232,,Category,Feature,5833,10,2.3663522233005456,,,,,,,,,,,,,,Subject,,
233,,Category,Feature,5828,15,3.4937183432651384,,,,,,,,,,,,,,Subject,,
234,,Category,Feature,5823,20,4.547541846792545,,,,,,,,,,,,,,Subject,,
235,,Category,Feature,5813,30,6.387716254856271,,,,,,,,,,,,,,Subject,,
236,,Category,Feature,5803,40,5.392202860015433,,,,,,,,,,,,,,Subject,,
237,,Category,Feature,5793,50,4.201841272867603,,,,,,,,,,,,,,Subject,,
238,,Category,Feature,5783,60,3.2090328378461135,,,,,,,,,,,,,,Subject,,
239,,Category,Feature,5773,70,2.8505851847966683,,,,,,,,,,,,,,Subject,,
240,,,,5842,1,0.11274287041152388,Category,Feature,,,,,,,,,,,,Subject,,
241,,,,5838,5,0.5246445343070096,Category,Feature,,,,,,,,,,,,Subject,,
242,,,,5833,10,0.9713219422675002,Category,Feature,,,,,,,,,,,,Subject,,
243,,,,5828,15,1.3428525157323032,Category,Feature,,,,,,,,,,,,Subject,,
244,,,,5823,20,1.671411330890459,Category,Feature,,,,,,,,,,,,Subject,,
245,,,,5813,30,2.2621932123447084,Category,Feature,,,,,,,,,,,,Subject,,
246,,,,5803,40,2.1142923064809107,Category,Feature,,,,,,,,,,,,Subject,,
247,,,,5793,50,2.1051438406213756,Category,Feature,,,,,,,,,,,,Subject,,
248,,,,5783,60,2.142049581874859,Category,Feature,,,,,,,,,,,,Subject,,
249,,,,5773,70,2.162042310576632,Category,Feature,,,,,,,,,,,,Subject,,
250,,,,5842,1,0.7346151185742138,Category,,Feature,,,,,,,,,,,Subject,,
251,,,,5838,5,3.6533359201086224,Category,,Feature,,,,,,,,,,,Subject,,
252,,,,5833,10,7.170261446821145,Category,,Feature,,,,,,,,,,,Subject,,
253,,,,5828,15,9.910450737943636,Category,,Feature,,,,,,,,,,,Subject,,
254,,,,5823,20,11.41687842366641,Category,,Feature,,,,,,,,,,,Subject,,
255,,,,5813,30,12.338719363882355,Category,,Feature,,,,,,,,,,,Subject,,
256,,,,5803,40,2.5588422847269805,Category,,Feature,,,,,,,,,,,Subject,,
257,,,,5793,50,0.5953239554657351,Category,,Feature,,,,,,,,,,,Subject,,
258,,,,5783,60,0.17762544947722989,Category,,Feature,,,,,,,,,,,Subject,,
259,,,,5773,70,0.13754500603001124,Category,,Feature,,,,,,,,,,,Subject,,
260,,,,5842,1,0.17042186183336486,Category,,,Feature,,,,,,,,,,Subject,,
261,,,,5838,5,0.8506514157774145,Category,,,Feature,,,,,,,,,,Subject,,
262,,,,5833,10,1.6913365509900156,Category,,,Feature,,,,,,,,,,Subject,,
263,,,,5828,15,2.517579172947155,Category,,,Feature,,,,,,,,,,Subject,,
264,,,,5823,20,3.318270763149763,Category,,,Feature,,,,,,,,,,Subject,,
265,,,,5813,30,4.810346680389441,Category,,,Feature,,,,,,,,,,Subject,,
266,,,,5803,40,4.5621772209170715,Category,,,Feature,,,,,,,,,,Subject,,
267,,,,5793,50,3.8639233797283308,Category,,,Feature,,,,,,,,,,Subject,,
268,,,,5783,60,3.1923493357321884,Category,,,Feature,,,,,,,,,,Subject,,
269,,,,5773,70,2.9687195446189816,Category,,,Feature,,,,,,,,,,Subject,,
270,,,,5842,1,0.008185174711712241,Category,,,,Feature,,,,,,,,,Subject,,
271,,,,5838,5,0.04094374612892373,Category,,,,Feature,,,,,,,,,Subject,,
272,,,,5833,10,0.08193217478345884,Category,,,,Feature,,,,,,,,,Subject,,
273,,,,5828,15,0.12296528711237387,Category,,,,Feature,,,,,,,,,Subject,,
274,,,,5823,20,0.16404308327425515,Category,,,,Feature,,,,,,,,,Subject,,
275,,,,5813,30,0.24633272267644213,Category,,,,Feature,,,,,,,,,Subject,,
276,,,,5803,40,0.30913584889838336,Category,,,,Feature,,,,,,,,,Subject,,
277,,,,5793,50,0.35571834193210883,Category,,,,Feature,,,,,,,,,Subject,,
278,,,,5783,60,0.39682851360667737,Category,,,,Feature,,,,,,,,,Subject,,
279,,,,5773,70,0.4125938449299065,Category,,,,Feature,,,,,,,,,Subject,,
280,,,,5842,1,0.05031039887353694,Category,,,,,Feature,,,,,,,,Subject,,
281,,,,5838,5,0.2127487407200365,Category,,,,,Feature,,,,,,,,Subject,,
282,,,,5833,10,0.39279141911271703,Category,,,,,Feature,,,,,,,,Subject,,
283,,,,5828,15,0.5647470618006943,Category,,,,,Feature,,,,,,,,Subject,,
284,,,,5823,20,0.7267433631391323,Category,,,,,Feature,,,,,,,,Subject,,
285,,,,5813,30,1.0412721201107518,Category,,,,,Feature,,,,,,,,Subject,,
286,,,,5803,40,1.1645867518370188,Category,,,,,Feature,,,,,,,,Subject,,
287,,,,5793,50,1.218388992201051,Category,,,,,Feature,,,,,,,,Subject,,
288,,,,5783,60,1.271298249272669,Category,,,,,Feature,,,,,,,,Subject,,
289,,,,5773,70,1.2849209389721088,Category,,,,,Feature,,,,,,,,Subject,,
290,,,,5842,1,0.013356222968764698,Category,,,,,,Feature,,,,,,,Subject,,
291,,,,5838,5,0.06279635758885876,Category,,,,,,Feature,,,,,,,Subject,,
292,,,,5833,10,0.12459408734327897,Category,,,,,,Feature,,,,,,,Subject,,
293,,,,5828,15,0.18644637671950967,Category,,,,,,Feature,,,,,,,Subject,,
294,,,,5823,20,0.24835304637785224,Category,,,,,,Feature,,,,,,,Subject,,
295,,,,5813,30,0.3723287863063502,Category,,,,,,Feature,,,,,,,Subject,,
296,,,,5803,40,0.46040261856669906,Category,,,,,,Feature,,,,,,,Subject,,
297,,,,5793,50,0.5237816536897739,Category,,,,,,Feature,,,,,,,Subject,,
298,,,,5783,60,0.5789523627675518,Category,,,,,,Feature,,,,,,,Subject,,
299,,,,5773,70,0.5999686295995903,Category,,,,,,Feature,,,,,,,Subject,,
300,,,,5842,1,0.3582498044620099,Category,,,,,,,Feature,,,,,,Subject,,
301,,,,5838,5,1.7894463014992215,Category,,,,,,,Feature,,,,,,Subject,,
302,,,,5833,10,3.544879729229198,Category,,,,,,,Feature,,,,,,Subject,,
303,,,,5828,15,5.206790937694377,Category,,,,,,,Feature,,,,,,Subject,,
304,,,,5823,20,6.705042225440211,Category,,,,,,,Feature,,,,,,Subject,,
305,,,,5813,30,9.109111406129873,Category,,,,,,,Feature,,,,,,Subject,,
306,,,,5803,40,5.8422727299796735,Category,,,,,,,Feature,,,,,,Subject,,
307,,,,5793,50,3.3662430860900994,Category,,,,,,,Feature,,,,,,Subject,,
308,,,,5783,60,1.902062249313877,Category,,,,,,,Feature,,,,,,Subject,,
309,,,,5773,70,1.4714133062979977,Category,,,,,,,Feature,,,,,,Subject,,
310,,,,5842,1,0.015000278566945247,Category,,,,,,,,Feature,,,,,Subject,,
311,,,,5838,5,0.07131715801844313,Category,,,,,,,,Feature,,,,,Subject,,
312,,,,5833,10,0.1417170954922159,Category,,,,,,,,Feature,,,,,Subject,,
313,,,,5828,15,0.21217015066809708,Category,,,,,,,,Feature,,,,,Subject,,
314,,,,5823,20,0.28267598034093966,Category,,,,,,,,Feature,,,,,Subject,,
315,,,,5813,30,0.4238445503997266,Category,,,,,,,,Feature,,,,,Subject,,
316,,,,5803,40,0.5238153973176949,Category,,,,,,,,Feature,,,,,Subject,,
317,,,,5793,50,0.5846676811242847,Category,,,,,,,,Feature,,,,,Subject,,
318,,,,5783,60,0.6289797335958218,Category,,,,,,,,Feature,,,,,Subject,,
319,,,,5773,70,0.6454142231695453,Category,,,,,,,,Feature,,,,,Subject,,
320,,,,5842,1,0.006352075671618753,Category,,,,,,,,,Feature,,,,Subject,,
321,,,,5838,5,0.0317757863190246,Category,,,,,,,,,Feature,,,,Subject,,
322,,,,5833,10,0.06359011755339265,Category,,,,,,,,,Feature,,,,Subject,,
323,,,,5828,15,0.0954430352111552,Category,,,,,,,,,Feature,,,,Subject,,
324,,,,5823,20,0.12733458053876545,Category,,,,,,,,,Feature,,,,Subject,,
325,,,,5813,30,0.19123371784918294,Category,,,,,,,,,Feature,,,,Subject,,
326,,,,5803,40,0.2405389353494623,Category,,,,,,,,,Feature,,,,Subject,,
327,,,,5793,50,0.2776999901663115,Category,,,,,,,,,Feature,,,,Subject,,
328,,,,5783,60,0.31077847176936707,Category,,,,,,,,,Feature,,,,Subject,,
329,,,,5773,70,0.3235218652568877,Category,,,,,,,,,Feature,,,,Subject,,
330,,,,5842,1,0.011676725168593544,Category,,,,,,,,,,Feature,,,Subject,,
331,,,,5838,5,0.05404245626435285,Category,,,,,,,,,,Feature,,,Subject,,
332,,,,5833,10,0.10072407528714047,Category,,,,,,,,,,Feature,,,Subject,,
333,,,,5828,15,0.14691444620513014,Category,,,,,,,,,,Feature,,,Subject,,
334,,,,5823,20,0.19315832970449998,Category,,,,,,,,,,Feature,,,Subject,,
335,,,,5813,30,0.2858067201734569,Category,,,,,,,,,,Feature,,,Subject,,
336,,,,5803,40,0.3456765114535144,Category,,,,,,,,,,Feature,,,Subject,,
337,,,,5793,50,0.39125289084814,Category,,,,,,,,,,Feature,,,Subject,,
338,,,,5783,60,0.43179764409800786,Category,,,,,,,,,,Feature,,,Subject,,
339,,,,5773,70,0.4474273058413238,Category,,,,,,,,,,Feature,,,Subject,,
340,,,,5842,1,0.052849450891556175,Category,,,,,,,,,,,Feature,,Subject,,
341,,,,5838,5,0.2143999193136232,Category,,,,,,,,,,,Feature,,Subject,,
342,,,,5833,10,0.39420511037666517,Category,,,,,,,,,,,Feature,,Subject,,
343,,,,5828,15,0.5662245136056376,Category,,,,,,,,,,,Feature,,Subject,,
344,,,,5823,20,0.7281490102544537,Category,,,,,,,,,,,Feature,,Subject,,
345,,,,5813,30,1.0425988545705338,Category,,,,,,,,,,,Feature,,Subject,,
346,,,,5803,40,1.1646712296925543,Category,,,,,,,,,,,Feature,,Subject,,
347,,,,5793,50,1.218388992201051,Category,,,,,,,,,,,Feature,,Subject,,
348,,,,5783,60,1.271298249272669,Category,,,,,,,,,,,Feature,,Subject,,
349,,,,5773,70,1.2849209389721088,Category,,,,,,,,,,,Feature,,Subject,,
350,,,,5842,1,0.24332720412062017,,Feature,,,,,,,,,,,Category,Subject,,
351,,,,5838,5,1.211421098625329,,Feature,,,,,,,,,,,Category,Subject,,
352,,,,5833,10,2.3908446303770585,,Feature,,,,,,,,,,,Category,Subject,,
353,,,,5828,15,3.527941817418537,,Feature,,,,,,,,,,,Category,Subject,,
354,,,,5823,20,4.58939244006851,,Feature,,,,,,,,,,,Category,Subject,,
355,,,,5813,30,6.456611620976974,,Feature,,,,,,,,,,,Category,Subject,,
356,,,,5803,40,5.477246008265323,,Feature,,,,,,,,,,,Category,Subject,,
357,,,,5793,50,4.276017856969711,,Feature,,,,,,,,,,,Category,Subject,,
358,,,,5783,60,3.2423024436100714,,Feature,,,,,,,,,,,Category,Subject,,
359,,,,5773,70,2.852731050102882,,Feature,,,,,,,,,,,Category,Subject,,
360,,,,5842,1,0.35435784311018487,,,Feature,,,,,,,,,,Category,Subject,,
361,,,,5838,5,1.769166690652142,,,Feature,,,,,,,,,,Category,Subject,,
362,,,,5833,10,3.5094169217886924,,,Feature,,,,,,,,,,Category,Subject,,
363,,,,5828,15,5.158804188901366,,,Feature,,,,,,,,,,Category,Subject,,
364,,,,5823,20,6.646936932097987,,,Feature,,,,,,,,,,Category,Subject,,
365,,,,5813,30,9.007375444823548,,,Feature,,,,,,,,,,Category,Subject,,
366,,,,5803,40,5.583379316881807,,,Feature,,,,,,,,,,Category,Subject,,
367,,,,5793,50,3.1397032051499925,,,Feature,,,,,,,,,,Category,Subject,,
368,,,,5783,60,1.901421924368451,,,Feature,,,,,,,,,,Category,Subject,,
369,,,,5773,70,1.5259015704519026,,,Feature,,,,,,,,,,Category,Subject,,
370,,,,5842,1,0.039832224315562596,,,,Feature,,,,,,,,,Category,Subject,,
371,,,,5838,5,0.19740890837873654,,,,Feature,,,,,,,,,Category,Subject,,
372,,,,5833,10,0.38160495193476235,,,,Feature,,,,,,,,,Category,Subject,,
373,,,,5828,15,0.5482796068758873,,,,Feature,,,,,,,,,Category,Subject,,
374,,,,5823,20,0.7046998965534824,,,,Feature,,,,,,,,,Category,Subject,,
375,,,,5813,30,0.9900605303733984,,,,Feature,,,,,,,,,Category,Subject,,
376,,,,5803,40,1.0369631935365347,,,,Feature,,,,,,,,,Category,Subject,,
377,,,,5793,50,1.0619723620651995,,,,Feature,,,,,,,,,Category,Subject,,
378,,,,5783,60,1.1095767806735612,,,,Feature,,,,,,,,,Category,Subject,,
379,,,,5773,70,1.1329424090793525,,,,Feature,,,,,,,,,Category,Subject,,
380,,,,5842,1,0.17132237256425964,,,,,Feature,,,,,,,,Category,Subject,,
381,,,,5838,5,0.8551547359790184,,,,,Feature,,,,,,,,Category,Subject,,
382,,,,5833,10,1.7014021892577318,,,,,Feature,,,,,,,,Category,Subject,,
383,,,,5828,15,2.5349379980165887,,,,,Feature,,,,,,,,Category,Subject,,
384,,,,5823,20,3.343706297631907,,,,,Feature,,,,,,,,Category,Subject,,
385,,,,5813,30,4.8542497893567065,,,,,Feature,,,,,,,,Category,Subject,,
386,,,,5803,40,4.627271094254995,,,,,Feature,,,,,,,,Category,Subject,,
387,,,,5793,50,3.938011166376663,,,,,Feature,,,,,,,,Category,Subject,,
388,,,,5783,60,3.2658444959731097,,,,,Feature,,,,,,,,Category,Subject,,
389,,,,5773,70,3.0270534398427675,,,,,Feature,,,,,,,,Category,Subject,,
390,,,,5842,1,0.864892095684232,,,,,,Feature,,,,,,,Category,Subject,,
391,,,,5838,5,4.291126140671765,,,,,,Feature,,,,,,,Category,Subject,,
392,,,,5833,10,8.410531745020357,,,,,,Feature,,,,,,,Category,Subject,,
393,,,,5828,15,11.179694371914737,,,,,,Feature,,,,,,,Category,Subject,,
394,,,,5823,20,12.108323737987,,,,,,Feature,,,,,,,Category,Subject,,
395,,,,5813,30,12.44819496788076,,,,,,Feature,,,,,,,Category,Subject,,
396,,,,5803,40,1.4955136570894727,,,,,,Feature,,,,,,,Category,Subject,,
397,,,,5793,50,0.3437340641422002,,,,,,Feature,,,,,,,Category,Subject,,
398,,,,5783,60,0.10120558936046209,,,,,,Feature,,,,,,,Category,Subject,,
399,,,,5773,70,0.06034415483079367,,,,,,Feature,,,,,,,Category,Subject,,
400,,,,5842,1,0.3181887667618957,,,,,,,Feature,,,,,,Category,Subject,,
401,,,,5838,5,1.588079724712999,,,,,,,Feature,,,,,,Category,Subject,,
402,,,,5833,10,3.1443334709967616,,,,,,,Feature,,,,,,Category,Subject,,
403,,,,5828,15,4.619459383431375,,,,,,,Feature,,,,,,Category,Subject,,
404,,,,5823,20,5.973843367677428,,,,,,,Feature,,,,,,Category,Subject,,
405,,,,5813,30,8.142772129808959,,,,,,,Feature,,,,,,Category,Subject,,
406,,,,5803,40,5.696064577943991,,,,,,,Feature,,,,,,Category,Subject,,
407,,,,5793,50,3.7953904708073947,,,,,,,Feature,,,,,,Category,Subject,,
408,,,,5783,60,2.611487404738593,,,,,,,Feature,,,,,,Category,Subject,,
409,,,,5773,70,2.252439257895566,,,,,,,Feature,,,,,,Category,Subject,,
410,,,,5842,1,0.3133408566862185,,,,,,,,Feature,,,,,Category,Subject,,
411,,,,5838,5,1.5607601398792055,,,,,,,,Feature,,,,,Category,Subject,,
412,,,,5833,10,3.095618606369055,,,,,,,,Feature,,,,,Category,Subject,,
413,,,,5828,15,4.562999665262576,,,,,,,,Feature,,,,,Category,Subject,,
414,,,,5823,20,5.917118116538464,,,,,,,,Feature,,,,,Category,Subject,,
415,,,,5813,30,8.142703166050646,,,,,,,,Feature,,,,,Category,Subject,,
416,,,,5803,40,5.787437125172501,,,,,,,,Feature,,,,,Category,Subject,,
417,,,,5793,50,3.6697228880215658,,,,,,,,Feature,,,,,Category,Subject,,
418,,,,5783,60,2.3885804804172825,,,,,,,,Feature,,,,,Category,Subject,,
419,,,,5773,70,1.9852522934005778,,,,,,,,Feature,,,,,Category,Subject,,
420,,,,5842,1,0.289949295144322,,,,,,,,,Feature,,,,Category,Subject,,
421,,,,5838,5,1.444949426313994,,,,,,,,,Feature,,,,Category,Subject,,
422,,,,5833,10,2.864809175328329,,,,,,,,,Feature,,,,Category,Subject,,
423,,,,5828,15,4.219228101338567,,,,,,,,,Feature,,,,Category,Subject,,
424,,,,5823,20,5.4716953460328845,,,,,,,,,Feature,,,,Category,Subject,,
425,,,,5813,30,7.6317088088913625,,,,,,,,,Feature,,,,Category,Subject,,
426,,,,5803,40,5.807795888600053,,,,,,,,,Feature,,,,Category,Subject,,
427,,,,5793,50,4.034115307210925,,,,,,,,,Feature,,,,Category,Subject,,
428,,,,5783,60,2.6796501278478324,,,,,,,,,Feature,,,,Category,Subject,,
429,,,,5773,70,2.232746955781562,,,,,,,,,Feature,,,,Category,Subject,,
430,,,,5842,1,0.2526501650888274,,,,,,,,,,Feature,,,Category,Subject,,
431,,,,5838,5,1.2601163868273701,,,,,,,,,,Feature,,,Category,Subject,,
432,,,,5833,10,2.497595948602677,,,,,,,,,,Feature,,,Category,Subject,,
433,,,,5828,15,3.7019759611431566,,,,,,,,,,Feature,,,Category,Subject,,
434,,,,5823,20,4.849909843230448,,,,,,,,,,Feature,,,Category,Subject,,
435,,,,5813,30,6.898686688651831,,,,,,,,,,Feature,,,Category,Subject,,
436,,,,5803,40,5.591727629854302,,,,,,,,,,Feature,,,Category,Subject,,
437,,,,5793,50,4.082227917709972,,,,,,,,,,Feature,,,Category,Subject,,
438,,,,5783,60,3.01124608162549,,,,,,,,,,Feature,,,Category,Subject,,
439,,,,5773,70,2.6538649393346248,,,,,,,,,,Feature,,,Category,Subject,,
440,,,,5842,1,0.37294926650328963,,,,,,,,,,,Feature,,Category,Subject,,
441,,,,5838,5,1.8620462054615896,,,,,,,,,,,Feature,,Category,Subject,,
442,,,,5833,10,3.692789992529069,,,,,,,,,,,Feature,,Category,Subject,,
443,,,,5828,15,5.420984791449352,,,,,,,,,,,Feature,,Category,Subject,,
444,,,,5823,20,6.949815682125343,,,,,,,,,,,Feature,,Category,Subject,,
445,,,,5813,30,9.32921550888655,,,,,,,,,,,Feature,,Category,Subject,,
446,,,,5803,40,5.804966602973431,,,,,,,,,,,Feature,,Category,Subject,,
447,,,,5793,50,3.2744457063881307,,,,,,,,,,,Feature,,Category,Subject,,
448,,,,5783,60,1.778596283818592,,,,,,,,,,,Feature,,Category,Subject,,
449,,,,5773,70,1.3610812274119204,,,,,,,,,,,Feature,,Category,Subject,,
450,,,,5842,1,0.8947439493130946,,,,,,,,,,,,Feature,Category,Subject,,
451,,,,5838,5,4.417965952448295,,,,,,,,,,,,Feature,Category,Subject,,
452,,,,5833,10,8.67089169150305,,,,,,,,,,,,Feature,Category,Subject,,
453,,,,5828,15,11.353887241812169,,,,,,,,,,,,Feature,Category,Subject,,
454,,,,5823,20,12.157147118327497,,,,,,,,,,,,Feature,Category,Subject,,
455,,,,5813,30,12.467947902415316,,,,,,,,,,,,Feature,Category,Subject,,
456,,,,5803,40,1.4028681048881726,,,,,,,,,,,,Feature,Category,Subject,,
457,,,,5793,50,0.29091000449960935,,,,,,,,,,,,Feature,Category,Subject,,
458,,,,5783,60,0.08434329921012355,,,,,,,,,,,,Feature,Category,Subject,,
459,,,,5773,70,0.06034415483079367,,,,,,,,,,,,Feature,Category,Subject,,
460,,Category,Feature,5842,1,0.3181887667618957,,,,,,,,,,,,,,,Subject,
461,,Category,Feature,5838,5,1.588079724712999,,,,,,,,,,,,,,,Subject,
462,,Category,Feature,5833,10,3.1443334709967616,,,,,,,,,,,,,,,Subject,
463,,Category,Feature,5828,15,4.619459383431375,,,,,,,,,,,,,,,Subject,
464,,Category,Feature,5823,20,5.973843367677428,,,,,,,,,,,,,,,Subject,
465,,Category,Feature,5813,30,8.142772129808959,,,,,,,,,,,,,,,Subject,
466,,Category,Feature,5803,40,5.696064577943991,,,,,,,,,,,,,,,Subject,
467,,Category,Feature,5793,50,3.7953904708073947,,,,,,,,,,,,,,,Subject,
468,,Category,Feature,5783,60,2.611487404738593,,,,,,,,,,,,,,,Subject,
469,,Category,Feature,5773,70,2.252439257895566,,,,,,,,,,,,,,,Subject,
470,,,,5842,1,0.04382668076247276,Category,Feature,,,,,,,,,,,,,Subject,
471,,,,5838,5,0.21184041465329015,Category,Feature,,,,,,,,,,,,,Subject,
472,,,,5833,10,0.40752374539672814,Category,Feature,,,,,,,,,,,,,Subject,
473,,,,5828,15,0.5873098925041279,Category,Feature,,,,,,,,,,,,,Subject,
474,,,,5823,20,0.7455861236219273,Category,Feature,,,,,,,,,,,,,Subject,
475,,,,5813,30,1.0408056130745156,Category,Feature,,,,,,,,,,,,,Subject,
476,,,,5803,40,1.1302751979589425,Category,Feature,,,,,,,,,,,,,Subject,
477,,,,5793,50,1.1727730005789099,Category,Feature,,,,,,,,,,,,,Subject,
478,,,,5783,60,1.2244518666092048,Category,Feature,,,,,,,,,,,,,Subject,
479,,,,5773,70,1.2427145647309463,Category,Feature,,,,,,,,,,,,,Subject,
480,,,,5842,1,0.289949295144322,Category,,Feature,,,,,,,,,,,,Subject,
481,,,,5838,5,1.444949426313994,Category,,Feature,,,,,,,,,,,,Subject,
482,,,,5833,10,2.864809175328329,Category,,Feature,,,,,,,,,,,,Subject,
483,,,,5828,15,4.219228101338567,Category,,Feature,,,,,,,,,,,,Subject,
484,,,,5823,20,5.4716953460328845,Category,,Feature,,,,,,,,,,,,Subject,
485,,,,5813,30,7.6317088088913625,Category,,Feature,,,,,,,,,,,,Subject,
486,,,,5803,40,5.807795888600053,Category,,Feature,,,,,,,,,,,,Subject,
487,,,,5793,50,4.034115307210925,Category,,Feature,,,,,,,,,,,,Subject,
488,,,,5783,60,2.6796501278478324,Category,,Feature,,,,,,,,,,,,Subject,
489,,,,5773,70,2.232746955781562,Category,,Feature,,,,,,,,,,,,Subject,
490,,,,5842,1,0.162238831451566,Category,,,Feature,,,,,,,,,,,Subject,
491,,,,5838,5,0.75200395543974,Category,,,Feature,,,,,,,,,,,Subject,
492,,,,5833,10,1.4131205707784664,Category,,,Feature,,,,,,,,,,,Subject,
493,,,,5828,15,1.9997129091719228,Category,,,Feature,,,,,,,,,,,Subject,
494,,,,5823,20,2.4917242828028425,Category,,,Feature,,,,,,,,,,,Subject,
495,,,,5813,30,3.3088078388878985,Category,,,Feature,,,,,,,,,,,Subject,
496,,,,5803,40,2.8980942478269043,Category,,,Feature,,,,,,,,,,,Subject,
497,,,,5793,50,2.693988508088759,Category,,,Feature,,,,,,,,,,,Subject,
498,,,,5783,60,2.5926349911291555,Category,,,Feature,,,,,,,,,,,Subject,
499,,,,5773,70,2.5604147486837974,Category,,,Feature,,,,,,,,,,,Subject,
500,,,,5842,1,0.013356222968764698,Category,,,,Feature,,,,,,,,,,Subject,
501,,,,5838,5,0.06279635758885876,Category,,,,Feature,,,,,,,,,,Subject,
502,,,,5833,10,0.12459408734327897,Category,,,,Feature,,,,,,,,,,Subject,
503,,,,5828,15,0.18644637671950967,Category,,,,Feature,,,,,,,,,,Subject,
504,,,,5823,20,0.24835304637785224,Category,,,,Feature,,,,,,,,,,Subject,
505,,,,5813,30,0.3723287863063502,Category,,,,Feature,,,,,,,,,,Subject,
506,,,,5803,40,0.46040261856669906,Category,,,,Feature,,,,,,,,,,Subject,
507,,,,5793,50,0.5237816536897739,Category,,,,Feature,,,,,,,,,,Subject,
508,,,,5783,60,0.5789523627675518,Category,,,,Feature,,,,,,,,,,Subject,
509,,,,5773,70,0.5999686295995903,Category,,,,Feature,,,,,,,,,,Subject,
510,,,,5842,1,0.2077286055327891,Category,,,,,Feature,,,,,,,,,Subject,
511,,,,5838,5,0.9353556741301228,Category,,,,,Feature,,,,,,,,,Subject,
512,,,,5833,10,1.7273945584696853,Category,,,,,Feature,,,,,,,,,Subject,
513,,,,5828,15,2.3915886608638015,Category,,,,,Feature,,,,,,,,,Subject,
514,,,,5823,20,2.926370309093813,Category,,,,,Feature,,,,,,,,,Subject,
515,,,,5813,30,3.790400235777865,Category,,,,,Feature,,,,,,,,,Subject,
516,,,,5803,40,3.120583392761089,Category,,,,,Feature,,,,,,,,,Subject,
517,,,,5793,50,2.8628189808760864,Category,,,,,Feature,,,,,,,,,Subject,
518,,,,5783,60,2.7284440934704564,Category,,,,,Feature,,,,,,,,,Subject,
519,,,,5773,70,2.6783540634024745,Category,,,,,Feature,,,,,,,,,Subject,
520,,,,5842,1,0.04250450356262774,Category,,,,,,Feature,,,,,,,,Subject,
521,,,,5838,5,0.2075997491867382,Category,,,,,,Feature,,,,,,,,Subject,
522,,,,5833,10,0.40013121318119116,Category,,,,,,Feature,,,,,,,,Subject,
523,,,,5828,15,0.58791067772826,Category,,,,,,Feature,,,,,,,,Subject,
524,,,,5823,20,0.7670733493803173,Category,,,,,,Feature,,,,,,,,Subject,
525,,,,5813,30,1.0964591979746674,Category,,,,,,Feature,,,,,,,,Subject,
526,,,,5803,40,1.2046329510964537,Category,,,,,,Feature,,,,,,,,Subject,
527,,,,5793,50,1.2543856438643997,Category,,,,,,Feature,,,,,,,,Subject,
528,,,,5783,60,1.3224901577508987,Category,,,,,,Feature,,,,,,,,Subject,
529,,,,5773,70,1.3492973085977638,Category,,,,,,Feature,,,,,,,,Subject,
530,,,,5842,1,0.04644474724712996,Category,,,,,,,Feature,,,,,,,Subject,
531,,,,5838,5,0.2305933685693924,Category,,,,,,,Feature,,,,,,,Subject,
532,,,,5833,10,0.4582597780280898,Category,,,,,,,Feature,,,,,,,Subject,
533,,,,5828,15,0.681461705938083,Category,,,,,,,Feature,,,,,,,Subject,
534,,,,5823,20,0.8976743552719104,Category,,,,,,,Feature,,,,,,,Subject,
535,,,,5813,30,1.3102406212067836,Category,,,,,,,Feature,,,,,,,Subject,
536,,,,5803,40,1.4551640810440225,Category,,,,,,,Feature,,,,,,,Subject,
537,,,,5793,50,1.486856071637781,Category,,,,,,,Feature,,,,,,,Subject,
538,,,,5783,60,1.4990616308633697,Category,,,,,,,Feature,,,,,,,Subject,
539,,,,5773,70,1.5005034418045418,Category,,,,,,,Feature,,,,,,,Subject,
540,,,,5842,1,0.039832224315562596,Category,,,,,,,,Feature,,,,,,Subject,
541,,,,5838,5,0.1926718006285589,Category,,,,,,,,Feature,,,,,,Subject,
542,,,,5833,10,0.3748025006540223,Category,,,,,,,,Feature,,,,,,Subject,
543,,,,5828,15,0.5518622550469134,Category,,,,,,,,Feature,,,,,,Subject,
544,,,,5823,20,0.7242255891416083,Category,,,,,,,,Feature,,,,,,Subject,
545,,,,5813,30,1.0477549681045317,Category,,,,,,,,Feature,,,,,,Subject,
546,,,,5803,40,1.2026357123864573,Category,,,,,,,,Feature,,,,,,Subject,
547,,,,5793,50,1.289054333006392,Category,,,,,,,,Feature,,,,,,Subject,
548,,,,5783,60,1.3650764544577463,Category,,,,,,,,Feature,,,,,,Subject,
549,,,,5773,70,1.394808635896341,Category,,,,,,,,Feature,,,,,,Subject,
550,,,,5842,1,0.03712022063964433,Category,,,,,,,,,Feature,,,,,Subject,
551,,,,5838,5,0.18477848852304604,Category,,,,,,,,,Feature,,,,,Subject,
552,,,,5833,10,0.3654995323320677,Category,,,,,,,,,Feature,,,,,Subject,
553,,,,5828,15,0.5395109161829963,Category,,,,,,,,,Feature,,,,,Subject,
554,,,,5823,20,0.7010381024060875,Category,,,,,,,,,Feature,,,,,Subject,
555,,,,5813,30,1.003340600471939,Category,,,,,,,,,Feature,,,,,Subject,
556,,,,5803,40,1.1075809910380356,Category,,,,,,,,,Feature,,,,,Subject,
557,,,,5793,50,1.171917024174371,Category,,,,,,,,,Feature,,,,,Subject,
558,,,,5783,60,1.2584017610523524,Category,,,,,,,,,Feature,,,,,Subject,
559,,,,5773,70,1.2909202736970355,Category,,,,,,,,,Feature,,,,,Subject,
560,,,,5842,1,0.06030210992750643,Category,,,,,,,,,,Feature,,,,Subject,
561,,,,5838,5,0.30055712744122015,Category,,,,,,,,,,Feature,,,,Subject,
562,,,,5833,10,0.5899873515839265,Category,,,,,,,,,,Feature,,,,Subject,
563,,,,5828,15,0.8695328264920222,Category,,,,,,,,,,Feature,,,,Subject,
564,,,,5823,20,1.1385021169703924,Category,,,,,,,,,,Feature,,,,Subject,
565,,,,5813,30,1.6350278912737892,Category,,,,,,,,,,Feature,,,,Subject,
566,,,,5803,40,1.7418159802874145,Category,,,,,,,,,,Feature,,,,Subject,
567,,,,5793,50,1.7799091010683006,Category,,,,,,,,,,Feature,,,,Subject,
568,,,,5783,60,1.8289888045607237,Category,,,,,,,,,,Feature,,,,Subject,
569,,,,5773,70,1.8538763491538135,Category,,,,,,,,,,Feature,,,,Subject,
570,,,,5842,1,0.22176134616404575,Category,,,,,,,,,,,Feature,,,Subject,
571,,,,5838,5,0.9721973800652585,Category,,,,,,,,,,,Feature,,,Subject,
572,,,,5833,10,1.7915479516270576,Category,,,,,,,,,,,Feature,,,Subject,
573,,,,5828,15,2.4585993918413607,Category,,,,,,,,,,,Feature,,,Subject,
574,,,,5823,20,3.0178600357970002,Category,,,,,,,,,,,Feature,,,Subject,
575,,,,5813,30,3.9389034018845637,Category,,,,,,,,,,,Feature,,,Subject,
576,,,,5803,40,3.271625446518856,Category,,,,,,,,,,,Feature,,,Subject,
577,,,,5793,50,3.000974785184197,Category,,,,,,,,,,,Feature,,,Subject,
578,,,,5783,60,2.830231486941952,Category,,,,,,,,,,,Feature,,,Subject,
579,,,,5773,70,2.7615414226829906,Category,,,,,,,,,,,Feature,,,Subject,
580,,,,5842,1,0.2290445056297415,,Feature,,,,,,,,,,,Category,,Subject,
581,,,,5838,5,1.1388819932087046,,Feature,,,,,,,,,,,Category,,Subject,
582,,,,5833,10,2.254253297724596,,Feature,,,,,,,,,,,Category,,Subject,
583,,,,5828,15,3.331776785822968,,Feature,,,,,,,,,,,Category,,Subject,
584,,,,5823,20,4.351918751848904,,Feature,,,,,,,,,,,Category,,Subject,
585,,,,5813,30,6.166484005313715,,Feature,,,,,,,,,,,Category,,Subject,
586,,,,5803,40,5.337368838692167,,Feature,,,,,,,,,,,Category,,Subject,
587,,,,5793,50,4.230985046389756,,Feature,,,,,,,,,,,Category,,Subject,
588,,,,5783,60,3.350262709267133,,Feature,,,,,,,,,,,Category,,Subject,
589,,,,5773,70,3.023865454223017,,Feature,,,,,,,,,,,Category,,Subject,
590,,,,5842,1,0.3365372556678663,,,Feature,,,,,,,,,,Category,,Subject,
591,,,,5838,5,1.6798211088651511,,,Feature,,,,,,,,,,Category,,Subject,
592,,,,5833,10,3.329080044236178,,,Feature,,,,,,,,,,Category,,Subject,
593,,,,5828,15,4.888120131599142,,,Feature,,,,,,,,,,Category,,Subject,
594,,,,5823,20,6.304534780033131,,,Feature,,,,,,,,,,Category,,Subject,
595,,,,5813,30,8.60590286067411,,,Feature,,,,,,,,,,Category,,Subject,
596,,,,5803,40,5.581113608655089,,,Feature,,,,,,,,,,Category,,Subject,
597,,,,5793,50,3.3045191473304003,,,Feature,,,,,,,,,,Category,,Subject,
598,,,,5783,60,2.085227672974674,,,Feature,,,,,,,,,,Category,,Subject,
599,,,,5773,70,1.7186116770585538,,,Feature,,,,,,,,,,Category,,Subject,
600,,,,5842,1,0.7197316461877457,,,,Feature,,,,,,,,,Category,,Subject,
601,,,,5838,5,3.5829840259952754,,,,Feature,,,,,,,,,Category,,Subject,
602,,,,5833,10,7.0338723973212005,,,,Feature,,,,,,,,,Category,,Subject,
603,,,,5828,15,9.755001076269272,,,,Feature,,,,,,,,,Category,,Subject,
604,,,,5823,20,11.287066536339246,,,,Feature,,,,,,,,,Category,,Subject,
605,,,,5813,30,12.291097730807977,,,,Feature,,,,,,,,,Category,,Subject,
606,,,,5803,40,2.6680943223082734,,,,Feature,,,,,,,,,Category,,Subject,
607,,,,5793,50,0.7032526167373084,,,,Feature,,,,,,,,,Category,,Subject,
608,,,,5783,60,0.24605044865081577,,,,Feature,,,,,,,,,Category,,Subject,
609,,,,5773,70,0.17612865872509684,,,,Feature,,,,,,,,,Category,,Subject,
610,,,,5842,1,0.2526501650888274,,,,,Feature,,,,,,,,Category,,Subject,
611,,,,5838,5,1.2601163868273701,,,,,Feature,,,,,,,,Category,,Subject,
612,,,,5833,10,2.497595948602677,,,,,Feature,,,,,,,,Category,,Subject,
613,,,,5828,15,3.7019759611431566,,,,,Feature,,,,,,,,Category,,Subject,
614,,,,5823,20,4.849909843230448,,,,,Feature,,,,,,,,Category,,Subject,
615,,,,5813,30,6.898686688651831,,,,,Feature,,,,,,,,Category,,Subject,
616,,,,5803,40,5.591727629854302,,,,,Feature,,,,,,,,Category,,Subject,
617,,,,5793,50,4.082227917709972,,,,,Feature,,,,,,,,Category,,Subject,
618,,,,5783,60,3.01124608162549,,,,,Feature,,,,,,,,Category,,Subject,
619,,,,5773,70,2.6538649393346248,,,,,Feature,,,,,,,,Category,,Subject,
620,,,,5842,1,0.8336610009440116,,,,,,Feature,,,,,,,Category,,Subject,
621,,,,5838,5,4.1308886206207465,,,,,,Feature,,,,,,,Category,,Subject,
622,,,,5833,10,8.10135762728028,,,,,,Feature,,,,,,,Category,,Subject,
623,,,,5828,15,10.84833500069598,,,,,,Feature,,,,,,,Category,,Subject,
624,,,,5823,20,11.907072618850405,,,,,,Feature,,,,,,,Category,,Subject,
625,,,,5813,30,12.387117955079544,,,,,,Feature,,,,,,,Category,,Subject,
626,,,,5803,40,1.80008011599003,,,,,,Feature,,,,,,,Category,,Subject,
627,,,,5793,50,0.540435121450552,,,,,,Feature,,,,,,,Category,,Subject,
628,,,,5783,60,0.17344839765621906,,,,,,Feature,,,,,,,Category,,Subject,
629,,,,5773,70,0.10377512762745371,,,,,,Feature,,,,,,,Category,,Subject,
630,,,,5842,1,0.307752750335745,,,,,,,Feature,,,,,,Category,,Subject,
631,,,,5838,5,1.5355194295379262,,,,,,,Feature,,,,,,Category,,Subject,
632,,,,5833,10,3.04438945629036,,,,,,,Feature,,,,,,Category,,Subject,
633,,,,5828,15,4.477229673668694,,,,,,,Feature,,,,,,Category,,Subject,
634,,,,5823,20,5.78881126950104,,,,,,,Feature,,,,,,Category,,Subject,
635,,,,5813,30,7.899468301461999,,,,,,,Feature,,,,,,Category,,Subject,
636,,,,5803,40,5.610167220085661,,,,,,,Feature,,,,,,Category,,Subject,
637,,,,5793,50,3.81731106267325,,,,,,,Feature,,,,,,Category,,Subject,
638,,,,5783,60,2.7242697126037534,,,,,,,Feature,,,,,,Category,,Subject,
639,,,,5773,70,2.3752874469017673,,,,,,,Feature,,,,,,Category,,Subject,
640,,,,5842,1,0.3049392916306341,,,,,,,,Feature,,,,,Category,,Subject,
641,,,,5838,5,1.5179611748705555,,,,,,,,Feature,,,,,Category,,Subject,
642,,,,5833,10,3.012173759166723,,,,,,,,Feature,,,,,Category,,Subject,
643,,,,5828,15,4.440195114938016,,,,,,,,Feature,,,,,Category,,Subject,
644,,,,5823,20,5.756302958002801,,,,,,,,Feature,,,,,Category,,Subject,
645,,,,5813,30,7.914603838831132,,,,,,,,Feature,,,,,Category,,Subject,
646,,,,5803,40,5.744058707817649,,,,,,,,Feature,,,,,Category,,Subject,
647,,,,5793,50,3.778046589905435,,,,,,,,Feature,,,,,Category,,Subject,
648,,,,5783,60,2.570831300494343,,,,,,,,Feature,,,,,Category,,Subject,
649,,,,5773,70,2.169854866430403,,,,,,,,Feature,,,,,Category,,Subject,
650,,,,5842,1,0.28047770334680056,,,,,,,,,Feature,,,,Category,,Subject,
651,,,,5838,5,1.3984514857565555,,,,,,,,,Feature,,,,Category,,Subject,
652,,,,5833,10,2.77253564846912,,,,,,,,,Feature,,,,Category,,Subject,
653,,,,5828,15,4.084200459853756,,,,,,,,,Feature,,,,Category,,Subject,
654,,,,5823,20,5.297871604070237,,,,,,,,,Feature,,,,Category,,Subject,
655,,,,5813,30,7.3999066891077705,,,,,,,,,Feature,,,,Category,,Subject,
656,,,,5803,40,5.660353118212141,,,,,,,,,Feature,,,,Category,,Subject,
657,,,,5793,50,3.9936257985134955,,,,,,,,,Feature,,,,Category,,Subject,
658,,,,5783,60,2.8016292916034633,,,,,,,,,Feature,,,,Category,,Subject,
659,,,,5773,70,2.4139844257389593,,,,,,,,,Feature,,,,Category,,Subject,
660,,,,5842,1,0.24175825160501244,,,,,,,,,,Feature,,,Category,,Subject,
661,,,,5838,5,1.2048258854132232,,,,,,,,,,Feature,,,Category,,Subject,
662,,,,5833,10,2.3848016076046883,,,,,,,,,,Feature,,,Category,,Subject,
663,,,,5828,15,3.5298854304086347,,,,,,,,,,Feature,,,Category,,Subject,
664,,,,5823,20,4.620928326710938,,,,,,,,,,Feature,,,Category,,Subject,
665,,,,5813,30,6.562181896391685,,,,,,,,,,Feature,,,Category,,Subject,
666,,,,5803,40,5.393009211286362,,,,,,,,,,Feature,,,Category,,Subject,
667,,,,5793,50,4.043207571390252,,,,,,,,,,Feature,,,Category,,Subject,
668,,,,5783,60,3.0552049779962305,,,,,,,,,,Feature,,,Category,,Subject,
669,,,,5773,70,2.7358895618024026,,,,,,,,,,Feature,,,Category,,Subject,
670,,,,5842,1,0.35760282189935355,,,,,,,,,,,Feature,,Category,,Subject,
671,,,,5838,5,1.784326487552538,,,,,,,,,,,Feature,,Category,,Subject,
672,,,,5833,10,3.5417198995586445,,,,,,,,,,,Feature,,Category,,Subject,
673,,,,5828,15,5.202950899335612,,,,,,,,,,,Feature,,Category,,Subject,
674,,,,5823,20,6.680137740187754,,,,,,,,,,,Feature,,Category,,Subject,
675,,,,5813,30,9.001868782955867,,,,,,,,,,,Feature,,Category,,Subject,
676,,,,5803,40,5.824900934071859,,,,,,,,,,,Feature,,Category,,Subject,
677,,,,5793,50,3.4144666326859423,,,,,,,,,,,Feature,,Category,,Subject,
678,,,,5783,60,1.9875869338032681,,,,,,,,,,,Feature,,Category,,Subject,
679,,,,5773,70,1.557099116321578,,,,,,,,,,,Feature,,Category,,Subject,
680,,,,5842,1,0.8639918229749615,,,,,,,,,,,,Feature,Category,,Subject,
681,,,,5838,5,4.263383896335612,,,,,,,,,,,,Feature,Category,,Subject,
682,,,,5833,10,8.365156297346912,,,,,,,,,,,,Feature,Category,,Subject,
683,,,,5828,15,11.053437744275424,,,,,,,,,,,,Feature,Category,,Subject,
684,,,,5823,20,11.998257689686831,,,,,,,,,,,,Feature,Category,,Subject,
685,,,,5813,30,12.416394273254912,,,,,,,,,,,,Feature,Category,,Subject,
686,,,,5803,40,1.6697227000757027,,,,,,,,,,,,Feature,Category,,Subject,
687,,,,5793,50,0.46131085486459783,,,,,,,,,,,,Feature,Category,,Subject,
688,,,,5783,60,0.13973996705059855,,,,,,,,,,,,Feature,Category,,Subject,
689,,,,5773,70,0.08688698154522725,,,,,,,,,,,,Feature,Category,,Subject,
690,,Category,Feature,5842,1,0.8336610009440116,,,,,,,,,,,,,,,,Subject
691,,Category,Feature,5838,5,4.1308886206207465,,,,,,,,,,,,,,,,Subject
692,,Category,Feature,5833,10,8.10135762728028,,,,,,,,,,,,,,,,Subject
693,,Category,Feature,5828,15,10.84833500069598,,,,,,,,,,,,,,,,Subject
694,,Category,Feature,5823,20,11.907072618850405,,,,,,,,,,,,,,,,Subject
695,,Category,Feature,5813,30,12.387117955079544,,,,,,,,,,,,,,,,Subject
696,,Category,Feature,5803,40,1.80008011599003,,,,,,,,,,,,,,,,Subject
697,,Category,Feature,5793,50,0.540435121450552,,,,,,,,,,,,,,,,Subject
698,,Category,Feature,5783,60,0.17344839765621906,,,,,,,,,,,,,,,,Subject
699,,Category,Feature,5773,70,0.10377512762745371,,,,,,,,,,,,,,,,Subject
700,,,,5842,1,0.2077286055327891,Category,Feature,,,,,,,,,,,,,,Subject
701,,,,5838,5,0.9353556741301228,Category,Feature,,,,,,,,,,,,,,Subject
702,,,,5833,10,1.7273945584696853,Category,Feature,,,,,,,,,,,,,,Subject
703,,,,5828,15,2.3915886608638015,Category,Feature,,,,,,,,,,,,,,Subject
704,,,,5823,20,2.926370309093813,Category,Feature,,,,,,,,,,,,,,Subject
705,,,,5813,30,3.790400235777865,Category,Feature,,,,,,,,,,,,,,Subject
706,,,,5803,40,3.120583392761089,Category,Feature,,,,,,,,,,,,,,Subject
707,,,,5793,50,2.8628189808760864,Category,Feature,,,,,,,,,,,,,,Subject
708,,,,5783,60,2.7284440934704564,Category,Feature,,,,,,,,,,,,,,Subject
709,,,,5773,70,2.6783540634024745,Category,Feature,,,,,,,,,,,,,,Subject
710,,,,5842,1,0.3049392916306341,Category,,Feature,,,,,,,,,,,,,Subject
711,,,,5838,5,1.5179611748705555,Category,,Feature,,,,,,,,,,,,,Subject
712,,,,5833,10,3.012173759166723,Category,,Feature,,,,,,,,,,,,,Subject
713,,,,5828,15,4.440195114938016,Category,,Feature,,,,,,,,,,,,,Subject
714,,,,5823,20,5.756302958002801,Category,,Feature,,,,,,,,,,,,,Subject
715,,,,5813,30,7.914603838831132,Category,,Feature,,,,,,,,,,,,,Subject
716,,,,5803,40,5.744058707817649,Category,,Feature,,,,,,,,,,,,,Subject
717,,,,5793,50,3.778046589905435,Category,,Feature,,,,,,,,,,,,,Subject
718,,,,5783,60,2.570831300494343,Category,,Feature,,,,,,,,,,,,,Subject
719,,,,5773,70,2.169854866430403,Category,,Feature,,,,,,,,,,,,,Subject
720,,,,5842,1,0.24175825160501244,Category,,,Feature,,,,,,,,,,,,Subject
721,,,,5838,5,1.2048258854132232,Category,,,Feature,,,,,,,,,,,,Subject
722,,,,5833,10,2.3848016076046883,Category,,,Feature,,,,,,,,,,,,Subject
723,,,,5828,15,3.5298854304086347,Category,,,Feature,,,,,,,,,,,,Subject
724,,,,5823,20,4.620928326710938,Category,,,Feature,,,,,,,,,,,,Subject
725,,,,5813,30,6.562181896391685,Category,,,Feature,,,,,,,,,,,,Subject
726,,,,5803,40,5.393009211286362,Category,,,Feature,,,,,,,,,,,,Subject
727,,,,5793,50,4.043207571390252,Category,,,Feature,,,,,,,,,,,,Subject
728,,,,5783,60,3.0552049779962305,Category,,,Feature,,,,,,,,,,,,Subject
729,,,,5773,70,2.7358895618024026,Category,,,Feature,,,,,,,,,,,,Subject
730,,,,5842,1,0.008185174711712241,Category,,,,Feature,,,,,,,,,,,Subject
731,,,,5838,5,0.04094374612892373,Category,,,,Feature,,,,,,,,,,,Subject
732,,,,5833,10,0.08193217478345884,Category,,,,Feature,,,,,,,,,,,Subject
733,,,,5828,15,0.12296528711237387,Category,,,,Feature,,,,,,,,,,,Subject
734,,,,5823,20,0.16404308327425515,Category,,,,Feature,,,,,,,,,,,Subject
735,,,,5813,30,0.24633272267644213,Category,,,,Feature,,,,,,,,,,,Subject
736,,,,5803,40,0.30913584889838336,Category,,,,Feature,,,,,,,,,,,Subject
737,,,,5793,50,0.35571834193210883,Category,,,,Feature,,,,,,,,,,,Subject
738,,,,5783,60,0.39682851360667737,Category,,,,Feature,,,,,,,,,,,Subject
739,,,,5773,70,0.4125938449299065,Category,,,,Feature,,,,,,,,,,,Subject
740,,,,5842,1,0.09799505428456962,Category,,,,,Feature,,,,,,,,,,Subject
741,,,,5838,5,0.4360573385824303,Category,,,,,Feature,,,,,,,,,,Subject
742,,,,5833,10,0.8168409503995598,Category,,,,,Feature,,,,,,,,,,Subject
743,,,,5828,15,1.1659886376263604,Category,,,,,Feature,,,,,,,,,,Subject
744,,,,5823,20,1.4960152762095043,Category,,,,,Feature,,,,,,,,,,Subject
745,,,,5813,30,2.126844064782287,Category,,,,,Feature,,,,,,,,,,Subject
746,,,,5803,40,2.233306237201377,Category,,,,,Feature,,,,,,,,,,Subject
747,,,,5793,50,2.279157994311148,Category,,,,,Feature,,,,,,,,,,Subject
748,,,,5783,60,2.273989184598928,Category,,,,,Feature,,,,,,,,,,Subject
749,,,,5773,70,2.2684922051101624,Category,,,,,Feature,,,,,,,,,,Subject
750,,,,5842,1,0.04250450356262774,Category,,,,,,Feature,,,,,,,,,Subject
751,,,,5838,5,0.2075997491867382,Category,,,,,,Feature,,,,,,,,,Subject
752,,,,5833,10,0.40013121318119116,Category,,,,,,Feature,,,,,,,,,Subject
753,,,,5828,15,0.58791067772826,Category,,,,,,Feature,,,,,,,,,Subject
754,,,,5823,20,0.7670733493803173,Category,,,,,,Feature,,,,,,,,,Subject
755,,,,5813,30,1.0964591979746674,Category,,,,,,Feature,,,,,,,,,Subject
756,,,,5803,40,1.2046329510964537,Category,,,,,,Feature,,,,,,,,,Subject
757,,,,5793,50,1.2543856438643997,Category,,,,,,Feature,,,,,,,,,Subject
758,,,,5783,60,1.3224901577508987,Category,,,,,,Feature,,,,,,,,,Subject
759,,,,5773,70,1.3492973085977638,Category,,,,,,Feature,,,,,,,,,Subject
760,,,,5842,1,0.028707877620310327,Category,,,,,,,Feature,,,,,,,,Subject
761,,,,5838,5,0.13600746318325596,Category,,,,,,,Feature,,,,,,,,Subject
762,,,,5833,10,0.26304884658029454,Category,,,,,,,Feature,,,,,,,,Subject
763,,,,5828,15,0.38922319303345876,Category,,,,,,,Feature,,,,,,,,Subject
764,,,,5823,20,0.5093239702813864,Category,,,,,,,Feature,,,,,,,,Subject
765,,,,5813,30,0.7472268259906603,Category,,,,,,,Feature,,,,,,,,Subject
766,,,,5803,40,0.8887726548473268,Category,,,,,,,Feature,,,,,,,,Subject
767,,,,5793,50,0.9860817999047921,Category,,,,,,,Feature,,,,,,,,Subject
768,,,,5783,60,1.071325058695525,Category,,,,,,,Feature,,,,,,,,Subject
769,,,,5773,70,1.1032732773005527,Category,,,,,,,Feature,,,,,,,,Subject
770,,,,5842,1,0.024313932555165417,Category,,,,,,,,Feature,,,,,,,Subject
771,,,,5838,5,0.11265596810788771,Category,,,,,,,,Feature,,,,,,,Subject
772,,,,5833,10,0.21845509204707392,Category,,,,,,,,Feature,,,,,,,Subject
773,,,,5828,15,0.32307122283917244,Category,,,,,,,,Feature,,,,,,,Subject
774,,,,5823,20,0.42766481581229493,Category,,,,,,,,Feature,,,,,,,Subject
775,,,,5813,30,0.620938699552312,Category,,,,,,,,Feature,,,,,,,Subject
776,,,,5803,40,0.7296308691934391,Category,,,,,,,,Feature,,,,,,,Subject
777,,,,5793,50,0.7967153181392425,Category,,,,,,,,Feature,,,,,,,Subject
778,,,,5783,60,0.8651847159372019,Category,,,,,,,,Feature,,,,,,,Subject
779,,,,5773,70,0.8918008058456692,Category,,,,,,,,Feature,,,,,,,Subject
780,,,,5842,1,0.022815412973576647,Category,,,,,,,,,Feature,,,,,,Subject
781,,,,5838,5,0.1100123128018247,Category,,,,,,,,,Feature,,,,,,Subject
782,,,,5833,10,0.21629259113448068,Category,,,,,,,,,Feature,,,,,,Subject
783,,,,5828,15,0.3184792472849771,Category,,,,,,,,,Feature,,,,,,Subject
784,,,,5823,20,0.4131810453626309,Category,,,,,,,,,Feature,,,,,,Subject
785,,,,5813,30,0.5971966261542508,Category,,,,,,,,,Feature,,,,,,Subject
786,,,,5803,40,0.7000339177204536,Category,,,,,,,,,Feature,,,,,,Subject
787,,,,5793,50,0.774069389529535,Category,,,,,,,,,Feature,,,,,,Subject
788,,,,5783,60,0.8443643887511609,Category,,,,,,,,,Feature,,,,,,Subject
789,,,,5773,70,0.8710389288945402,Category,,,,,,,,,Feature,,,,,,Subject
790,,,,5842,1,0.03436504470123036,Category,,,,,,,,,,Feature,,,,,Subject
791,,,,5838,5,0.16596440280816904,Category,,,,,,,,,,Feature,,,,,Subject
792,,,,5833,10,0.32889491221269157,Category,,,,,,,,,,Feature,,,,,Subject
793,,,,5828,15,0.4860049481486392,Category,,,,,,,,,,Feature,,,,,Subject
794,,,,5823,20,0.6384040813011655,Category,,,,,,,,,,Feature,,,,,Subject
795,,,,5813,30,0.9323463159712907,Category,,,,,,,,,,Feature,,,,,Subject
796,,,,5803,40,1.0789829408973821,Category,,,,,,,,,,Feature,,,,,Subject
797,,,,5793,50,1.165482173159792,Category,,,,,,,,,,Feature,,,,,Subject
798,,,,5783,60,1.2493824896932948,Category,,,,,,,,,,Feature,,,,,Subject
799,,,,5773,70,1.2827994288429274,Category,,,,,,,,,,Feature,,,,,Subject
800,,,,5842,1,0.10120722668374636,Category,,,,,,,,,,,Feature,,,,Subject
801,,,,5838,5,0.4487967917446193,Category,,,,,,,,,,,Feature,,,,Subject
802,,,,5833,10,0.838835493002133,Category,,,,,,,,,,,Feature,,,,Subject
803,,,,5828,15,1.2001152961837798,Category,,,,,,,,,,,Feature,,,,Subject
804,,,,5823,20,1.5395988217681422,Category,,,,,,,,,,,Feature,,,,Subject
805,,,,5813,30,2.189949733509827,Category,,,,,,,,,,,Feature,,,,Subject
806,,,,5803,40,2.299617739591272,Category,,,,,,,,,,,Feature,,,,Subject
807,,,,5793,50,2.3497505227756594,Category,,,,,,,,,,,Feature,,,,Subject
808,,,,5783,60,2.345684607279559,Category,,,,,,,,,,,Feature,,,,Subject
809,,,,5773,70,2.3404284306730925,Category,,,,,,,,,,,Feature,,,,Subject
810,,,,5842,1,0.24254327755802307,,Feature,,,,,,,,,,,Category,,,Subject
811,,,,5838,5,1.2078296234603931,,Feature,,,,,,,,,,,Category,,,Subject
812,,,,5833,10,2.384595923761111,,Feature,,,,,,,,,,,Category,,,Subject
813,,,,5828,15,3.5203367890339177,,Feature,,,,,,,,,,,Category,,,Subject
814,,,,5823,20,4.588032822960343,,Feature,,,,,,,,,,,Category,,,Subject
815,,,,5813,30,6.462771997155732,,Feature,,,,,,,,,,,Category,,,Subject
816,,,,5803,40,5.475349042901132,,Feature,,,,,,,,,,,Category,,,Subject
817,,,,5793,50,4.249243219134515,,Feature,,,,,,,,,,,Category,,,Subject
818,,,,5783,60,3.2109368321696157,,Feature,,,,,,,,,,,Category,,,Subject
819,,,,5773,70,2.8346482555064147,,Feature,,,,,,,,,,,Category,,,Subject
820,,,,5842,1,0.34913059314911166,,,Feature,,,,,,,,,,Category,,,Subject
821,,,,5838,5,1.743601130322359,,,Feature,,,,,,,,,,Category,,,Subject
822,,,,5833,10,3.4593486046403275,,,Feature,,,,,,,,,,Category,,,Subject
823,,,,5828,15,5.086332947557365,,,Feature,,,,,,,,,,Category,,,Subject
824,,,,5823,20,6.546815552326625,,,Feature,,,,,,,,,,Category,,,Subject
825,,,,5813,30,8.874381853266174,,,Feature,,,,,,,,,,Category,,,Subject
826,,,,5803,40,5.5313186351894075,,,Feature,,,,,,,,,,Category,,,Subject
827,,,,5793,50,3.1859799741132715,,,Feature,,,,,,,,,,Category,,,Subject
828,,,,5783,60,1.964620511576882,,,Feature,,,,,,,,,,Category,,,Subject
829,,,,5773,70,1.6081368140022818,,,Feature,,,,,,,,,,Category,,,Subject
830,,,,5842,1,0.7431741863166648,,,,Feature,,,,,,,,,Category,,,Subject
831,,,,5838,5,3.7000799702705787,,,,Feature,,,,,,,,,Category,,,Subject
832,,,,5833,10,7.262838107232409,,,,Feature,,,,,,,,,Category,,,Subject
833,,,,5828,15,10.028905767754827,,,,Feature,,,,,,,,,Category,,,Subject
834,,,,5823,20,11.505723908252428,,,,Feature,,,,,,,,,Category,,,Subject
835,,,,5813,30,12.36955127760324,,,,Feature,,,,,,,,,Category,,,Subject
836,,,,5803,40,2.389670686568499,,,,Feature,,,,,,,,,Category,,,Subject
837,,,,5793,50,0.5302991211126437,,,,Feature,,,,,,,,,Category,,,Subject
838,,,,5783,60,0.1569954282203368,,,,Feature,,,,,,,,,Category,,,Subject
839,,,,5773,70,0.11583678086950254,,,,Feature,,,,,,,,,Category,,,Subject
840,,,,5842,1,0.17222118250683704,,,,,Feature,,,,,,,,Category,,,Subject
841,,,,5838,5,0.8596476707851887,,,,,Feature,,,,,,,,Category,,,Subject
842,,,,5833,10,1.7102254148481069,,,,,Feature,,,,,,,,Category,,,Subject
843,,,,5828,15,2.5462718064567795,,,,,Feature,,,,,,,,Category,,,Subject
844,,,,5823,20,3.3567671578382163,,,,,Feature,,,,,,,,Category,,,Subject
845,,,,5813,30,4.863805931505928,,,,,Feature,,,,,,,,Category,,,Subject
846,,,,5803,40,4.5977081927938555,,,,,Feature,,,,,,,,Category,,,Subject
847,,,,5793,50,3.8997313399436084,,,,,Feature,,,,,,,,Category,,,Subject
848,,,,5783,60,3.213052587843807,,,,,Feature,,,,,,,,Category,,,Subject
849,,,,5773,70,2.9804090324609476,,,,,Feature,,,,,,,,Category,,,Subject
850,,,,5842,1,0.8578281772029872,,,,,,Feature,,,,,,,Category,,,Subject
851,,,,5838,5,4.255660929260488,,,,,,Feature,,,,,,,Category,,,Subject
852,,,,5833,10,8.34630688224193,,,,,,Feature,,,,,,,Category,,,Subject
853,,,,5828,15,11.105313789940444,,,,,,Feature,,,,,,,Category,,,Subject
854,,,,5823,20,12.056986381400215,,,,,,Feature,,,,,,,Category,,,Subject
855,,,,5813,30,12.439139998488237,,,,,,Feature,,,,,,,Category,,,Subject
856,,,,5803,40,1.5643565921213336,,,,,,Feature,,,,,,,Category,,,Subject
857,,,,5793,50,0.3749382587482756,,,,,,Feature,,,,,,,Category,,,Subject
858,,,,5783,60,0.10602299557009513,,,,,,Feature,,,,,,,Category,,,Subject
859,,,,5773,70,0.06034415483079367,,,,,,Feature,,,,,,,Category,,,Subject
860,,,,5842,1,0.31749855866334115,,,,,,,Feature,,,,,,Category,,,Subject
861,,,,5838,5,1.5851472342103574,,,,,,,Feature,,,,,,Category,,,Subject
862,,,,5833,10,3.1411038188194684,,,,,,,Feature,,,,,,Category,,,Subject
863,,,,5828,15,4.616629152775725,,,,,,,Feature,,,,,,Category,,,Subject
864,,,,5823,20,5.966923255965371,,,,,,,Feature,,,,,,Category,,,Subject
865,,,,5813,30,8.138711211978608,,,,,,,Feature,,,,,,Category,,,Subject
866,,,,5803,40,5.662537451726238,,,,,,,Feature,,,,,,Category,,,Subject
867,,,,5793,50,3.7668726044770304,,,,,,,Feature,,,,,,Category,,,Subject
868,,,,5783,60,2.6237820553126605,,,,,,,Feature,,,,,,Category,,,Subject
869,,,,5773,70,2.2725757116302097,,,,,,,Feature,,,,,,Category,,,Subject
870,,,,5842,1,0.3084540798620258,,,,,,,,Feature,,,,,Category,,,Subject
871,,,,5838,5,1.537918974834754,,,,,,,,Feature,,,,,Category,,,Subject
872,,,,5833,10,3.055125377340983,,,,,,,,Feature,,,,,Category,,,Subject
873,,,,5828,15,4.5113987203283195,,,,,,,,Feature,,,,,Category,,,Subject
874,,,,5823,20,5.859668143886304,,,,,,,,Feature,,,,,Category,,,Subject
875,,,,5813,30,8.105801103897488,,,,,,,,Feature,,,,,Category,,,Subject
876,,,,5803,40,5.842935887868717,,,,,,,,Feature,,,,,Category,,,Subject
877,,,,5793,50,3.7597743900008593,,,,,,,,Feature,,,,,Category,,,Subject
878,,,,5783,60,2.4590880777199344,,,,,,,,Feature,,,,,Category,,,Subject
879,,,,5773,70,2.051696482836475,,,,,,,,Feature,,,,,Category,,,Subject
880,,,,5842,1,0.28777691214906254,,,,,,,,,Feature,,,,Category,,,Subject
881,,,,5838,5,1.4350646345934304,,,,,,,,,Feature,,,,Category,,,Subject
882,,,,5833,10,2.845922759877527,,,,,,,,,Feature,,,,Category,,,Subject
883,,,,5828,15,4.198575549841499,,,,,,,,,Feature,,,,Category,,,Subject
884,,,,5823,20,5.459866358298525,,,,,,,,,Feature,,,,Category,,,Subject
885,,,,5813,30,7.637321069804467,,,,,,,,,Feature,,,,Category,,,Subject
886,,,,5803,40,5.79594084414806,,,,,,,,,Feature,,,,Category,,,Subject
887,,,,5793,50,4.000603508012438,,,,,,,,,Feature,,,,Category,,,Subject
888,,,,5783,60,2.6780720463983925,,,,,,,,,Feature,,,,Category,,,Subject
889,,,,5773,70,2.2372960259424164,,,,,,,,,Feature,,,,Category,,,Subject
890,,,,5842,1,0.24723050166186797,,,,,,,,,,Feature,,,Category,,,Subject
891,,,,5838,5,1.2325886434031565,,,,,,,,,,Feature,,,Category,,,Subject
892,,,,5833,10,2.4465432811491077,,,,,,,,,,Feature,,,Category,,,Subject
893,,,,5828,15,3.6278360886219394,,,,,,,,,,Feature,,,Category,,,Subject
894,,,,5823,20,4.753712250706634,,,,,,,,,,Feature,,,Category,,,Subject
895,,,,5813,30,6.766368194612157,,,,,,,,,,Feature,,,Category,,,Subject
896,,,,5803,40,5.498654705172371,,,,,,,,,,Feature,,,Category,,,Subject
897,,,,5793,50,4.084241196147644,,,,,,,,,,Feature,,,Category,,,Subject
898,,,,5783,60,3.0733065097671535,,,,,,,,,,Feature,,,Category,,,Subject
899,,,,5773,70,2.7403194717471995,,,,,,,,,,Feature,,,Category,,,Subject
900,,,,5842,1,0.36723818009903386,,,,,,,,,,,Feature,,Category,,,Subject
901,,,,5838,5,1.8331149630674477,,,,,,,,,,,Feature,,Category,,,Subject
902,,,,5833,10,3.6323086725294007,,,,,,,,,,,Feature,,Category,,,Subject
903,,,,5828,15,5.326528600261803,,,,,,,,,,,Feature,,Category,,,Subject
904,,,,5823,20,6.824561184381864,,,,,,,,,,,Feature,,Category,,,Subject
905,,,,5813,30,9.195830548316387,,,,,,,,,,,Feature,,Category,,,Subject
906,,,,5803,40,5.814504820759009,,,,,,,,,,,Feature,,Category,,,Subject
907,,,,5793,50,3.3518446946804703,,,,,,,,,,,Feature,,Category,,,Subject
908,,,,5783,60,1.9112336094148854,,,,,,,,,,,Feature,,Category,,,Subject
909,,,,5773,70,1.5094528697782439,,,,,,,,,,,Feature,,Category,,,Subject
910,,,,5842,1,0.8885724216873472,,,,,,,,,,,,Feature,Category,,,Subject
911,,,,5838,5,4.386282199504376,,,,,,,,,,,,Feature,Category,,,Subject
912,,,,5833,10,8.6104966644549,,,,,,,,,,,,Feature,Category,,,Subject
913,,,,5828,15,11.291059621254995,,,,,,,,,,,,Feature,Category,,,Subject
914,,,,5823,20,12.114056322158634,,,,,,,,,,,,Feature,Category,,,Subject
915,,,,5813,30,12.459052303165937,,,,,,,,,,,,Feature,Category,,,Subject
916,,,,5803,40,1.4670150920006684,,,,,,,,,,,,Feature,Category,,,Subject
917,,,,5793,50,0.324527779193643,,,,,,,,,,,,Feature,Category,,,Subject
918,,,,5783,60,0.0891613135166925,,,,,,,,,,,,Feature,Category,,,Subject
919,,,,5773,70,0.06034415483079367,,,,,,,,,,,,Feature,Category,,,Subject
