,NARRATOR,Other,Unknown,n,k,be,Response,Anger,Anticipation,Arousal,Disgust,Dominance,Fear,Joy,Sadness,Surprise,Trust,Valence,Stimulus,READER,captain,squire
0,Subject,Category,Feature,23427,1,0.15103071529452505,,,,,,,,,,,,,,,,
1,Subject,Category,Feature,23423,5,0.6626227925533672,,,,,,,,,,,,,,,,
2,Subject,Category,Feature,23418,10,1.2414747198949885,,,,,,,,,,,,,,,,
3,Subject,Category,Feature,23413,15,1.7598125872968011,,,,,,,,,,,,,,,,
4,Subject,Category,Feature,23408,20,2.255242514192104,,,,,,,,,,,,,,,,
5,Subject,Category,Feature,23398,30,3.1914868115096384,,,,,,,,,,,,,,,,
6,Subject,Category,Feature,23388,40,3.0999858785851253,,,,,,,,,,,,,,,,
7,Subject,Category,Feature,23378,50,2.9744541068344197,,,,,,,,,,,,,,,,
8,Subject,Category,Feature,23368,60,2.8216872325816933,,,,,,,,,,,,,,,,
9,Subject,Category,Feature,23358,70,2.767911083365533,,,,,,,,,,,,,,,,
10,Subject,,,23427,1,0.059564786156744,Category,Feature,,,,,,,,,,,,,,
11,Subject,,,23423,5,0.29410335948901045,Category,Feature,,,,,,,,,,,,,,
12,Subject,,,23418,10,0.5826540639352976,Category,Feature,,,,,,,,,,,,,,
13,Subject,,,23413,15,0.8678768639736114,Category,Feature,,,,,,,,,,,,,,
14,Subject,,,23408,20,1.1485376793393969,Category,Feature,,,,,,,,,,,,,,
15,Subject,,,23398,30,1.6904599141789003,Category,Feature,,,,,,,,,,,,,,
16,Subject,,,23388,40,1.8915754534299467,Category,Feature,,,,,,,,,,,,,,
17,Subject,,,23378,50,1.9289876047678152,Category,Feature,,,,,,,,,,,,,,
18,Subject,,,23368,60,1.9461039741376003,Category,Feature,,,,,,,,,,,,,,
19,Subject,,,23358,70,1.9447348607991697,Category,Feature,,,,,,,,,,,,,,
20,Subject,,,23427,1,0.1096696372344616,Category,,Feature,,,,,,,,,,,,,
21,Subject,,,23423,5,0.5419891187431018,Category,,Feature,,,,,,,,,,,,,
22,Subject,,,23418,10,1.0698787889003167,Category,,Feature,,,,,,,,,,,,,
23,Subject,,,23413,15,1.581842720816092,Category,,Feature,,,,,,,,,,,,,
24,Subject,,,23408,20,2.0779175155054523,Category,,Feature,,,,,,,,,,,,,
25,Subject,,,23398,30,3.0146468398900574,Category,,Feature,,,,,,,,,,,,,
26,Subject,,,23388,40,3.0021883315980658,Category,,Feature,,,,,,,,,,,,,
27,Subject,,,23378,50,2.812742354867286,Category,,Feature,,,,,,,,,,,,,
28,Subject,,,23368,60,2.612916356626488,Category,,Feature,,,,,,,,,,,,,
29,Subject,,,23358,70,2.537995962430864,Category,,Feature,,,,,,,,,,,,,
30,Subject,,,23427,1,0.27627448728887716,Category,,,Feature,,,,,,,,,,,,
31,Subject,,,23423,5,1.3083331881517246,Category,,,Feature,,,,,,,,,,,,
32,Subject,,,23418,10,2.52456589263994,Category,,,Feature,,,,,,,,,,,,
33,Subject,,,23413,15,3.6254635148497827,Category,,,Feature,,,,,,,,,,,,
34,Subject,,,23408,20,4.573158133720486,Category,,,Feature,,,,,,,,,,,,
35,Subject,,,23398,30,6.0868394532773005,Category,,,Feature,,,,,,,,,,,,
36,Subject,,,23388,40,4.451552596037593,Category,,,Feature,,,,,,,,,,,,
37,Subject,,,23378,50,3.5890762817789517,Category,,,Feature,,,,,,,,,,,,
38,Subject,,,23368,60,3.073910145635038,Category,,,Feature,,,,,,,,,,,,
39,Subject,,,23358,70,2.936828513951229,Category,,,Feature,,,,,,,,,,,,
40,Subject,,,23427,1,0.04537068084426699,Category,,,,Feature,,,,,,,,,,,
41,Subject,,,23423,5,0.2233628551082915,Category,,,,Feature,,,,,,,,,,,
42,Subject,,,23418,10,0.44044149106718444,Category,,,,Feature,,,,,,,,,,,
43,Subject,,,23413,15,0.6493955836551357,Category,,,,Feature,,,,,,,,,,,
44,Subject,,,23408,20,0.8533409714335616,Category,,,,Feature,,,,,,,,,,,
45,Subject,,,23398,30,1.246984160522898,Category,,,,Feature,,,,,,,,,,,
46,Subject,,,23388,40,1.386367473259527,Category,,,,Feature,,,,,,,,,,,
47,Subject,,,23378,50,1.434898347344483,Category,,,,Feature,,,,,,,,,,,
48,Subject,,,23368,60,1.4624775172796276,Category,,,,Feature,,,,,,,,,,,
49,Subject,,,23358,70,1.474787664758236,Category,,,,Feature,,,,,,,,,,,
50,Subject,,,23427,1,0.3916907151114114,Category,,,,,Feature,,,,,,,,,,
51,Subject,,,23423,5,1.8090361210136787,Category,,,,,Feature,,,,,,,,,,
52,Subject,,,23418,10,3.449760930314514,Category,,,,,Feature,,,,,,,,,,
53,Subject,,,23413,15,4.831472874578906,Category,,,,,Feature,,,,,,,,,,
54,Subject,,,23408,20,5.889365363641322,Category,,,,,Feature,,,,,,,,,,
55,Subject,,,23398,30,7.390973047116844,Category,,,,,Feature,,,,,,,,,,
56,Subject,,,23388,40,4.4704450191767,Category,,,,,Feature,,,,,,,,,,
57,Subject,,,23378,50,3.4972656689033466,Category,,,,,Feature,,,,,,,,,,
58,Subject,,,23368,60,2.9860237214286194,Category,,,,,Feature,,,,,,,,,,
59,Subject,,,23358,70,2.840566749715011,Category,,,,,Feature,,,,,,,,,,
60,Subject,,,23427,1,0.06857883154992848,Category,,,,,,Feature,,,,,,,,,
61,Subject,,,23423,5,0.34133345745355764,Category,,,,,,Feature,,,,,,,,,
62,Subject,,,23418,10,0.6765965305741652,Category,,,,,,Feature,,,,,,,,,
63,Subject,,,23413,15,1.0062502235322908,Category,,,,,,Feature,,,,,,,,,
64,Subject,,,23408,20,1.3277396852665724,Category,,,,,,Feature,,,,,,,,,
65,Subject,,,23398,30,1.9432977031939889,Category,,,,,,Feature,,,,,,,,,
66,Subject,,,23388,40,2.1088128531920396,Category,,,,,,Feature,,,,,,,,,
67,Subject,,,23378,50,2.112656660839727,Category,,,,,,Feature,,,,,,,,,
68,Subject,,,23368,60,2.0824437732745666,Category,,,,,,Feature,,,,,,,,,
69,Subject,,,23358,70,2.064567550340453,Category,,,,,,Feature,,,,,,,,,
70,Subject,,,23427,1,0.09752599885256388,Category,,,,,,,Feature,,,,,,,,
71,Subject,,,23423,5,0.47761423877790066,Category,,,,,,,Feature,,,,,,,,
72,Subject,,,23418,10,0.9378277576857176,Category,,,,,,,Feature,,,,,,,,
73,Subject,,,23413,15,1.38279627856627,Category,,,,,,,Feature,,,,,,,,
74,Subject,,,23408,20,1.8136773677570666,Category,,,,,,,Feature,,,,,,,,
75,Subject,,,23398,30,2.634969446789208,Category,,,,,,,Feature,,,,,,,,
76,Subject,,,23388,40,2.6768744112381815,Category,,,,,,,Feature,,,,,,,,
77,Subject,,,23378,50,2.578181042576954,Category,,,,,,,Feature,,,,,,,,
78,Subject,,,23368,60,2.470396967543217,Category,,,,,,,Feature,,,,,,,,
79,Subject,,,23358,70,2.433840754598457,Category,,,,,,,Feature,,,,,,,,
80,Subject,,,23427,1,0.07063841786972005,Category,,,,,,,,Feature,,,,,,,
81,Subject,,,23423,5,0.35162688420883265,Category,,,,,,,,Feature,,,,,,,
82,Subject,,,23418,10,0.6987834491457551,Category,,,,,,,,Feature,,,,,,,
83,Subject,,,23413,15,1.0409419327290437,Category,,,,,,,,Feature,,,,,,,
84,Subject,,,23408,20,1.3765872603377058,Category,,,,,,,,Feature,,,,,,,
85,Subject,,,23398,30,2.0319387197926693,Category,,,,,,,,Feature,,,,,,,
86,Subject,,,23388,40,2.243467354476673,Category,,,,,,,,Feature,,,,,,,
87,Subject,,,23378,50,2.293901398601906,Category,,,,,,,,Feature,,,,,,,
88,Subject,,,23368,60,2.3043324859027785,Category,,,,,,,,Feature,,,,,,,
89,Subject,,,23358,70,2.299140673592639,Category,,,,,,,,Feature,,,,,,,
90,Subject,,,23427,1,0.07180842260050393,Category,,,,,,,,,Feature,,,,,,
91,Subject,,,23423,5,0.3559625434316007,Category,,,,,,,,,Feature,,,,,,
92,Subject,,,23418,10,0.7059218332886559,Category,,,,,,,,,Feature,,,,,,
93,Subject,,,23413,15,1.0508062765266115,Category,,,,,,,,,Feature,,,,,,
94,Subject,,,23408,20,1.3892074075551022,Category,,,,,,,,,Feature,,,,,,
95,Subject,,,23398,30,2.0355180973268867,Category,,,,,,,,,Feature,,,,,,
96,Subject,,,23388,40,2.1986031428530386,Category,,,,,,,,,Feature,,,,,,
97,Subject,,,23378,50,2.203303671756674,Category,,,,,,,,,Feature,,,,,,
98,Subject,,,23368,60,2.1967041982003845,Category,,,,,,,,,Feature,,,,,,
99,Subject,,,23358,70,2.1893575159241268,Category,,,,,,,,,Feature,,,,,,
100,Subject,,,23427,1,0.14489226426405458,Category,,,,,,,,,,Feature,,,,,
101,Subject,,,23423,5,0.7076055124213781,Category,,,,,,,,,,Feature,,,,,
102,Subject,,,23418,10,1.3883010073352442,Category,,,,,,,,,,Feature,,,,,
103,Subject,,,23413,15,2.03814021707706,Category,,,,,,,,,,Feature,,,,,
104,Subject,,,23408,20,2.6493460409947303,Category,,,,,,,,,,Feature,,,,,
105,Subject,,,23398,30,3.755001619264852,Category,,,,,,,,,,Feature,,,,,
106,Subject,,,23388,40,3.4486163063724997,Category,,,,,,,,,,Feature,,,,,
107,Subject,,,23378,50,3.1043982549434355,Category,,,,,,,,,,Feature,,,,,
108,Subject,,,23368,60,2.8255711579837652,Category,,,,,,,,,,Feature,,,,,
109,Subject,,,23358,70,2.731755426159272,Category,,,,,,,,,,Feature,,,,,
110,Subject,,,23427,1,0.42938755984416904,Category,,,,,,,,,,,Feature,,,,
111,Subject,,,23423,5,1.9571238752688331,Category,,,,,,,,,,,Feature,,,,
112,Subject,,,23418,10,3.731797868325144,Category,,,,,,,,,,,Feature,,,,
113,Subject,,,23413,15,5.18922124394718,Category,,,,,,,,,,,Feature,,,,
114,Subject,,,23408,20,6.254986430883551,Category,,,,,,,,,,,Feature,,,,
115,Subject,,,23398,30,7.727241783419768,Category,,,,,,,,,,,Feature,,,,
116,Subject,,,23388,40,4.400105283643936,Category,,,,,,,,,,,Feature,,,,
117,Subject,,,23378,50,3.397229219363862,Category,,,,,,,,,,,Feature,,,,
118,Subject,,,23368,60,2.92485759164023,Category,,,,,,,,,,,Feature,,,,
119,Subject,,,23358,70,2.792768860665403,Category,,,,,,,,,,,Feature,,,,
120,Subject,,,23427,1,0.25005122297749427,,Feature,,,,,,,,,,,Category,,,
121,Subject,,,23423,5,1.2465679756318317,,Feature,,,,,,,,,,,Category,,,
122,Subject,,,23418,10,2.479723946786234,,Feature,,,,,,,,,,,Category,,,
123,Subject,,,23413,15,3.6840038117855842,,Feature,,,,,,,,,,,Category,,,
124,Subject,,,23408,20,4.842615604085669,,Feature,,,,,,,,,,,Category,,,
125,Subject,,,23398,30,6.952213214399176,,Feature,,,,,,,,,,,Category,,,
126,Subject,,,23388,40,5.66491088915032,,Feature,,,,,,,,,,,Category,,,
127,Subject,,,23378,50,4.130305900373849,,Feature,,,,,,,,,,,Category,,,
128,Subject,,,23368,60,3.047267259760834,,Feature,,,,,,,,,,,Category,,,
129,Subject,,,23358,70,2.7143658375233852,,Feature,,,,,,,,,,,Category,,,
130,Subject,,,23427,1,0.34702151309749485,,,Feature,,,,,,,,,,Category,,,
131,Subject,,,23423,5,1.733950905426635,,,Feature,,,,,,,,,,Category,,,
132,Subject,,,23418,10,3.452061820948338,,,Feature,,,,,,,,,,Category,,,
133,Subject,,,23413,15,5.119316814556143,,,Feature,,,,,,,,,,Category,,,
134,Subject,,,23408,20,6.684615412527389,,,Feature,,,,,,,,,,Category,,,
135,Subject,,,23398,30,9.359409011713984,,,Feature,,,,,,,,,,Category,,,
136,Subject,,,23388,40,6.110604511024998,,,Feature,,,,,,,,,,Category,,,
137,Subject,,,23378,50,3.5701139453353665,,,Feature,,,,,,,,,,Category,,,
138,Subject,,,23368,60,2.0873523947171755,,,Feature,,,,,,,,,,Category,,,
139,Subject,,,23358,70,1.6898587555052975,,,Feature,,,,,,,,,,Category,,,
140,Subject,,,23427,1,0.7383978936868631,,,,Feature,,,,,,,,,Category,,,
141,Subject,,,23423,5,3.662447560996274,,,,Feature,,,,,,,,,Category,,,
142,Subject,,,23418,10,7.273101733685484,,,,Feature,,,,,,,,,Category,,,
143,Subject,,,23413,15,10.437350675380294,,,,Feature,,,,,,,,,Category,,,
144,Subject,,,23408,20,12.483820349725097,,,,Feature,,,,,,,,,Category,,,
145,Subject,,,23398,30,14.077553877787752,,,,Feature,,,,,,,,,Category,,,
146,Subject,,,23388,40,2.9044735044099914,,,,Feature,,,,,,,,,Category,,,
147,Subject,,,23378,50,0.688933491042664,,,,Feature,,,,,,,,,Category,,,
148,Subject,,,23368,60,0.1671987884789736,,,,Feature,,,,,,,,,Category,,,
149,Subject,,,23358,70,0.08126237298932898,,,,Feature,,,,,,,,,Category,,,
150,Subject,,,23427,1,0.1814222907046532,,,,,Feature,,,,,,,,Category,,,
151,Subject,,,23423,5,0.9036599810191847,,,,,Feature,,,,,,,,Category,,,
152,Subject,,,23418,10,1.7996804452175825,,,,,Feature,,,,,,,,Category,,,
153,Subject,,,23413,15,2.6833852523875894,,,,,Feature,,,,,,,,Category,,,
154,Subject,,,23408,20,3.5441826113450308,,,,,Feature,,,,,,,,Category,,,
155,Subject,,,23398,30,5.175045656403275,,,,,Feature,,,,,,,,Category,,,
156,Subject,,,23388,40,4.8216703004215615,,,,,Feature,,,,,,,,Category,,,
157,Subject,,,23378,50,4.0373665570317305,,,,,Feature,,,,,,,,Category,,,
158,Subject,,,23368,60,3.3284600534375524,,,,,Feature,,,,,,,,Category,,,
159,Subject,,,23358,70,3.076746766648008,,,,,Feature,,,,,,,,Category,,,
160,Subject,,,23427,1,0.8917706226150064,,,,,,Feature,,,,,,,Category,,,
161,Subject,,,23423,5,4.402365729008714,,,,,,Feature,,,,,,,Category,,,
162,Subject,,,23418,10,8.725681471354102,,,,,,Feature,,,,,,,Category,,,
163,Subject,,,23413,15,12.261870088876245,,,,,,Feature,,,,,,,Category,,,
164,Subject,,,23408,20,13.708219912566046,,,,,,Feature,,,,,,,Category,,,
165,Subject,,,23398,30,14.391422568221985,,,,,,Feature,,,,,,,Category,,,
166,Subject,,,23388,40,1.6366323911379632,,,,,,Feature,,,,,,,Category,,,
167,Subject,,,23378,50,0.36756498313909386,,,,,,Feature,,,,,,,Category,,,
168,Subject,,,23368,60,0.10238553613693127,,,,,,Feature,,,,,,,Category,,,
169,Subject,,,23358,70,0.062145193548997356,,,,,,Feature,,,,,,,Category,,,
170,Subject,,,23427,1,0.286877277212863,,,,,,,Feature,,,,,,Category,,,
171,Subject,,,23423,5,1.4306560094136613,,,,,,,Feature,,,,,,Category,,,
172,Subject,,,23418,10,2.8449361138598075,,,,,,,Feature,,,,,,Category,,,
173,Subject,,,23413,15,4.221665804167623,,,,,,,Feature,,,,,,Category,,,
174,Subject,,,23408,20,5.52484682010776,,,,,,,Feature,,,,,,Category,,,
175,Subject,,,23398,30,7.818149146925398,,,,,,,Feature,,,,,,Category,,,
176,Subject,,,23388,40,5.859774605769696,,,,,,,Feature,,,,,,Category,,,
177,Subject,,,23378,50,4.044318164888604,,,,,,,Feature,,,,,,Category,,,
178,Subject,,,23368,60,2.83255217796431,,,,,,,Feature,,,,,,Category,,,
179,Subject,,,23358,70,2.458246180035884,,,,,,,Feature,,,,,,Category,,,
180,Subject,,,23427,1,0.320008879875185,,,,,,,,Feature,,,,,Category,,,
181,Subject,,,23423,5,1.5971046120353467,,,,,,,,Feature,,,,,Category,,,
182,Subject,,,23418,10,3.176684679750433,,,,,,,,Feature,,,,,Category,,,
183,Subject,,,23413,15,4.708363802057381,,,,,,,,Feature,,,,,Category,,,
184,Subject,,,23408,20,6.149935421867432,,,,,,,,Feature,,,,,Category,,,
185,Subject,,,23398,30,8.688511627707715,,,,,,,,Feature,,,,,Category,,,
186,Subject,,,23388,40,6.203261157210576,,,,,,,,Feature,,,,,Category,,,
187,Subject,,,23378,50,3.980674059199569,,,,,,,,Feature,,,,,Category,,,
188,Subject,,,23368,60,2.503858029860557,,,,,,,,Feature,,,,,Category,,,
189,Subject,,,23358,70,2.0607792266462965,,,,,,,,Feature,,,,,Category,,,
190,Subject,,,23427,1,0.26170629884943697,,,,,,,,,Feature,,,,Category,,,
191,Subject,,,23423,5,1.3066927065714335,,,,,,,,,Feature,,,,Category,,,
192,Subject,,,23418,10,2.6041318065148618,,,,,,,,,Feature,,,,Category,,,
193,Subject,,,23413,15,3.873707315479691,,,,,,,,,Feature,,,,Category,,,
194,Subject,,,23408,20,5.089951078214846,,,,,,,,,Feature,,,,Category,,,
195,Subject,,,23398,30,7.299147835344024,,,,,,,,,Feature,,,,Category,,,
196,Subject,,,23388,40,5.765993811724194,,,,,,,,,Feature,,,,Category,,,
197,Subject,,,23378,50,4.046019735016084,,,,,,,,,Feature,,,,Category,,,
198,Subject,,,23368,60,2.8068518765463106,,,,,,,,,Feature,,,,Category,,,
199,Subject,,,23358,70,2.4394412906297416,,,,,,,,,Feature,,,,Category,,,
200,Subject,,,23427,1,0.25255513345980807,,,,,,,,,,Feature,,,Category,,,
201,Subject,,,23423,5,1.2606505156676755,,,,,,,,,,Feature,,,Category,,,
202,Subject,,,23418,10,2.5106939418908376,,,,,,,,,,Feature,,,Category,,,
203,Subject,,,23413,15,3.726540088518292,,,,,,,,,,Feature,,,Category,,,
204,Subject,,,23408,20,4.900494366968935,,,,,,,,,,Feature,,,Category,,,
205,Subject,,,23398,30,7.050341281765774,,,,,,,,,,Feature,,,Category,,,
206,Subject,,,23388,40,5.742039750734057,,,,,,,,,,Feature,,,Category,,,
207,Subject,,,23378,50,4.216901226176911,,,,,,,,,,Feature,,,Category,,,
208,Subject,,,23368,60,3.0641287458436035,,,,,,,,,,Feature,,,Category,,,
209,Subject,,,23358,70,2.689399444264613,,,,,,,,,,Feature,,,Category,,,
210,Subject,,,23427,1,0.44447893951541073,,,,,,,,,,,Feature,,Category,,,
211,Subject,,,23423,5,2.2177576795412777,,,,,,,,,,,Feature,,Category,,,
212,Subject,,,23418,10,4.411934905106105,,,,,,,,,,,Feature,,Category,,,
213,Subject,,,23413,15,6.497490380833531,,,,,,,,,,,Feature,,Category,,,
214,Subject,,,23408,20,8.37353494532432,,,,,,,,,,,Feature,,Category,,,
215,Subject,,,23398,30,11.243155449873878,,,,,,,,,,,Feature,,Category,,,
216,Subject,,,23388,40,5.794695266292664,,,,,,,,,,,Feature,,Category,,,
217,Subject,,,23378,50,2.7050277887886676,,,,,,,,,,,Feature,,Category,,,
218,Subject,,,23368,60,1.2577994175502039,,,,,,,,,,,Feature,,Category,,,
219,Subject,,,23358,70,0.919163406237565,,,,,,,,,,,Feature,,Category,,,
220,Subject,,,23427,1,0.9292340785235995,,,,,,,,,,,,Feature,Category,,,
221,Subject,,,23423,5,4.556419067934579,,,,,,,,,,,,Feature,Category,,,
222,Subject,,,23418,10,9.01396006925654,,,,,,,,,,,,Feature,Category,,,
223,Subject,,,23413,15,12.583670992220846,,,,,,,,,,,,Feature,Category,,,
224,Subject,,,23408,20,13.880369140440418,,,,,,,,,,,,Feature,Category,,,
225,Subject,,,23398,30,14.419903602422671,,,,,,,,,,,,Feature,Category,,,
226,Subject,,,23388,40,1.4493136525844097,,,,,,,,,,,,Feature,Category,,,
227,Subject,,,23378,50,0.3238891697804864,,,,,,,,,,,,Feature,Category,,,
228,Subject,,,23368,60,0.09010242316981006,,,,,,,,,,,,Feature,Category,,,
229,Subject,,,23358,70,0.051220156432932075,,,,,,,,,,,,Feature,Category,,,
230,,Category,Feature,23427,1,0.25005122297749427,,,,,,,,,,,,,,Subject,,
231,,Category,Feature,23423,5,1.2465679756318317,,,,,,,,,,,,,,Subject,,
232,,Category,Feature,23418,10,2.479723946786234,,,,,,,,,,,,,,Subject,,
233,,Category,Feature,23413,15,3.6840038117855842,,,,,,,,,,,,,,Subject,,
234,,Category,Feature,23408,20,4.842615604085669,,,,,,,,,,,,,,Subject,,
235,,Category,Feature,23398,30,6.952213214399176,,,,,,,,,,,,,,Subject,,
236,,Category,Feature,23388,40,5.66491088915032,,,,,,,,,,,,,,Subject,,
237,,Category,Feature,23378,50,4.130305900373849,,,,,,,,,,,,,,Subject,,
238,,Category,Feature,23368,60,3.047267259760834,,,,,,,,,,,,,,Subject,,
239,,Category,Feature,23358,70,2.7143658375233852,,,,,,,,,,,,,,Subject,,
240,,,,23427,1,0.9292340785235995,Category,Feature,,,,,,,,,,,,Subject,,
241,,,,23423,5,4.556419067934579,Category,Feature,,,,,,,,,,,,Subject,,
242,,,,23418,10,9.01396006925654,Category,Feature,,,,,,,,,,,,Subject,,
243,,,,23413,15,12.583670992220846,Category,Feature,,,,,,,,,,,,Subject,,
244,,,,23408,20,13.880369140440418,Category,Feature,,,,,,,,,,,,Subject,,
245,,,,23398,30,14.419903602422671,Category,Feature,,,,,,,,,,,,Subject,,
246,,,,23388,40,1.4493136525844097,Category,Feature,,,,,,,,,,,,Subject,,
247,,,,23378,50,0.3238891697804864,Category,Feature,,,,,,,,,,,,Subject,,
248,,,,23368,60,0.09010242316981006,Category,Feature,,,,,,,,,,,,Subject,,
249,,,,23358,70,0.051220156432932075,Category,Feature,,,,,,,,,,,,Subject,,
250,,,,23427,1,0.012493738648553854,Category,,Feature,,,,,,,,,,,Subject,,
251,,,,23423,5,0.060448579925485954,Category,,Feature,,,,,,,,,,,Subject,,
252,,,,23418,10,0.11896401231767365,Category,,Feature,,,,,,,,,,,Subject,,
253,,,,23413,15,0.17742023271257362,Category,,Feature,,,,,,,,,,,Subject,,
254,,,,23408,20,0.23586616492415713,Category,,Feature,,,,,,,,,,,Subject,,
255,,,,23398,30,0.3527264285529803,Category,,Feature,,,,,,,,,,,Subject,,
256,,,,23388,40,0.4309430248319961,Category,,Feature,,,,,,,,,,,Subject,,
257,,,,23378,50,0.48319895130714346,Category,,Feature,,,,,,,,,,,Subject,,
258,,,,23368,60,0.5280387084870775,Category,,Feature,,,,,,,,,,,Subject,,
259,,,,23358,70,0.5429259164462399,Category,,Feature,,,,,,,,,,,Subject,,
260,,,,23427,1,0.1814222907046532,Category,,,Feature,,,,,,,,,,Subject,,
261,,,,23423,5,0.9036599810191847,Category,,,Feature,,,,,,,,,,Subject,,
262,,,,23418,10,1.7996804452175825,Category,,,Feature,,,,,,,,,,Subject,,
263,,,,23413,15,2.6833852523875894,Category,,,Feature,,,,,,,,,,Subject,,
264,,,,23408,20,3.5441826113450308,Category,,,Feature,,,,,,,,,,Subject,,
265,,,,23398,30,5.175045656403275,Category,,,Feature,,,,,,,,,,Subject,,
266,,,,23388,40,4.8216703004215615,Category,,,Feature,,,,,,,,,,Subject,,
267,,,,23378,50,4.0373665570317305,Category,,,Feature,,,,,,,,,,Subject,,
268,,,,23368,60,3.3284600534375524,Category,,,Feature,,,,,,,,,,Subject,,
269,,,,23358,70,3.076746766648008,Category,,,Feature,,,,,,,,,,Subject,,
270,,,,23427,1,0.0039295284967473506,Category,,,,Feature,,,,,,,,,Subject,,
271,,,,23423,5,0.019649340315585493,Category,,,,Feature,,,,,,,,,Subject,,
272,,,,23418,10,0.03930292252860412,Category,,,,Feature,,,,,,,,,Subject,,
273,,,,23413,15,0.05797822304689062,Category,,,,Feature,,,,,,,,,Subject,,
274,,,,23408,20,0.07600297793998041,Category,,,,Feature,,,,,,,,,Subject,,
275,,,,23398,30,0.11200410826207936,Category,,,,Feature,,,,,,,,,Subject,,
276,,,,23388,40,0.13784937232172392,Category,,,,Feature,,,,,,,,,Subject,,
277,,,,23378,50,0.15780988818212793,Category,,,,Feature,,,,,,,,,Subject,,
278,,,,23368,60,0.1763933442507276,Category,,,,Feature,,,,,,,,,Subject,,
279,,,,23358,70,0.18350671767631324,Category,,,,Feature,,,,,,,,,Subject,,
280,,,,23427,1,0.05368098139106153,Category,,,,,Feature,,,,,,,,Subject,,
281,,,,23423,5,0.24245602800913493,Category,,,,,Feature,,,,,,,,Subject,,
282,,,,23418,10,0.46309214823472,Category,,,,,Feature,,,,,,,,Subject,,
283,,,,23413,15,0.67296673145035,Category,,,,,Feature,,,,,,,,Subject,,
284,,,,23408,20,0.8777344015518718,Category,,,,,Feature,,,,,,,,Subject,,
285,,,,23398,30,1.2756917940928507,Category,,,,,Feature,,,,,,,,Subject,,
286,,,,23388,40,1.3958763098153577,Category,,,,,Feature,,,,,,,,Subject,,
287,,,,23378,50,1.445337971672124,Category,,,,,Feature,,,,,,,,Subject,,
288,,,,23368,60,1.4816529908234366,Category,,,,,Feature,,,,,,,,Subject,,
289,,,,23358,70,1.4955220005101537,Category,,,,,Feature,,,,,,,,Subject,,
290,,,,23427,1,0.00816704613713742,Category,,,,,,Feature,,,,,,,Subject,,
291,,,,23423,5,0.03971253623546759,Category,,,,,,Feature,,,,,,,Subject,,
292,,,,23418,10,0.0779926024475696,Category,,,,,,Feature,,,,,,,Subject,,
293,,,,23413,15,0.11359077534538942,Category,,,,,,Feature,,,,,,,Subject,,
294,,,,23408,20,0.14739858554449198,Category,,,,,,Feature,,,,,,,Subject,,
295,,,,23398,30,0.21499027074782545,Category,,,,,,Feature,,,,,,,Subject,,
296,,,,23388,40,0.25537848942584407,Category,,,,,,Feature,,,,,,,Subject,,
297,,,,23378,50,0.28542490591729164,Category,,,,,,Feature,,,,,,,Subject,,
298,,,,23368,60,0.31251305314135364,Category,,,,,,Feature,,,,,,,Subject,,
299,,,,23358,70,0.3226933072569454,Category,,,,,,Feature,,,,,,,Subject,,
300,,,,23427,1,0.011651046632962767,Category,,,,,,,Feature,,,,,,Subject,,
301,,,,23423,5,0.055933682208314815,Category,,,,,,,Feature,,,,,,Subject,,
302,,,,23418,10,0.1109980339013221,Category,,,,,,,Feature,,,,,,Subject,,
303,,,,23413,15,0.16605383779942767,Category,,,,,,,Feature,,,,,,Subject,,
304,,,,23408,20,0.22110093535471753,Category,,,,,,,Feature,,,,,,Subject,,
305,,,,23398,30,0.33116836921671533,Category,,,,,,,Feature,,,,,,Subject,,
306,,,,23388,40,0.4087427558774002,Category,,,,,,,Feature,,,,,,Subject,,
307,,,,23378,50,0.46076227699691324,Category,,,,,,,Feature,,,,,,Subject,,
308,,,,23368,60,0.5056005060487687,Category,,,,,,,Feature,,,,,,Subject,,
309,,,,23358,70,0.522272621340381,Category,,,,,,,Feature,,,,,,Subject,,
310,,,,23427,1,0.007716242204628309,Category,,,,,,,,Feature,,,,,Subject,,
311,,,,23423,5,0.0378866692624904,Category,,,,,,,,Feature,,,,,Subject,,
312,,,,23418,10,0.07408358085338054,Category,,,,,,,,Feature,,,,,Subject,,
313,,,,23413,15,0.11024424279719322,Category,,,,,,,,Feature,,,,,Subject,,
314,,,,23408,20,0.14640740747106815,Category,,,,,,,,Feature,,,,,Subject,,
315,,,,23398,30,0.2187410937458149,Category,,,,,,,,Feature,,,,,Subject,,
316,,,,23388,40,0.2703593940940618,Category,,,,,,,,Feature,,,,,Subject,,
317,,,,23378,50,0.3090701933334436,Category,,,,,,,,Feature,,,,,Subject,,
318,,,,23368,60,0.34345206984510895,Category,,,,,,,,Feature,,,,,Subject,,
319,,,,23358,70,0.3564499531676607,Category,,,,,,,,Feature,,,,,Subject,,
320,,,,23427,1,0.286877277212863,Category,,,,,,,,,Feature,,,,Subject,,
321,,,,23423,5,1.4306560094136613,Category,,,,,,,,,Feature,,,,Subject,,
322,,,,23418,10,2.8449361138598075,Category,,,,,,,,,Feature,,,,Subject,,
323,,,,23413,15,4.221665804167623,Category,,,,,,,,,Feature,,,,Subject,,
324,,,,23408,20,5.52484682010776,Category,,,,,,,,,Feature,,,,Subject,,
325,,,,23398,30,7.818149146925398,Category,,,,,,,,,Feature,,,,Subject,,
326,,,,23388,40,5.859774605769696,Category,,,,,,,,,Feature,,,,Subject,,
327,,,,23378,50,4.044318164888604,Category,,,,,,,,,Feature,,,,Subject,,
328,,,,23368,60,2.83255217796431,Category,,,,,,,,,Feature,,,,Subject,,
329,,,,23358,70,2.458246180035884,Category,,,,,,,,,Feature,,,,Subject,,
330,,,,23427,1,0.01697509269736758,Category,,,,,,,,,,Feature,,,Subject,,
331,,,,23423,5,0.07834282212066312,Category,,,,,,,,,,Feature,,,Subject,,
332,,,,23418,10,0.15274756990326635,Category,,,,,,,,,,Feature,,,Subject,,
333,,,,23413,15,0.22623585542054303,Category,,,,,,,,,,Feature,,,Subject,,
334,,,,23408,20,0.29963391414093515,Category,,,,,,,,,,Feature,,,Subject,,
335,,,,23398,30,0.44633282723669493,Category,,,,,,,,,,Feature,,,Subject,,
336,,,,23388,40,0.5394779528660442,Category,,,,,,,,,,Feature,,,Subject,,
337,,,,23378,50,0.5996204206621808,Category,,,,,,,,,,Feature,,,Subject,,
338,,,,23368,60,0.6477561169389336,Category,,,,,,,,,,Feature,,,Subject,,
339,,,,23358,70,0.6650380002183759,Category,,,,,,,,,,Feature,,,Subject,,
340,,,,23427,1,0.05617632749999174,Category,,,,,,,,,,,Feature,,Subject,,
341,,,,23423,5,0.2508510733813024,Category,,,,,,,,,,,Feature,,Subject,,
342,,,,23418,10,0.4781322838122353,Category,,,,,,,,,,,Feature,,Subject,,
343,,,,23413,15,0.6912909342165917,Category,,,,,,,,,,,Feature,,Subject,,
344,,,,23408,20,0.8965826224148528,Category,,,,,,,,,,,Feature,,Subject,,
345,,,,23398,30,1.2956059638286395,Category,,,,,,,,,,,Feature,,Subject,,
346,,,,23388,40,1.4022864340544625,Category,,,,,,,,,,,Feature,,Subject,,
347,,,,23378,50,1.452356910227716,Category,,,,,,,,,,,Feature,,Subject,,
348,,,,23368,60,1.48657549464397,Category,,,,,,,,,,,Feature,,Subject,,
349,,,,23358,70,1.4997131223956304,Category,,,,,,,,,,,Feature,,Subject,,
350,,,,23427,1,0.2725736310282041,,Feature,,,,,,,,,,,Category,Subject,,
351,,,,23423,5,1.3594978657360717,,Feature,,,,,,,,,,,Category,Subject,,
352,,,,23418,10,2.705405618270904,,Feature,,,,,,,,,,,Category,Subject,,
353,,,,23413,15,4.021500390088592,,Feature,,,,,,,,,,,Category,Subject,,
354,,,,23408,20,5.2905554452456025,,Feature,,,,,,,,,,,Category,Subject,,
355,,,,23398,30,7.584837244101646,,Feature,,,,,,,,,,,Category,Subject,,
356,,,,23388,40,5.947671387800915,,Feature,,,,,,,,,,,Category,Subject,,
357,,,,23378,50,4.101379335944522,,Feature,,,,,,,,,,,Category,Subject,,
358,,,,23368,60,2.8458103280986444,,Feature,,,,,,,,,,,Category,Subject,,
359,,,,23358,70,2.477073790387028,,Feature,,,,,,,,,,,Category,Subject,,
360,,,,23427,1,0.3887785635810733,,,Feature,,,,,,,,,,Category,Subject,,
361,,,,23423,5,1.9430083686789679,,,Feature,,,,,,,,,,Category,Subject,,
362,,,,23418,10,3.868566118514361,,,Feature,,,,,,,,,,Category,Subject,,
363,,,,23413,15,5.733379401527984,,,Feature,,,,,,,,,,Category,Subject,,
364,,,,23408,20,7.473927101697972,,,Feature,,,,,,,,,,Category,Subject,,
365,,,,23398,30,10.379524992045036,,,Feature,,,,,,,,,,Category,Subject,,
366,,,,23388,40,6.081635653076301,,,Feature,,,,,,,,,,Category,Subject,,
367,,,,23378,50,3.0723159473131467,,,Feature,,,,,,,,,,Category,Subject,,
368,,,,23368,60,1.5422897615397746,,,Feature,,,,,,,,,,Category,Subject,,
369,,,,23358,70,1.182648338462714,,,Feature,,,,,,,,,,Category,Subject,,
370,,,,23427,1,0.8056314895889576,,,,Feature,,,,,,,,,Category,Subject,,
371,,,,23423,5,4.012428235358239,,,,Feature,,,,,,,,,Category,Subject,,
372,,,,23418,10,7.984900438314163,,,,Feature,,,,,,,,,Category,Subject,,
373,,,,23413,15,11.431677859615565,,,,Feature,,,,,,,,,Category,Subject,,
374,,,,23408,20,13.419089077108897,,,,Feature,,,,,,,,,Category,Subject,,
375,,,,23398,30,14.421848324738168,,,,Feature,,,,,,,,,Category,Subject,,
376,,,,23388,40,1.8069543495094924,,,,Feature,,,,,,,,,Category,Subject,,
377,,,,23378,50,0.2605406007214687,,,,Feature,,,,,,,,,Category,Subject,,
378,,,,23368,60,0.05393048279363395,,,,Feature,,,,,,,,,Category,Subject,,
379,,,,23358,70,0.028685123136237604,,,,Feature,,,,,,,,,Category,Subject,,
380,,,,23427,1,0.19933203940232808,,,,,Feature,,,,,,,,Category,Subject,,
381,,,,23423,5,0.992768491543705,,,,,Feature,,,,,,,,Category,Subject,,
382,,,,23418,10,1.9773834671195467,,,,,Feature,,,,,,,,Category,Subject,,
383,,,,23413,15,2.9464286416440255,,,,,Feature,,,,,,,,Category,Subject,,
384,,,,23408,20,3.8877575142633947,,,,,Feature,,,,,,,,Category,Subject,,
385,,,,23398,30,5.657341494973073,,,,,Feature,,,,,,,,Category,Subject,,
386,,,,23388,40,5.10179255309408,,,,,Feature,,,,,,,,Category,Subject,,
387,,,,23378,50,4.113141941575728,,,,,Feature,,,,,,,,Category,Subject,,
388,,,,23368,60,3.273293350169375,,,,,Feature,,,,,,,,Category,Subject,,
389,,,,23358,70,2.997486157631924,,,,,Feature,,,,,,,,Category,Subject,,
390,,,,23427,1,0.9510649106844882,,,,,,Feature,,,,,,,Category,Subject,,
391,,,,23423,5,4.731070309066418,,,,,,Feature,,,,,,,Category,Subject,,
392,,,,23418,10,9.410261548512986,,,,,,Feature,,,,,,,Category,Subject,,
393,,,,23413,15,13.194526332831298,,,,,,Feature,,,,,,,Category,Subject,,
394,,,,23408,20,14.294619028145998,,,,,,Feature,,,,,,,Category,Subject,,
395,,,,23398,30,14.505236868868469,,,,,,Feature,,,,,,,Category,Subject,,
396,,,,23388,40,0.7192824223382818,,,,,,Feature,,,,,,,Category,Subject,,
397,,,,23378,50,0.08188134082328233,,,,,,Feature,,,,,,,Category,Subject,,
398,,,,23368,60,0.01843379464501037,,,,,,Feature,,,,,,,Category,Subject,,
399,,,,23358,70,0.01092821641726076,,,,,,Feature,,,,,,,Category,Subject,,
400,,,,23427,1,0.3122418202375048,,,,,,,Feature,,,,,,Category,Subject,,
401,,,,23423,5,1.5590634135858066,,,,,,,Feature,,,,,,Category,Subject,,
402,,,,23418,10,3.104012097473412,,,,,,,Feature,,,,,,Category,Subject,,
403,,,,23413,15,4.610062786723305,,,,,,,Feature,,,,,,Category,Subject,,
404,,,,23408,20,6.033405626852065,,,,,,,Feature,,,,,,Category,Subject,,
405,,,,23398,30,8.507222508744325,,,,,,,Feature,,,,,,Category,Subject,,
406,,,,23388,40,6.048144117978881,,,,,,,Feature,,,,,,Category,Subject,,
407,,,,23378,50,3.9296329906126366,,,,,,,Feature,,,,,,Category,Subject,,
408,,,,23368,60,2.555450504904346,,,,,,,Feature,,,,,,Category,Subject,,
409,,,,23358,70,2.155317123135699,,,,,,,Feature,,,,,,Category,Subject,,
410,,,,23427,1,0.3579256924703748,,,,,,,,Feature,,,,,Category,Subject,,
411,,,,23423,5,1.7868945853759666,,,,,,,,Feature,,,,,Category,Subject,,
412,,,,23418,10,3.556863342140994,,,,,,,,Feature,,,,,Category,Subject,,
413,,,,23413,15,5.271615313504398,,,,,,,,Feature,,,,,Category,Subject,,
414,,,,23408,20,6.876981871970498,,,,,,,,Feature,,,,,Category,Subject,,
415,,,,23398,30,9.611087650033989,,,,,,,,Feature,,,,,Category,Subject,,
416,,,,23388,40,6.25925404834003,,,,,,,,Feature,,,,,Category,Subject,,
417,,,,23378,50,3.615129535956275,,,,,,,,Feature,,,,,Category,Subject,,
418,,,,23368,60,1.959426680259406,,,,,,,,Feature,,,,,Category,Subject,,
419,,,,23358,70,1.5023054800184144,,,,,,,,Feature,,,,,Category,Subject,,
420,,,,23427,1,0.28886692216436627,,,,,,,,,Feature,,,,Category,Subject,,
421,,,,23423,5,1.4431508919023277,,,,,,,,,Feature,,,,Category,Subject,,
422,,,,23418,10,2.876901709012901,,,,,,,,,Feature,,,,Category,Subject,,
423,,,,23413,15,4.27897199642356,,,,,,,,,Feature,,,,Category,Subject,,
424,,,,23408,20,5.625216600759304,,,,,,,,,Feature,,,,Category,Subject,,
425,,,,23398,30,8.04964291477498,,,,,,,,,Feature,,,,Category,Subject,,
426,,,,23388,40,6.054110436806456,,,,,,,,,Feature,,,,Category,Subject,,
427,,,,23378,50,4.011792730287798,,,,,,,,,Feature,,,,Category,Subject,,
428,,,,23368,60,2.5836629585972957,,,,,,,,,Feature,,,,Category,Subject,,
429,,,,23358,70,2.177896074945091,,,,,,,,,Feature,,,,Category,Subject,,
430,,,,23427,1,0.28105100783373677,,,,,,,,,,Feature,,,Category,Subject,,
431,,,,23423,5,1.4037283100650604,,,,,,,,,,Feature,,,Category,Subject,,
432,,,,23418,10,2.7969965457705404,,,,,,,,,,Feature,,,Category,Subject,,
433,,,,23413,15,4.155733507240961,,,,,,,,,,Feature,,,Category,Subject,,
434,,,,23408,20,5.464916183405319,,,,,,,,,,Feature,,,Category,Subject,,
435,,,,23398,30,7.8429446020482825,,,,,,,,,,Feature,,,Category,Subject,,
436,,,,23388,40,6.027305307392243,,,,,,,,,,Feature,,,Category,Subject,,
437,,,,23378,50,4.116050231713871,,,,,,,,,,Feature,,,Category,Subject,,
438,,,,23368,60,2.7731953714562314,,,,,,,,,,Feature,,,Category,Subject,,
439,,,,23358,70,2.359814114253482,,,,,,,,,,Feature,,,Category,Subject,,
440,,,,23427,1,0.4943585212684516,,,,,,,,,,,Feature,,Category,Subject,,
441,,,,23423,5,2.46915429991306,,,,,,,,,,,Feature,,Category,Subject,,
442,,,,23418,10,4.9154912434920615,,,,,,,,,,,Feature,,Category,Subject,,
443,,,,23413,15,7.234872286961432,,,,,,,,,,,Feature,,Category,Subject,,
444,,,,23408,20,9.28974074808638,,,,,,,,,,,Feature,,Category,Subject,,
445,,,,23398,30,12.23288740341447,,,,,,,,,,,Feature,,Category,Subject,,
446,,,,23388,40,5.30946485556282,,,,,,,,,,,Feature,,Category,Subject,,
447,,,,23378,50,1.9684228681545228,,,,,,,,,,,Feature,,Category,Subject,,
448,,,,23368,60,0.702255593409519,,,,,,,,,,,Feature,,Category,Subject,,
449,,,,23358,70,0.46039975840738656,,,,,,,,,,,Feature,,Category,Subject,,
450,,,,23427,1,0.97932110778627,,,,,,,,,,,,Feature,Category,Subject,,
451,,,,23423,5,4.853306058479511,,,,,,,,,,,,Feature,Category,Subject,,
452,,,,23418,10,9.646181165256683,,,,,,,,,,,,Feature,Category,Subject,,
453,,,,23413,15,13.457439186079151,,,,,,,,,,,,Feature,Category,Subject,,
454,,,,23408,20,14.373973438631328,,,,,,,,,,,,Feature,Category,Subject,,
455,,,,23398,30,14.507061233853054,,,,,,,,,,,,Feature,Category,Subject,,
456,,,,23388,40,0.5636317145175139,,,,,,,,,,,,Feature,Category,Subject,,
457,,,,23378,50,0.0716482587025434,,,,,,,,,,,,Feature,Category,Subject,,
458,,,,23368,60,0.017068394473836103,,,,,,,,,,,,Feature,Category,Subject,,
459,,,,23358,70,0.010245222731867605,,,,,,,,,,,,Feature,Category,Subject,,
460,,Category,Feature,23427,1,0.2725736310282041,,,,,,,,,,,,,,,Subject,
461,,Category,Feature,23423,5,1.3594978657360717,,,,,,,,,,,,,,,Subject,
462,,Category,Feature,23418,10,2.705405618270904,,,,,,,,,,,,,,,Subject,
463,,Category,Feature,23413,15,4.021500390088592,,,,,,,,,,,,,,,Subject,
464,,Category,Feature,23408,20,5.2905554452456025,,,,,,,,,,,,,,,Subject,
465,,Category,Feature,23398,30,7.584837244101646,,,,,,,,,,,,,,,Subject,
466,,Category,Feature,23388,40,5.947671387800915,,,,,,,,,,,,,,,Subject,
467,,Category,Feature,23378,50,4.101379335944522,,,,,,,,,,,,,,,Subject,
468,,Category,Feature,23368,60,2.8458103280986444,,,,,,,,,,,,,,,Subject,
469,,Category,Feature,23358,70,2.477073790387028,,,,,,,,,,,,,,,Subject,
470,,,,23427,1,0.008613996018336121,Category,Feature,,,,,,,,,,,,,Subject,
471,,,,23423,5,0.039981631897173506,Category,Feature,,,,,,,,,,,,,Subject,
472,,,,23418,10,0.07614904157950834,Category,Feature,,,,,,,,,,,,,Subject,
473,,,,23413,15,0.10729313340017094,Category,Feature,,,,,,,,,,,,,Subject,
474,,,,23408,20,0.1370738203650935,Category,Feature,,,,,,,,,,,,,Subject,
475,,,,23398,30,0.19234190961777137,Category,Feature,,,,,,,,,,,,,Subject,
476,,,,23388,40,0.2128877824414121,Category,Feature,,,,,,,,,,,,,Subject,
477,,,,23378,50,0.2270265910037179,Category,Feature,,,,,,,,,,,,,Subject,
478,,,,23368,60,0.2399305594977855,Category,Feature,,,,,,,,,,,,,Subject,
479,,,,23358,70,0.2452479604179752,Category,Feature,,,,,,,,,,,,,Subject,
480,,,,23427,1,0.3579256924703748,Category,,Feature,,,,,,,,,,,,Subject,
481,,,,23423,5,1.7868945853759666,Category,,Feature,,,,,,,,,,,,Subject,
482,,,,23418,10,3.556863342140994,Category,,Feature,,,,,,,,,,,,Subject,
483,,,,23413,15,5.271615313504398,Category,,Feature,,,,,,,,,,,,Subject,
484,,,,23408,20,6.876981871970498,Category,,Feature,,,,,,,,,,,,Subject,
485,,,,23398,30,9.611087650033989,Category,,Feature,,,,,,,,,,,,Subject,
486,,,,23388,40,6.25925404834003,Category,,Feature,,,,,,,,,,,,Subject,
487,,,,23378,50,3.615129535956275,Category,,Feature,,,,,,,,,,,,Subject,
488,,,,23368,60,1.959426680259406,Category,,Feature,,,,,,,,,,,,Subject,
489,,,,23358,70,1.5023054800184144,Category,,Feature,,,,,,,,,,,,Subject,
490,,,,23427,1,0.042744981825362814,Category,,,Feature,,,,,,,,,,,Subject,
491,,,,23423,5,0.1722372791337801,Category,,,Feature,,,,,,,,,,,Subject,
492,,,,23418,10,0.29203438572530305,Category,,,Feature,,,,,,,,,,,Subject,
493,,,,23413,15,0.3825274331788687,Category,,,Feature,,,,,,,,,,,Subject,
494,,,,23408,20,0.4506041406459388,Category,,,Feature,,,,,,,,,,,Subject,
495,,,,23398,30,0.561336223863556,Category,,,Feature,,,,,,,,,,,Subject,
496,,,,23388,40,0.47587582475281986,Category,,,Feature,,,,,,,,,,,Subject,
497,,,,23378,50,0.4547261762875152,Category,,,Feature,,,,,,,,,,,Subject,
498,,,,23368,60,0.4565169130427391,Category,,,Feature,,,,,,,,,,,Subject,
499,,,,23358,70,0.4619266084855561,Category,,,Feature,,,,,,,,,,,Subject,
500,,,,23427,1,0.007261327090039372,Category,,,,Feature,,,,,,,,,,Subject,
501,,,,23423,5,0.03509642990650345,Category,,,,Feature,,,,,,,,,,Subject,
502,,,,23418,10,0.0688987469019911,Category,,,,Feature,,,,,,,,,,Subject,
503,,,,23413,15,0.10135818066554768,Category,,,,Feature,,,,,,,,,,Subject,
504,,,,23408,20,0.13106409399758118,Category,,,,Feature,,,,,,,,,,Subject,
505,,,,23398,30,0.18341493869095205,Category,,,,Feature,,,,,,,,,,Subject,
506,,,,23388,40,0.19827426240119567,Category,,,,Feature,,,,,,,,,,Subject,
507,,,,23378,50,0.2025549459152636,Category,,,,Feature,,,,,,,,,,Subject,
508,,,,23368,60,0.20571234206094097,Category,,,,Feature,,,,,,,,,,Subject,
509,,,,23358,70,0.2083463828164613,Category,,,,Feature,,,,,,,,,,Subject,
510,,,,23427,1,0.05741405914390879,Category,,,,,Feature,,,,,,,,,Subject,
511,,,,23423,5,0.22320281836308348,Category,,,,,Feature,,,,,,,,,Subject,
512,,,,23418,10,0.37401481847305745,Category,,,,,Feature,,,,,,,,,Subject,
513,,,,23413,15,0.4796046364082148,Category,,,,,Feature,,,,,,,,,Subject,
514,,,,23408,20,0.5565761567682962,Category,,,,,Feature,,,,,,,,,Subject,
515,,,,23398,30,0.6718215455370139,Category,,,,,Feature,,,,,,,,,Subject,
516,,,,23388,40,0.5373526228131237,Category,,,,,Feature,,,,,,,,,Subject,
517,,,,23378,50,0.5197344102537977,Category,,,,,Feature,,,,,,,,,Subject,
518,,,,23368,60,0.5346966339648384,Category,,,,,Feature,,,,,,,,,Subject,
519,,,,23358,70,0.5404169537075133,Category,,,,,Feature,,,,,,,,,Subject,
520,,,,23427,1,0.1814222907046532,Category,,,,,,Feature,,,,,,,,Subject,
521,,,,23423,5,0.9036599810191847,Category,,,,,,Feature,,,,,,,,Subject,
522,,,,23418,10,1.7996804452175825,Category,,,,,,Feature,,,,,,,,Subject,
523,,,,23413,15,2.6833852523875894,Category,,,,,,Feature,,,,,,,,Subject,
524,,,,23408,20,3.5441826113450308,Category,,,,,,Feature,,,,,,,,Subject,
525,,,,23398,30,5.175045656403275,Category,,,,,,Feature,,,,,,,,Subject,
526,,,,23388,40,4.8216703004215615,Category,,,,,,Feature,,,,,,,,Subject,
527,,,,23378,50,4.0373665570317305,Category,,,,,,Feature,,,,,,,,Subject,
528,,,,23368,60,3.3284600534375524,Category,,,,,,Feature,,,,,,,,Subject,
529,,,,23358,70,3.076746766648008,Category,,,,,,Feature,,,,,,,,Subject,
530,,,,23427,1,0.01577591493373041,Category,,,,,,,Feature,,,,,,,Subject,
531,,,,23423,5,0.07089377996172129,Category,,,,,,,Feature,,,,,,,Subject,
532,,,,23418,10,0.12883911533472314,Category,,,,,,,Feature,,,,,,,Subject,
533,,,,23413,15,0.17725261641914264,Category,,,,,,,Feature,,,,,,,Subject,
534,,,,23408,20,0.22089937614483002,Category,,,,,,,Feature,,,,,,,Subject,
535,,,,23398,30,0.3009647933370211,Category,,,,,,,Feature,,,,,,,Subject,
536,,,,23388,40,0.3138441018790393,Category,,,,,,,Feature,,,,,,,Subject,
537,,,,23378,50,0.32675585212245384,Category,,,,,,,Feature,,,,,,,Subject,
538,,,,23368,60,0.34251288196523516,Category,,,,,,,Feature,,,,,,,Subject,
539,,,,23358,70,0.34889673512928315,Category,,,,,,,Feature,,,,,,,Subject,
540,,,,23427,1,0.011651046632962767,Category,,,,,,,,Feature,,,,,,Subject,
541,,,,23423,5,0.05531521768268918,Category,,,,,,,,Feature,,,,,,Subject,
542,,,,23418,10,0.10340371398090212,Category,,,,,,,,Feature,,,,,,Subject,
543,,,,23413,15,0.14803616507324444,Category,,,,,,,,Feature,,,,,,Subject,
544,,,,23408,20,0.19219838775939435,Category,,,,,,,,Feature,,,,,,Subject,
545,,,,23398,30,0.2719968763152223,Category,,,,,,,,Feature,,,,,,Subject,
546,,,,23388,40,0.2961461650391585,Category,,,,,,,,Feature,,,,,,Subject,
547,,,,23378,50,0.30929877828032803,Category,,,,,,,,Feature,,,,,,Subject,
548,,,,23368,60,0.31835680593622667,Category,,,,,,,,Feature,,,,,,Subject,
549,,,,23358,70,0.32221907539839356,Category,,,,,,,,Feature,,,,,,Subject,
550,,,,23427,1,0.0058687370082330225,Category,,,,,,,,,Feature,,,,,Subject,
551,,,,23423,5,0.027972206510499146,Category,,,,,,,,,Feature,,,,,Subject,
552,,,,23418,10,0.05354720130443449,Category,,,,,,,,,Feature,,,,,Subject,
553,,,,23413,15,0.07769095688922768,Category,,,,,,,,,Feature,,,,,Subject,
554,,,,23408,20,0.10133541310820401,Category,,,,,,,,,Feature,,,,,Subject,
555,,,,23398,30,0.1458720852833621,Category,,,,,,,,,Feature,,,,,Subject,
556,,,,23388,40,0.17266535745089495,Category,,,,,,,,,Feature,,,,,Subject,
557,,,,23378,50,0.1933398925925299,Category,,,,,,,,,Feature,,,,,Subject,
558,,,,23368,60,0.21395360986302236,Category,,,,,,,,,Feature,,,,,Subject,
559,,,,23358,70,0.22185992122589565,Category,,,,,,,,,Feature,,,,,Subject,
560,,,,23427,1,0.018550832057907526,Category,,,,,,,,,,Feature,,,,Subject,
561,,,,23423,5,0.0817251280361556,Category,,,,,,,,,,Feature,,,,Subject,
562,,,,23418,10,0.14656299361558991,Category,,,,,,,,,,Feature,,,,Subject,
563,,,,23413,15,0.20195139861065953,Category,,,,,,,,,,Feature,,,,Subject,
564,,,,23408,20,0.24953942959043182,Category,,,,,,,,,,Feature,,,,Subject,
565,,,,23398,30,0.3338765195572372,Category,,,,,,,,,,Feature,,,,Subject,
566,,,,23388,40,0.3451991492029373,Category,,,,,,,,,,Feature,,,,Subject,
567,,,,23378,50,0.3546474410977076,Category,,,,,,,,,,Feature,,,,Subject,
568,,,,23368,60,0.3656638979253918,Category,,,,,,,,,,Feature,,,,Subject,
569,,,,23358,70,0.36955263141740347,Category,,,,,,,,,,Feature,,,,Subject,
570,,,,23427,1,0.06471138537284307,Category,,,,,,,,,,,Feature,,,Subject,
571,,,,23423,5,0.23924471418264193,Category,,,,,,,,,,,Feature,,,Subject,
572,,,,23418,10,0.396130598717406,Category,,,,,,,,,,,Feature,,,Subject,
573,,,,23413,15,0.5025363235236815,Category,,,,,,,,,,,Feature,,,Subject,
574,,,,23408,20,0.5798765286000449,Category,,,,,,,,,,,Feature,,,Subject,
575,,,,23398,30,0.6941911275235095,Category,,,,,,,,,,,Feature,,,Subject,
576,,,,23388,40,0.5461450908322611,Category,,,,,,,,,,,Feature,,,Subject,
577,,,,23378,50,0.5301116470620069,Category,,,,,,,,,,,Feature,,,Subject,
578,,,,23368,60,0.5446220432636654,Category,,,,,,,,,,,Feature,,,Subject,
579,,,,23358,70,0.5501502528369715,Category,,,,,,,,,,,Feature,,,Subject,
580,,,,23427,1,0.27127278163892937,,Feature,,,,,,,,,,,Category,,Subject,
581,,,,23423,5,1.3533092486534626,,Feature,,,,,,,,,,,Category,,Subject,
582,,,,23418,10,2.6926336892154064,,Feature,,,,,,,,,,,Category,,Subject,
583,,,,23413,15,4.002703545262766,,Feature,,,,,,,,,,,Category,,Subject,
584,,,,23408,20,5.267073676793116,,Feature,,,,,,,,,,,Category,,Subject,
585,,,,23398,30,7.5527329192650186,,Feature,,,,,,,,,,,Category,,Subject,
586,,,,23388,40,5.932271328946871,,Feature,,,,,,,,,,,Category,,Subject,
587,,,,23378,50,4.090770994937473,,Feature,,,,,,,,,,,Category,,Subject,
588,,,,23368,60,2.8486487974769985,,Feature,,,,,,,,,,,Category,,Subject,
589,,,,23358,70,2.4828078524087305,,Feature,,,,,,,,,,,Category,,Subject,
590,,,,23427,1,0.28886692216436627,,,Feature,,,,,,,,,,Category,,Subject,
591,,,,23423,5,1.4431508919023277,,,Feature,,,,,,,,,,Category,,Subject,
592,,,,23418,10,2.876901709012901,,,Feature,,,,,,,,,,Category,,Subject,
593,,,,23413,15,4.27897199642356,,,Feature,,,,,,,,,,Category,,Subject,
594,,,,23408,20,5.625216600759304,,,Feature,,,,,,,,,,Category,,Subject,
595,,,,23398,30,8.04964291477498,,,Feature,,,,,,,,,,Category,,Subject,
596,,,,23388,40,6.054110436806456,,,Feature,,,,,,,,,,Category,,Subject,
597,,,,23378,50,4.011792730287798,,,Feature,,,,,,,,,,Category,,Subject,
598,,,,23368,60,2.5836629585972957,,,Feature,,,,,,,,,,Category,,Subject,
599,,,,23358,70,2.177896074945091,,,Feature,,,,,,,,,,Category,,Subject,
600,,,,23427,1,0.8027979117238031,,,,Feature,,,,,,,,,Category,,Subject,
601,,,,23423,5,3.9977965950486016,,,,Feature,,,,,,,,,Category,,Subject,
602,,,,23418,10,7.95626310953407,,,,Feature,,,,,,,,,Category,,Subject,
603,,,,23413,15,11.394253986442104,,,,Feature,,,,,,,,,Category,,Subject,
604,,,,23408,20,13.385051805556257,,,,Feature,,,,,,,,,Category,,Subject,
605,,,,23398,30,14.3946517122607,,,,Feature,,,,,,,,,Category,,Subject,
606,,,,23388,40,1.8380035303910165,,,,Feature,,,,,,,,,Category,,Subject,
607,,,,23378,50,0.3046135622756763,,,,Feature,,,,,,,,,Category,,Subject,
608,,,,23368,60,0.0873727255789409,,,,Feature,,,,,,,,,Category,,Subject,
609,,,,23358,70,0.05326865263532706,,,,Feature,,,,,,,,,Category,,Subject,
610,,,,23427,1,0.19784585262912124,,,,,Feature,,,,,,,,Category,,Subject,
611,,,,23423,5,0.9852201069172299,,,,,Feature,,,,,,,,Category,,Subject,
612,,,,23418,10,1.961973742034572,,,,,Feature,,,,,,,,Category,,Subject,
613,,,,23413,15,2.9229988442775463,,,,,Feature,,,,,,,,Category,,Subject,
614,,,,23408,20,3.856927547033115,,,,,Feature,,,,,,,,Category,,Subject,
615,,,,23398,30,5.616223331705893,,,,,Feature,,,,,,,,Category,,Subject,
616,,,,23388,40,5.085548029744208,,,,,Feature,,,,,,,,Category,,Subject,
617,,,,23378,50,4.117296814328238,,,,,Feature,,,,,,,,Category,,Subject,
618,,,,23368,60,3.3057434233125518,,,,,Feature,,,,,,,,Category,,Subject,
619,,,,23358,70,3.035740405111542,,,,,Feature,,,,,,,,Category,,Subject,
620,,,,23427,1,0.9506724204393333,,,,,,Feature,,,,,,,Category,,Subject,
621,,,,23423,5,4.723725126570658,,,,,,Feature,,,,,,,Category,,Subject,
622,,,,23418,10,9.389545233439,,,,,,Feature,,,,,,,Category,,Subject,
623,,,,23413,15,13.155671626373929,,,,,,Feature,,,,,,,Category,,Subject,
624,,,,23408,20,14.252698769251143,,,,,,Feature,,,,,,,Category,,Subject,
625,,,,23398,30,14.49096878268385,,,,,,Feature,,,,,,,Category,,Subject,
626,,,,23388,40,0.7914832440066892,,,,,,Feature,,,,,,,Category,,Subject,
627,,,,23378,50,0.12451155988356506,,,,,,Feature,,,,,,,Category,,Subject,
628,,,,23368,60,0.03208721429657122,,,,,,Feature,,,,,,,Category,,Subject,
629,,,,23358,70,0.019123934216331826,,,,,,Feature,,,,,,,Category,,Subject,
630,,,,23427,1,0.3105022935814822,,,,,,,Feature,,,,,,Category,,Subject,
631,,,,23423,5,1.550437242056831,,,,,,,Feature,,,,,,Category,,Subject,
632,,,,23418,10,3.0861723390003633,,,,,,,Feature,,,,,,Category,,Subject,
633,,,,23413,15,4.58298971014571,,,,,,,Feature,,,,,,Category,,Subject,
634,,,,23408,20,5.998343952423154,,,,,,,Feature,,,,,,Category,,Subject,
635,,,,23398,30,8.46194105093685,,,,,,,Feature,,,,,,Category,,Subject,
636,,,,23388,40,6.026488201540931,,,,,,,Feature,,,,,,Category,,Subject,
637,,,,23378,50,3.927419758369318,,,,,,,Feature,,,,,,Category,,Subject,
638,,,,23368,60,2.5576019222771524,,,,,,,Feature,,,,,,Category,,Subject,
639,,,,23358,70,2.1591898029373446,,,,,,,Feature,,,,,,Category,,Subject,
640,,,,23427,1,0.35614845021218666,,,,,,,,Feature,,,,,Category,,Subject,
641,,,,23423,5,1.7776321146444862,,,,,,,,Feature,,,,,Category,,Subject,
642,,,,23418,10,3.538055630253765,,,,,,,,Feature,,,,,Category,,Subject,
643,,,,23413,15,5.244678360822672,,,,,,,,Feature,,,,,Category,,Subject,
644,,,,23408,20,6.842140282045346,,,,,,,,Feature,,,,,Category,,Subject,
645,,,,23398,30,9.553779315218813,,,,,,,,Feature,,,,,Category,,Subject,
646,,,,23388,40,6.250771754798823,,,,,,,,Feature,,,,,Category,,Subject,
647,,,,23378,50,3.639982303176495,,,,,,,,Feature,,,,,Category,,Subject,
648,,,,23368,60,2.003509585086658,,,,,,,,Feature,,,,,Category,,Subject,
649,,,,23358,70,1.551259146973243,,,,,,,,Feature,,,,,Category,,Subject,
650,,,,23427,1,0.28669606994963764,,,,,,,,,Feature,,,,Category,,Subject,
651,,,,23423,5,1.4320995843817064,,,,,,,,,Feature,,,,Category,,Subject,
652,,,,23418,10,2.8547343156784684,,,,,,,,,Feature,,,,Category,,Subject,
653,,,,23413,15,4.244894686069084,,,,,,,,,Feature,,,,Category,,Subject,
654,,,,23408,20,5.579666447942533,,,,,,,,,Feature,,,,Category,,Subject,
655,,,,23398,30,7.976472928653175,,,,,,,,,Feature,,,,Category,,Subject,
656,,,,23388,40,6.015264479857715,,,,,,,,,Feature,,,,Category,,Subject,
657,,,,23378,50,4.014105183204171,,,,,,,,,Feature,,,,Category,,Subject,
658,,,,23368,60,2.6330552567522574,,,,,,,,,Feature,,,,Category,,Subject,
659,,,,23358,70,2.2433314886951488,,,,,,,,,Feature,,,,Category,,Subject,
660,,,,23427,1,0.2819651502510649,,,,,,,,,,Feature,,,Category,,Subject,
661,,,,23423,5,1.4079950882452923,,,,,,,,,,Feature,,,Category,,Subject,
662,,,,23418,10,2.805273017733175,,,,,,,,,,Feature,,,Category,,Subject,
663,,,,23413,15,4.165353044122763,,,,,,,,,,Feature,,,Category,,Subject,
664,,,,23408,20,5.473765292975559,,,,,,,,,,Feature,,,Category,,Subject,
665,,,,23398,30,7.852995163711171,,,,,,,,,,Feature,,,Category,,Subject,
666,,,,23388,40,6.019026846375999,,,,,,,,,,Feature,,,Category,,Subject,
667,,,,23378,50,4.096942881638233,,,,,,,,,,Feature,,,Category,,Subject,
668,,,,23368,60,2.7615218974110567,,,,,,,,,,Feature,,,Category,,Subject,
669,,,,23358,70,2.3503560396850336,,,,,,,,,,Feature,,,Category,,Subject,
670,,,,23427,1,0.4931881766789816,,,,,,,,,,,Feature,,Category,,Subject,
671,,,,23423,5,2.4628060061601085,,,,,,,,,,,Feature,,Category,,Subject,
672,,,,23418,10,4.90292961581323,,,,,,,,,,,Feature,,Category,,Subject,
673,,,,23413,15,7.214147229285031,,,,,,,,,,,Feature,,Category,,Subject,
674,,,,23408,20,9.257255464711521,,,,,,,,,,,Feature,,Category,,Subject,
675,,,,23398,30,12.18086511425383,,,,,,,,,,,Feature,,Category,,Subject,
676,,,,23388,40,5.3105686591815635,,,,,,,,,,,Feature,,Category,,Subject,
677,,,,23378,50,2.0119256903156257,,,,,,,,,,,Feature,,Category,,Subject,
678,,,,23368,60,0.7587167733731727,,,,,,,,,,,Feature,,Category,,Subject,
679,,,,23358,70,0.5184169670986947,,,,,,,,,,,Feature,,Category,,Subject,
680,,,,23427,1,0.9787287283228083,,,,,,,,,,,,Feature,Category,,Subject,
681,,,,23423,5,4.843112125867124,,,,,,,,,,,,Feature,Category,,Subject,
682,,,,23418,10,9.620664911592014,,,,,,,,,,,,Feature,Category,,Subject,
683,,,,23413,15,13.419330029695342,,,,,,,,,,,,Feature,Category,,Subject,
684,,,,23408,20,14.336523456489683,,,,,,,,,,,,Feature,Category,,Subject,
685,,,,23398,30,14.500177378204375,,,,,,,,,,,,Feature,Category,,Subject,
686,,,,23388,40,0.628900206970501,,,,,,,,,,,,Feature,Category,,Subject,
687,,,,23378,50,0.09347811216104727,,,,,,,,,,,,Feature,Category,,Subject,
688,,,,23368,60,0.021164563245877604,,,,,,,,,,,,Feature,Category,,Subject,
689,,,,23358,70,0.011611207456587174,,,,,,,,,,,,Feature,Category,,Subject,
690,,Category,Feature,23427,1,0.35614845021218666,,,,,,,,,,,,,,,,Subject
691,,Category,Feature,23423,5,1.7776321146444862,,,,,,,,,,,,,,,,Subject
692,,Category,Feature,23418,10,3.538055630253765,,,,,,,,,,,,,,,,Subject
693,,Category,Feature,23413,15,5.244678360822672,,,,,,,,,,,,,,,,Subject
694,,Category,Feature,23408,20,6.842140282045346,,,,,,,,,,,,,,,,Subject
695,,Category,Feature,23398,30,9.553779315218813,,,,,,,,,,,,,,,,Subject
696,,Category,Feature,23388,40,6.250771754798823,,,,,,,,,,,,,,,,Subject
697,,Category,Feature,23378,50,3.639982303176495,,,,,,,,,,,,,,,,Subject
698,,Category,Feature,23368,60,2.003509585086658,,,,,,,,,,,,,,,,Subject
699,,Category,Feature,23358,70,1.551259146973243,,,,,,,,,,,,,,,,Subject
700,,,,23427,1,0.25255513345980807,Category,Feature,,,,,,,,,,,,,,Subject
701,,,,23423,5,1.2606505156676755,Category,Feature,,,,,,,,,,,,,,Subject
702,,,,23418,10,2.5106939418908376,Category,Feature,,,,,,,,,,,,,,Subject
703,,,,23413,15,3.726540088518292,Category,Feature,,,,,,,,,,,,,,Subject
704,,,,23408,20,4.900494366968935,Category,Feature,,,,,,,,,,,,,,Subject
705,,,,23398,30,7.050341281765774,Category,Feature,,,,,,,,,,,,,,Subject
706,,,,23388,40,5.742039750734057,Category,Feature,,,,,,,,,,,,,,Subject
707,,,,23378,50,4.216901226176911,Category,Feature,,,,,,,,,,,,,,Subject
708,,,,23368,60,3.0641287458436035,Category,Feature,,,,,,,,,,,,,,Subject
709,,,,23358,70,2.689399444264613,Category,Feature,,,,,,,,,,,,,,Subject
710,,,,23427,1,0.28669606994963764,Category,,Feature,,,,,,,,,,,,,Subject
711,,,,23423,5,1.4320995843817064,Category,,Feature,,,,,,,,,,,,,Subject
712,,,,23418,10,2.8547343156784684,Category,,Feature,,,,,,,,,,,,,Subject
713,,,,23413,15,4.244894686069084,Category,,Feature,,,,,,,,,,,,,Subject
714,,,,23408,20,5.579666447942533,Category,,Feature,,,,,,,,,,,,,Subject
715,,,,23398,30,7.976472928653175,Category,,Feature,,,,,,,,,,,,,Subject
716,,,,23388,40,6.015264479857715,Category,,Feature,,,,,,,,,,,,,Subject
717,,,,23378,50,4.014105183204171,Category,,Feature,,,,,,,,,,,,,Subject
718,,,,23368,60,2.6330552567522574,Category,,Feature,,,,,,,,,,,,,Subject
719,,,,23358,70,2.2433314886951488,Category,,Feature,,,,,,,,,,,,,Subject
720,,,,23427,1,0.2819651502510649,Category,,,Feature,,,,,,,,,,,,Subject
721,,,,23423,5,1.4079950882452923,Category,,,Feature,,,,,,,,,,,,Subject
722,,,,23418,10,2.805273017733175,Category,,,Feature,,,,,,,,,,,,Subject
723,,,,23413,15,4.165353044122763,Category,,,Feature,,,,,,,,,,,,Subject
724,,,,23408,20,5.473765292975559,Category,,,Feature,,,,,,,,,,,,Subject
725,,,,23398,30,7.852995163711171,Category,,,Feature,,,,,,,,,,,,Subject
726,,,,23388,40,6.019026846375999,Category,,,Feature,,,,,,,,,,,,Subject
727,,,,23378,50,4.096942881638233,Category,,,Feature,,,,,,,,,,,,Subject
728,,,,23368,60,2.7615218974110567,Category,,,Feature,,,,,,,,,,,,Subject
729,,,,23358,70,2.3503560396850336,Category,,,Feature,,,,,,,,,,,,Subject
730,,,,23427,1,0.1814222907046532,Category,,,,Feature,,,,,,,,,,,Subject
731,,,,23423,5,0.9036599810191847,Category,,,,Feature,,,,,,,,,,,Subject
732,,,,23418,10,1.7996804452175825,Category,,,,Feature,,,,,,,,,,,Subject
733,,,,23413,15,2.6833852523875894,Category,,,,Feature,,,,,,,,,,,Subject
734,,,,23408,20,3.5441826113450308,Category,,,,Feature,,,,,,,,,,,Subject
735,,,,23398,30,5.175045656403275,Category,,,,Feature,,,,,,,,,,,Subject
736,,,,23388,40,4.8216703004215615,Category,,,,Feature,,,,,,,,,,,Subject
737,,,,23378,50,4.0373665570317305,Category,,,,Feature,,,,,,,,,,,Subject
738,,,,23368,60,3.3284600534375524,Category,,,,Feature,,,,,,,,,,,Subject
739,,,,23358,70,3.076746766648008,Category,,,,Feature,,,,,,,,,,,Subject
740,,,,23427,1,0.050522594752148646,Category,,,,,Feature,,,,,,,,,,Subject
741,,,,23423,5,0.20410508995688476,Category,,,,,Feature,,,,,,,,,,Subject
742,,,,23418,10,0.35055865240320566,Category,,,,,Feature,,,,,,,,,,Subject
743,,,,23413,15,0.46389098761208086,Category,,,,,Feature,,,,,,,,,,Subject
744,,,,23408,20,0.5592590231071655,Category,,,,,Feature,,,,,,,,,,Subject
745,,,,23398,30,0.7352054774451957,Category,,,,,Feature,,,,,,,,,,Subject
746,,,,23388,40,0.7034668358712165,Category,,,,,Feature,,,,,,,,,,Subject
747,,,,23378,50,0.7395359695671863,Category,,,,,Feature,,,,,,,,,,Subject
748,,,,23368,60,0.7783210634089732,Category,,,,,Feature,,,,,,,,,,Subject
749,,,,23358,70,0.7923361179702344,Category,,,,,Feature,,,,,,,,,,Subject
750,,,,23427,1,0.013740190997523334,Category,,,,,,Feature,,,,,,,,,Subject
751,,,,23423,5,0.058776433098333615,Category,,,,,,Feature,,,,,,,,,Subject
752,,,,23418,10,0.11079131730333162,Category,,,,,,Feature,,,,,,,,,Subject
753,,,,23413,15,0.1617669647632478,Category,,,,,,Feature,,,,,,,,,Subject
754,,,,23408,20,0.21173980177553425,Category,,,,,,Feature,,,,,,,,,Subject
755,,,,23398,30,0.29923855004212246,Category,,,,,,Feature,,,,,,,,,Subject
756,,,,23388,40,0.33556350379363914,Category,,,,,,Feature,,,,,,,,,Subject
757,,,,23378,50,0.3510614702924461,Category,,,,,,Feature,,,,,,,,,Subject
758,,,,23368,60,0.3692311396926507,Category,,,,,,Feature,,,,,,,,,Subject
759,,,,23358,70,0.3775171833592873,Category,,,,,,Feature,,,,,,,,,Subject
760,,,,23427,1,0.007261327090039372,Category,,,,,,,Feature,,,,,,,,Subject
761,,,,23423,5,0.03630693898914694,Category,,,,,,,Feature,,,,,,,,Subject
762,,,,23418,10,0.0721401930452893,Category,,,,,,,Feature,,,,,,,,Subject
763,,,,23413,15,0.10726349791523644,Category,,,,,,,Feature,,,,,,,,Subject
764,,,,23408,20,0.14163057332479237,Category,,,,,,,Feature,,,,,,,,Subject
765,,,,23398,30,0.20698520814556404,Category,,,,,,,Feature,,,,,,,,Subject
766,,,,23388,40,0.24457514808586472,Category,,,,,,,Feature,,,,,,,,Subject
767,,,,23378,50,0.269176379371327,Category,,,,,,,Feature,,,,,,,,Subject
768,,,,23368,60,0.2928379954250036,Category,,,,,,,Feature,,,,,,,,Subject
769,,,,23358,70,0.3030080373109584,Category,,,,,,,Feature,,,,,,,,Subject
770,,,,23427,1,0.013740190997523334,Category,,,,,,,,Feature,,,,,,,Subject
771,,,,23423,5,0.062260857213293185,Category,,,,,,,,Feature,,,,,,,Subject
772,,,,23418,10,0.11721788556102784,Category,,,,,,,,Feature,,,,,,,Subject
773,,,,23413,15,0.1704793695723429,Category,,,,,,,,Feature,,,,,,,Subject
774,,,,23408,20,0.2229937390498065,Category,,,,,,,,Feature,,,,,,,Subject
775,,,,23398,30,0.3217300479672769,Category,,,,,,,,Feature,,,,,,,Subject
776,,,,23388,40,0.36451400207603046,Category,,,,,,,,Feature,,,,,,,Subject
777,,,,23378,50,0.38749687694003926,Category,,,,,,,,Feature,,,,,,,Subject
778,,,,23368,60,0.4103069517161879,Category,,,,,,,,Feature,,,,,,,Subject
779,,,,23358,70,0.4202803824193717,Category,,,,,,,,Feature,,,,,,,Subject
780,,,,23427,1,0.0053939230747172,Category,,,,,,,,,Feature,,,,,,Subject
781,,,,23423,5,0.02697106320351609,Category,,,,,,,,,Feature,,,,,,Subject
782,,,,23418,10,0.05394573613459469,Category,,,,,,,,,Feature,,,,,,Subject
783,,,,23413,15,0.08092400230939303,Category,,,,,,,,,Feature,,,,,,Subject
784,,,,23408,20,0.10706443908444226,Category,,,,,,,,,Feature,,,,,,Subject
785,,,,23398,30,0.15705992936068014,Category,,,,,,,,,Feature,,,,,,Subject
786,,,,23388,40,0.18952299620892502,Category,,,,,,,,,Feature,,,,,,Subject
787,,,,23378,50,0.21174343608189933,Category,,,,,,,,,Feature,,,,,,Subject
788,,,,23368,60,0.233015698238141,Category,,,,,,,,,Feature,,,,,,Subject
789,,,,23358,70,0.24172385517657477,Category,,,,,,,,,Feature,,,,,,Subject
790,,,,23427,1,0.014151318875538478,Category,,,,,,,,,,Feature,,,,,Subject
791,,,,23423,5,0.06760870616454101,Category,,,,,,,,,,Feature,,,,,Subject
792,,,,23418,10,0.12952520574476445,Category,,,,,,,,,,Feature,,,,,Subject
793,,,,23413,15,0.1867641287466623,Category,,,,,,,,,,Feature,,,,,Subject
794,,,,23408,20,0.2367385840096035,Category,,,,,,,,,,Feature,,,,,Subject
795,,,,23398,30,0.3308261262927597,Category,,,,,,,,,,Feature,,,,,Subject
796,,,,23388,40,0.36282716539392645,Category,,,,,,,,,,Feature,,,,,Subject
797,,,,23378,50,0.3873079623872794,Category,,,,,,,,,,Feature,,,,,Subject
798,,,,23368,60,0.4148594868585358,Category,,,,,,,,,,Feature,,,,,Subject
799,,,,23358,70,0.4250478336458628,Category,,,,,,,,,,Feature,,,,,Subject
800,,,,23427,1,0.9787287283228083,Category,,,,,,,,,,,Feature,,,,Subject
801,,,,23423,5,4.843112125867124,Category,,,,,,,,,,,Feature,,,,Subject
802,,,,23418,10,9.620664911592014,Category,,,,,,,,,,,Feature,,,,Subject
803,,,,23413,15,13.419330029695342,Category,,,,,,,,,,,Feature,,,,Subject
804,,,,23408,20,14.336523456489683,Category,,,,,,,,,,,Feature,,,,Subject
805,,,,23398,30,14.500177378204375,Category,,,,,,,,,,,Feature,,,,Subject
806,,,,23388,40,0.628900206970501,Category,,,,,,,,,,,Feature,,,,Subject
807,,,,23378,50,0.09347811216104727,Category,,,,,,,,,,,Feature,,,,Subject
808,,,,23368,60,0.021164563245877604,Category,,,,,,,,,,,Feature,,,,Subject
809,,,,23358,70,0.011611207456587174,Category,,,,,,,,,,,Feature,,,,Subject
810,,,,23427,1,0.26978253716867084,,Feature,,,,,,,,,,,Category,,,Subject
811,,,,23423,5,1.346131421202577,,Feature,,,,,,,,,,,Category,,,Subject
812,,,,23418,10,2.6788380634673565,,Feature,,,,,,,,,,,Category,,,Subject
813,,,,23413,15,3.983110258694189,,Feature,,,,,,,,,,,Category,,,Subject
814,,,,23408,20,5.2428160336196425,,Feature,,,,,,,,,,,Category,,,Subject
815,,,,23398,30,7.52110264307227,,Feature,,,,,,,,,,,Category,,,Subject
816,,,,23388,40,5.9237934904238685,,Feature,,,,,,,,,,,Category,,,Subject
817,,,,23378,50,4.11149560836553,,Feature,,,,,,,,,,,Category,,,Subject
818,,,,23368,60,2.8743839027750555,,Feature,,,,,,,,,,,Category,,,Subject
819,,,,23358,70,2.506425821524563,,Feature,,,,,,,,,,,Category,,,Subject
820,,,,23427,1,0.38908573812620967,,,Feature,,,,,,,,,,Category,,,Subject
821,,,,23423,5,1.9442939498076404,,,Feature,,,,,,,,,,Category,,,Subject
822,,,,23418,10,3.871101710417489,,,Feature,,,,,,,,,,Category,,,Subject
823,,,,23413,15,5.734472313284143,,,Feature,,,,,,,,,,Category,,,Subject
824,,,,23408,20,7.47052762293238,,,Feature,,,,,,,,,,Category,,,Subject
825,,,,23398,30,10.352974029415595,,,Feature,,,,,,,,,,Category,,,Subject
826,,,,23388,40,6.0568168507701134,,,Feature,,,,,,,,,,Category,,,Subject
827,,,,23378,50,3.069759045571339,,,Feature,,,,,,,,,,Category,,,Subject
828,,,,23368,60,1.5646605012856385,,,Feature,,,,,,,,,,Category,,,Subject
829,,,,23358,70,1.2150751717871906,,,Feature,,,,,,,,,,Category,,,Subject
830,,,,23427,1,0.8043213332533409,,,,Feature,,,,,,,,,Category,,,Subject
831,,,,23423,5,4.005034387998587,,,,Feature,,,,,,,,,Category,,,Subject
832,,,,23418,10,7.969080251787072,,,,Feature,,,,,,,,,Category,,,Subject
833,,,,23413,15,11.40860847611205,,,,Feature,,,,,,,,,Category,,,Subject
834,,,,23408,20,13.401809728204634,,,,Feature,,,,,,,,,Category,,,Subject
835,,,,23398,30,14.404477894986018,,,,Feature,,,,,,,,,Category,,,Subject
836,,,,23388,40,1.8439460710744298,,,,Feature,,,,,,,,,Category,,,Subject
837,,,,23378,50,0.2944403312209289,,,,Feature,,,,,,,,,Category,,,Subject
838,,,,23368,60,0.05870833605156255,,,,Feature,,,,,,,,,Category,,,Subject
839,,,,23358,70,0.028685123136237604,,,,Feature,,,,,,,,,Category,,,Subject
840,,,,23427,1,0.1967816421286655,,,,,Feature,,,,,,,,Category,,,Subject
841,,,,23423,5,0.9802686856078585,,,,,Feature,,,,,,,,Category,,,Subject
842,,,,23418,10,1.9527975564116953,,,,,Feature,,,,,,,,Category,,,Subject
843,,,,23413,15,2.9091693140880817,,,,,Feature,,,,,,,,Category,,,Subject
844,,,,23408,20,3.836771211396528,,,,,Feature,,,,,,,,Category,,,Subject
845,,,,23398,30,5.583279843871172,,,,,Feature,,,,,,,,Category,,,Subject
846,,,,23388,40,5.051754501544968,,,,,Feature,,,,,,,,Category,,,Subject
847,,,,23378,50,4.098031915167969,,,,,Feature,,,,,,,,Category,,,Subject
848,,,,23368,60,3.2959230790060094,,,,,Feature,,,,,,,,Category,,,Subject
849,,,,23358,70,3.029772242678069,,,,,Feature,,,,,,,,Category,,,Subject
850,,,,23427,1,0.9511627796187767,,,,,,Feature,,,,,,,Category,,,Subject
851,,,,23423,5,4.726258331889769,,,,,,Feature,,,,,,,Category,,,Subject
852,,,,23418,10,9.396767527188876,,,,,,Feature,,,,,,,Category,,,Subject
853,,,,23413,15,13.164678728001409,,,,,,Feature,,,,,,,Category,,,Subject
854,,,,23408,20,14.273029421800635,,,,,,Feature,,,,,,,Category,,,Subject
855,,,,23398,30,14.503611127351359,,,,,,Feature,,,,,,,Category,,,Subject
856,,,,23388,40,0.7634364233978981,,,,,,Feature,,,,,,,Category,,,Subject
857,,,,23378,50,0.094842387761076,,,,,,Feature,,,,,,,Category,,,Subject
858,,,,23368,60,0.01843379464501037,,,,,,Feature,,,,,,,Category,,,Subject
859,,,,23358,70,0.01092821641726076,,,,,,Feature,,,,,,,Category,,,Subject
860,,,,23427,1,0.3099794641324154,,,,,,,Feature,,,,,,Category,,,Subject
861,,,,23423,5,1.5480201302244334,,,,,,,Feature,,,,,,Category,,,Subject
862,,,,23418,10,3.082116341586993,,,,,,,Feature,,,,,,Category,,,Subject
863,,,,23413,15,4.578441631803892,,,,,,,Feature,,,,,,Category,,,Subject
864,,,,23408,20,5.993294686905549,,,,,,,Feature,,,,,,Category,,,Subject
865,,,,23398,30,8.452395636806239,,,,,,,Feature,,,,,,Category,,,Subject
866,,,,23388,40,6.028901327860847,,,,,,,Feature,,,,,,Category,,,Subject
867,,,,23378,50,3.9471644621869224,,,,,,,Feature,,,,,,Category,,,Subject
868,,,,23368,60,2.573708866992371,,,,,,,Feature,,,,,,Category,,,Subject
869,,,,23358,70,2.1688451248364666,,,,,,,Feature,,,,,,Category,,,Subject
870,,,,23427,1,0.35905404503531657,,,,,,,,Feature,,,,,Category,,,Subject
871,,,,23423,5,1.7917895528667593,,,,,,,,Feature,,,,,Category,,,Subject
872,,,,23418,10,3.5660730371632017,,,,,,,,Feature,,,,,Category,,,Subject
873,,,,23413,15,5.284104929437417,,,,,,,,Feature,,,,,Category,,,Subject
874,,,,23408,20,6.887320175293445,,,,,,,,Feature,,,,,Category,,,Subject
875,,,,23398,30,9.604733540472473,,,,,,,,Feature,,,,,Category,,,Subject
876,,,,23388,40,6.2504068532465284,,,,,,,,Feature,,,,,Category,,,Subject
877,,,,23378,50,3.642682169709785,,,,,,,,Feature,,,,,Category,,,Subject
878,,,,23368,60,1.9973687116178631,,,,,,,,Feature,,,,,Category,,,Subject
879,,,,23358,70,1.5356544852236729,,,,,,,,Feature,,,,,Category,,,Subject
880,,,,23427,1,0.2861521163772142,,,,,,,,,Feature,,,,Category,,,Subject
881,,,,23423,5,1.4295662824738304,,,,,,,,,Feature,,,,Category,,,Subject
882,,,,23418,10,2.849844437750159,,,,,,,,,Feature,,,,Category,,,Subject
883,,,,23413,15,4.238820794868421,,,,,,,,,Feature,,,,Category,,,Subject
884,,,,23408,20,5.572501457108526,,,,,,,,,Feature,,,,Category,,,Subject
885,,,,23398,30,7.968425337158612,,,,,,,,,Feature,,,,Category,,,Subject
886,,,,23388,40,6.02163418677822,,,,,,,,,Feature,,,,Category,,,Subject
887,,,,23378,50,4.041347989976224,,,,,,,,,Feature,,,,Category,,,Subject
888,,,,23368,60,2.6497764487338245,,,,,,,,,Feature,,,,Category,,,Subject
889,,,,23358,70,2.249878063434101,,,,,,,,,Feature,,,,Category,,,Subject
890,,,,23427,1,0.2817824348630787,,,,,,,,,,Feature,,,Category,,,Subject
891,,,,23423,5,1.4069799452566698,,,,,,,,,,Feature,,,Category,,,Subject
892,,,,23418,10,2.8026057930179484,,,,,,,,,,Feature,,,Category,,,Subject
893,,,,23413,15,4.160728266320388,,,,,,,,,,Feature,,,Category,,,Subject
894,,,,23408,20,5.4665973050331065,,,,,,,,,,Feature,,,Category,,,Subject
895,,,,23398,30,7.837887986390358,,,,,,,,,,Feature,,,Category,,,Subject
896,,,,23388,40,6.015775043099525,,,,,,,,,,Feature,,,Category,,,Subject
897,,,,23378,50,4.1168306722855545,,,,,,,,,,Feature,,,Category,,,Subject
898,,,,23368,60,2.7925774300711534,,,,,,,,,,Feature,,,Category,,,Subject
899,,,,23358,70,2.38164787446733,,,,,,,,,,Feature,,,Category,,,Subject
900,,,,23427,1,0.49487796550783736,,,,,,,,,,,Feature,,Category,,,Subject
901,,,,23423,5,2.470855871576247,,,,,,,,,,,Feature,,Category,,,Subject
902,,,,23418,10,4.918685524176293,,,,,,,,,,,Feature,,Category,,,Subject
903,,,,23413,15,7.23544604990695,,,,,,,,,,,Feature,,Category,,,Subject
904,,,,23408,20,9.281887429137424,,,,,,,,,,,Feature,,Category,,,Subject
905,,,,23398,30,12.204198945270551,,,,,,,,,,,Feature,,Category,,,Subject
906,,,,23388,40,5.320955512905087,,,,,,,,,,,Feature,,Category,,,Subject
907,,,,23378,50,2.017391747602438,,,,,,,,,,,Feature,,Category,,,Subject
908,,,,23368,60,0.761744220096999,,,,,,,,,,,Feature,,Category,,,Subject
909,,,,23358,70,0.5152855846369578,,,,,,,,,,,Feature,,Category,,,Subject
910,,,,23427,1,0.9791948839286788,,,,,,,,,,,,Feature,Category,,,Subject
911,,,,23423,5,4.8448813041508965,,,,,,,,,,,,Feature,Category,,,Subject
912,,,,23418,10,9.6241779548679,,,,,,,,,,,,Feature,Category,,,Subject
913,,,,23413,15,13.42670052363432,,,,,,,,,,,,Feature,Category,,,Subject
914,,,,23408,20,14.355580080763184,,,,,,,,,,,,Feature,Category,,,Subject
915,,,,23398,30,14.504987153802924,,,,,,,,,,,,Feature,Category,,,Subject
916,,,,23388,40,0.6098661728101231,,,,,,,,,,,,Feature,Category,,,Subject
917,,,,23378,50,0.08256352507544251,,,,,,,,,,,,Feature,Category,,,Subject
918,,,,23368,60,0.017068394473836103,,,,,,,,,,,,Feature,Category,,,Subject
919,,,,23358,70,0.010245222731867605,,,,,,,,,,,,Feature,Category,,,Subject
