,NARRATOR,Other,Unknown,n,k,be,Response,Anger,Anticipation,Arousal,Disgust,Dominance,Fear,Joy,Sadness,Surprise,Trust,Valence,Stimulus,ann,henry,mary
0,Subject,Category,Feature,4593,1,0.195711302733162,,,,,,,,,,,,,,,,
1,Subject,Category,Feature,4589,5,0.8990964153917294,,,,,,,,,,,,,,,,
2,Subject,Category,Feature,4584,10,1.6861327738496508,,,,,,,,,,,,,,,,
3,Subject,Category,Feature,4579,15,2.375346770784295,,,,,,,,,,,,,,,,
4,Subject,Category,Feature,4574,20,3.0097182310008264,,,,,,,,,,,,,,,,
5,Subject,Category,Feature,4564,30,4.178353204736009,,,,,,,,,,,,,,,,
6,Subject,Category,Feature,4554,40,3.9029025372507986,,,,,,,,,,,,,,,,
7,Subject,Category,Feature,4544,50,3.5827284570731663,,,,,,,,,,,,,,,,
8,Subject,Category,Feature,4534,60,3.212449135581347,,,,,,,,,,,,,,,,
9,Subject,Category,Feature,4524,70,3.088699461560827,,,,,,,,,,,,,,,,
10,Subject,,,4593,1,0.029866545346139136,Category,Feature,,,,,,,,,,,,,,
11,Subject,,,4589,5,0.1471986617277213,Category,Feature,,,,,,,,,,,,,,
12,Subject,,,4584,10,0.2906083483287606,Category,Feature,,,,,,,,,,,,,,
13,Subject,,,4579,15,0.432304533829622,Category,Feature,,,,,,,,,,,,,,
14,Subject,,,4574,20,0.5723241033579097,Category,Feature,,,,,,,,,,,,,,
15,Subject,,,4564,30,0.8369536806001102,Category,Feature,,,,,,,,,,,,,,
16,Subject,,,4554,40,0.9596212354572968,Category,Feature,,,,,,,,,,,,,,
17,Subject,,,4544,50,1.0184943754045948,Category,Feature,,,,,,,,,,,,,,
18,Subject,,,4534,60,1.0742714139821672,Category,Feature,,,,,,,,,,,,,,
19,Subject,,,4524,70,1.0977718763175708,Category,Feature,,,,,,,,,,,,,,
20,Subject,,,4593,1,0.05040017787528508,Category,,Feature,,,,,,,,,,,,,
21,Subject,,,4589,5,0.24219365540918403,Category,,Feature,,,,,,,,,,,,,
22,Subject,,,4584,10,0.46722479564431285,Category,,Feature,,,,,,,,,,,,,
23,Subject,,,4579,15,0.670921760296382,Category,,Feature,,,,,,,,,,,,,
24,Subject,,,4574,20,0.8613861382813025,Category,,Feature,,,,,,,,,,,,,
25,Subject,,,4564,30,1.2042409159984353,Category,,Feature,,,,,,,,,,,,,
26,Subject,,,4554,40,1.2509907542645333,Category,,Feature,,,,,,,,,,,,,
27,Subject,,,4544,50,1.2830090065361321,Category,,Feature,,,,,,,,,,,,,
28,Subject,,,4534,60,1.3422994535150823,Category,,Feature,,,,,,,,,,,,,
29,Subject,,,4524,70,1.3612994639519025,Category,,Feature,,,,,,,,,,,,,
30,Subject,,,4593,1,0.14888200017621842,Category,,,Feature,,,,,,,,,,,,
31,Subject,,,4589,5,0.662844665139323,Category,,,Feature,,,,,,,,,,,,
32,Subject,,,4584,10,1.1968024345070936,Category,,,Feature,,,,,,,,,,,,
33,Subject,,,4579,15,1.6015347566204432,Category,,,Feature,,,,,,,,,,,,
34,Subject,,,4574,20,1.9006872223690419,Category,,,Feature,,,,,,,,,,,,
35,Subject,,,4564,30,2.3752156189664033,Category,,,Feature,,,,,,,,,,,,
36,Subject,,,4554,40,1.9400668670235013,Category,,,Feature,,,,,,,,,,,,
37,Subject,,,4544,50,1.8629257006510984,Category,,,Feature,,,,,,,,,,,,
38,Subject,,,4534,60,1.8309249013142155,Category,,,Feature,,,,,,,,,,,,
39,Subject,,,4524,70,1.816951319989431,Category,,,Feature,,,,,,,,,,,,
40,Subject,,,4593,1,0.01847447672478021,Category,,,,Feature,,,,,,,,,,,
41,Subject,,,4589,5,0.0923979355923257,Category,,,,Feature,,,,,,,,,,,
42,Subject,,,4584,10,0.18166328009012,Category,,,,Feature,,,,,,,,,,,
43,Subject,,,4579,15,0.26882951697347796,Category,,,,Feature,,,,,,,,,,,
44,Subject,,,4574,20,0.3558942147346154,Category,,,,Feature,,,,,,,,,,,
45,Subject,,,4564,30,0.5279587011340358,Category,,,,Feature,,,,,,,,,,,
46,Subject,,,4554,40,0.6253654829381002,Category,,,,Feature,,,,,,,,,,,
47,Subject,,,4544,50,0.6880496902903528,Category,,,,Feature,,,,,,,,,,,
48,Subject,,,4534,60,0.725200956532852,Category,,,,Feature,,,,,,,,,,,
49,Subject,,,4524,70,0.7402198688027057,Category,,,,Feature,,,,,,,,,,,
50,Subject,,,4593,1,0.20004897733104537,Category,,,,,Feature,,,,,,,,,,
51,Subject,,,4589,5,0.8346633845855222,Category,,,,,Feature,,,,,,,,,,
52,Subject,,,4584,10,1.434126591708567,Category,,,,,Feature,,,,,,,,,,
53,Subject,,,4579,15,1.8218145141151831,Category,,,,,Feature,,,,,,,,,,
54,Subject,,,4574,20,2.1099729642560927,Category,,,,,Feature,,,,,,,,,,
55,Subject,,,4564,30,2.573226272892968,Category,,,,,Feature,,,,,,,,,,
56,Subject,,,4554,40,1.9077671533818599,Category,,,,,Feature,,,,,,,,,,
57,Subject,,,4544,50,1.8287014484094875,Category,,,,,Feature,,,,,,,,,,
58,Subject,,,4534,60,1.7900730414501345,Category,,,,,Feature,,,,,,,,,,
59,Subject,,,4524,70,1.7880373582814353,Category,,,,,Feature,,,,,,,,,,
60,Subject,,,4593,1,0.03697646155975932,Category,,,,,,Feature,,,,,,,,,
61,Subject,,,4589,5,0.1768812248906659,Category,,,,,,Feature,,,,,,,,,
62,Subject,,,4584,10,0.3460198235959669,Category,,,,,,Feature,,,,,,,,,
63,Subject,,,4579,15,0.5142573506920282,Category,,,,,,Feature,,,,,,,,,
64,Subject,,,4574,20,0.6765195387462232,Category,,,,,,Feature,,,,,,,,,
65,Subject,,,4564,30,0.9915032746564441,Category,,,,,,Feature,,,,,,,,,
66,Subject,,,4554,40,1.1365952370328438,Category,,,,,,Feature,,,,,,,,,
67,Subject,,,4544,50,1.1826889815061588,Category,,,,,,Feature,,,,,,,,,
68,Subject,,,4534,60,1.1906972223503927,Category,,,,,,Feature,,,,,,,,,
69,Subject,,,4524,70,1.1839678882991533,Category,,,,,,Feature,,,,,,,,,
70,Subject,,,4593,1,0.058374492591080386,Category,,,,,,,Feature,,,,,,,,
71,Subject,,,4589,5,0.281240334119072,Category,,,,,,,Feature,,,,,,,,
72,Subject,,,4584,10,0.5459474614895821,Category,,,,,,,Feature,,,,,,,,
73,Subject,,,4579,15,0.7955997047269641,Category,,,,,,,Feature,,,,,,,,
74,Subject,,,4574,20,1.0309269906920748,Category,,,,,,,Feature,,,,,,,,
75,Subject,,,4564,30,1.4519542134496215,Category,,,,,,,Feature,,,,,,,,
76,Subject,,,4554,40,1.5121815482943302,Category,,,,,,,Feature,,,,,,,,
77,Subject,,,4544,50,1.471278460832434,Category,,,,,,,Feature,,,,,,,,
78,Subject,,,4534,60,1.4607017357987306,Category,,,,,,,Feature,,,,,,,,
79,Subject,,,4524,70,1.4602952816045252,Category,,,,,,,Feature,,,,,,,,
80,Subject,,,4593,1,0.029866545346139136,Category,,,,,,,,Feature,,,,,,,
81,Subject,,,4589,5,0.14930858889423,Category,,,,,,,,Feature,,,,,,,
82,Subject,,,4584,10,0.29648064132313795,Category,,,,,,,,Feature,,,,,,,
83,Subject,,,4579,15,0.44074084081358456,Category,,,,,,,,Feature,,,,,,,
84,Subject,,,4574,20,0.5811261334574119,Category,,,,,,,,Feature,,,,,,,
85,Subject,,,4564,30,0.8513495327280148,Category,,,,,,,,Feature,,,,,,,
86,Subject,,,4554,40,0.9466619649302183,Category,,,,,,,,Feature,,,,,,,
87,Subject,,,4544,50,0.9750670516020513,Category,,,,,,,,Feature,,,,,,,
88,Subject,,,4534,60,0.9936669336937246,Category,,,,,,,,Feature,,,,,,,
89,Subject,,,4524,70,1.0044176051889453,Category,,,,,,,,Feature,,,,,,,
90,Subject,,,4593,1,0.03870738266936144,Category,,,,,,,,,Feature,,,,,,
91,Subject,,,4589,5,0.19196881126799703,Category,,,,,,,,,Feature,,,,,,
92,Subject,,,4584,10,0.37079723856508795,Category,,,,,,,,,Feature,,,,,,
93,Subject,,,4579,15,0.5388756885462419,Category,,,,,,,,,Feature,,,,,,
94,Subject,,,4574,20,0.6987705940274981,Category,,,,,,,,,Feature,,,,,,
95,Subject,,,4564,30,0.985288432794976,Category,,,,,,,,,Feature,,,,,,
96,Subject,,,4554,40,1.067179020068877,Category,,,,,,,,,Feature,,,,,,
97,Subject,,,4544,50,1.1042503488249622,Category,,,,,,,,,Feature,,,,,,
98,Subject,,,4534,60,1.1531409123136478,Category,,,,,,,,,Feature,,,,,,
99,Subject,,,4524,70,1.1641519592737657,Category,,,,,,,,,Feature,,,,,,
100,Subject,,,4593,1,0.06911651493526302,Category,,,,,,,,,,Feature,,,,,
101,Subject,,,4589,5,0.33294993293032765,Category,,,,,,,,,,Feature,,,,,
102,Subject,,,4584,10,0.646248740629963,Category,,,,,,,,,,Feature,,,,,
103,Subject,,,4579,15,0.9337529795896407,Category,,,,,,,,,,Feature,,,,,
104,Subject,,,4574,20,1.1912838083830573,Category,,,,,,,,,,Feature,,,,,
105,Subject,,,4564,30,1.630637120310095,Category,,,,,,,,,,Feature,,,,,
106,Subject,,,4554,40,1.5985298290164915,Category,,,,,,,,,,Feature,,,,,
107,Subject,,,4544,50,1.5060251970391028,Category,,,,,,,,,,Feature,,,,,
108,Subject,,,4534,60,1.4797117496312537,Category,,,,,,,,,,Feature,,,,,
109,Subject,,,4524,70,1.4673733174042756,Category,,,,,,,,,,Feature,,,,,
110,Subject,,,4593,1,0.21809057071047233,Category,,,,,,,,,,,Feature,,,,
111,Subject,,,4589,5,0.8774606355062531,Category,,,,,,,,,,,Feature,,,,
112,Subject,,,4584,10,1.48548689341837,Category,,,,,,,,,,,Feature,,,,
113,Subject,,,4579,15,1.8704242652377947,Category,,,,,,,,,,,Feature,,,,
114,Subject,,,4574,20,2.140954022166051,Category,,,,,,,,,,,Feature,,,,
115,Subject,,,4564,30,2.592139890810989,Category,,,,,,,,,,,Feature,,,,
116,Subject,,,4554,40,1.8829830577375002,Category,,,,,,,,,,,Feature,,,,
117,Subject,,,4544,50,1.8253219783063293,Category,,,,,,,,,,,Feature,,,,
118,Subject,,,4534,60,1.784355148682198,Category,,,,,,,,,,,Feature,,,,
119,Subject,,,4524,70,1.781310260875424,Category,,,,,,,,,,,Feature,,,,
120,Subject,,,6603,1,0.06423041549938165,,Feature,,,,,,,,,,,Category,,,
121,Subject,,,6599,5,0.29359675702818644,,Feature,,,,,,,,,,,Category,,,
122,Subject,,,6594,10,0.5491864266707525,,Feature,,,,,,,,,,,Category,,,
123,Subject,,,6589,15,0.7832775435752666,,Feature,,,,,,,,,,,Category,,,
124,Subject,,,6584,20,1.0090877057183074,,Feature,,,,,,,,,,,Category,,,
125,Subject,,,6574,30,1.4250376738508646,,Feature,,,,,,,,,,,Category,,,
126,Subject,,,6564,40,1.4889264651555012,,Feature,,,,,,,,,,,Category,,,
127,Subject,,,6554,50,1.5210816578826059,,Feature,,,,,,,,,,,Category,,,
128,Subject,,,6544,60,1.547050286842767,,Feature,,,,,,,,,,,Category,,,
129,Subject,,,6534,70,1.5547720171983532,,Feature,,,,,,,,,,,Category,,,
130,Subject,,,4593,1,0.36306528938258426,,,Feature,,,,,,,,,,Category,,,
131,Subject,,,4589,5,1.8106208627074456,,,Feature,,,,,,,,,,Category,,,
132,Subject,,,4584,10,3.578344199280101,,,Feature,,,,,,,,,,Category,,,
133,Subject,,,4579,15,5.225204729761613,,,Feature,,,,,,,,,,Category,,,
134,Subject,,,4574,20,6.663921741229645,,,Feature,,,,,,,,,,Category,,,
135,Subject,,,4564,30,8.839312763015709,,,Feature,,,,,,,,,,Category,,,
136,Subject,,,4554,40,5.497771102001923,,,Feature,,,,,,,,,,Category,,,
137,Subject,,,4544,50,3.177032638007917,,,Feature,,,,,,,,,,Category,,,
138,Subject,,,4534,60,2.0399012302078967,,,Feature,,,,,,,,,,Category,,,
139,Subject,,,4524,70,1.6762935013850364,,,Feature,,,,,,,,,,Category,,,
140,Subject,,,4593,1,0.8135991308867345,,,,Feature,,,,,,,,,Category,,,
141,Subject,,,4589,5,4.052736301216293,,,,Feature,,,,,,,,,Category,,,
142,Subject,,,4584,10,7.941428410577108,,,,Feature,,,,,,,,,Category,,,
143,Subject,,,4579,15,10.639906716229008,,,,Feature,,,,,,,,,Category,,,
144,Subject,,,4574,20,11.654543341776668,,,,Feature,,,,,,,,,Category,,,
145,Subject,,,4564,30,12.089620197016176,,,,Feature,,,,,,,,,Category,,,
146,Subject,,,4554,40,1.6445932963585304,,,,Feature,,,,,,,,,Category,,,
147,Subject,,,4544,50,0.3226490490563223,,,,Feature,,,,,,,,,Category,,,
148,Subject,,,4534,60,0.08389377903835125,,,,Feature,,,,,,,,,Category,,,
149,Subject,,,4524,70,0.036032263056275764,,,,Feature,,,,,,,,,Category,,,
150,Subject,,,4593,1,0.18135067644462471,,,,,Feature,,,,,,,,Category,,,
151,Subject,,,4589,5,0.9033157879533484,,,,,Feature,,,,,,,,Category,,,
152,Subject,,,4584,10,1.7895557091190724,,,,,Feature,,,,,,,,Category,,,
153,Subject,,,4579,15,2.655167092754252,,,,,Feature,,,,,,,,Category,,,
154,Subject,,,4574,20,3.4920118072800554,,,,,Feature,,,,,,,,Category,,,
155,Subject,,,4564,30,5.008504923997905,,,,,Feature,,,,,,,,Category,,,
156,Subject,,,4554,40,4.627436182398342,,,,,Feature,,,,,,,,Category,,,
157,Subject,,,4544,50,3.827915850845119,,,,,Feature,,,,,,,,Category,,,
158,Subject,,,4534,60,3.1026437384363494,,,,,Feature,,,,,,,,Category,,,
159,Subject,,,4524,70,2.8918196826132796,,,,,Feature,,,,,,,,Category,,,
160,Subject,,,4593,1,0.9357003901896935,,,,,,Feature,,,,,,,Category,,,
161,Subject,,,4589,5,4.641693647336143,,,,,,Feature,,,,,,,Category,,,
162,Subject,,,4584,10,9.078026306926562,,,,,,Feature,,,,,,,Category,,,
163,Subject,,,4579,15,11.495470390856504,,,,,,Feature,,,,,,,Category,,,
164,Subject,,,4574,20,12.010348954996866,,,,,,Feature,,,,,,,Category,,,
165,Subject,,,4564,30,12.150824531153084,,,,,,Feature,,,,,,,Category,,,
166,Subject,,,4554,40,0.8716765540779131,,,,,,Feature,,,,,,,Category,,,
167,Subject,,,4544,50,0.12856086244386178,,,,,,Feature,,,,,,,Category,,,
168,Subject,,,4534,60,0.008991256938146713,,,,,,Feature,,,,,,,Category,,,
169,Subject,,,4524,70,0.0,,,,,,Feature,,,,,,,Category,,,
170,Subject,,,4593,1,0.31559446034756056,,,,,,,Feature,,,,,,Category,,,
171,Subject,,,4589,5,1.5757963768330407,,,,,,,Feature,,,,,,Category,,,
172,Subject,,,4584,10,3.123861771427193,,,,,,,Feature,,,,,,Category,,,
173,Subject,,,4579,15,4.5793300654275235,,,,,,,Feature,,,,,,Category,,,
174,Subject,,,4574,20,5.888241435058894,,,,,,,Feature,,,,,,Category,,,
175,Subject,,,4564,30,8.012941798364983,,,,,,,Feature,,,,,,Category,,,
176,Subject,,,4554,40,5.554758956670835,,,,,,,Feature,,,,,,Category,,,
177,Subject,,,4544,50,3.33403540380723,,,,,,,Feature,,,,,,Category,,,
178,Subject,,,4534,60,2.0116627890818886,,,,,,,Feature,,,,,,Category,,,
179,Subject,,,4524,70,1.6902580240850842,,,,,,,Feature,,,,,,Category,,,
180,Subject,,,4593,1,0.3540221414296686,,,,,,,,Feature,,,,,Category,,,
181,Subject,,,4589,5,1.7620176319748504,,,,,,,,Feature,,,,,Category,,,
182,Subject,,,4584,10,3.4944941299818018,,,,,,,,Feature,,,,,Category,,,
183,Subject,,,4579,15,5.13925027182452,,,,,,,,Feature,,,,,Category,,,
184,Subject,,,4574,20,6.611179500820868,,,,,,,,Feature,,,,,Category,,,
185,Subject,,,4564,30,8.879158508836863,,,,,,,,Feature,,,,,Category,,,
186,Subject,,,4554,40,5.611373246915514,,,,,,,,Feature,,,,,Category,,,
187,Subject,,,4544,50,3.1382939236820007,,,,,,,,Feature,,,,,Category,,,
188,Subject,,,4534,60,1.8834917524057235,,,,,,,,Feature,,,,,Category,,,
189,Subject,,,4524,70,1.5461713044631833,,,,,,,,Feature,,,,,Category,,,
190,Subject,,,4593,1,0.3338247550574414,,,,,,,,,Feature,,,,Category,,,
191,Subject,,,4589,5,1.6663461316694335,,,,,,,,,Feature,,,,Category,,,
192,Subject,,,4584,10,3.303376351937384,,,,,,,,,Feature,,,,Category,,,
193,Subject,,,4579,15,4.851861426242756,,,,,,,,,Feature,,,,Category,,,
194,Subject,,,4574,20,6.238204241931026,,,,,,,,,Feature,,,,Category,,,
195,Subject,,,4564,30,8.353698086262852,,,,,,,,,Feature,,,,Category,,,
196,Subject,,,4554,40,5.463283199460944,,,,,,,,,Feature,,,,Category,,,
197,Subject,,,4544,50,3.3928128565597793,,,,,,,,,Feature,,,,Category,,,
198,Subject,,,4534,60,2.1519591295946805,,,,,,,,,Feature,,,,Category,,,
199,Subject,,,4524,70,1.8176339588960213,,,,,,,,,Feature,,,,Category,,,
200,Subject,,,4593,1,0.22224785632731636,,,,,,,,,,Feature,,,Category,,,
201,Subject,,,4589,5,1.1050243344456088,,,,,,,,,,Feature,,,Category,,,
202,Subject,,,4584,10,2.191440439737428,,,,,,,,,,Feature,,,Category,,,
203,Subject,,,4579,15,3.2506195728234473,,,,,,,,,,Feature,,,Category,,,
204,Subject,,,4574,20,4.25764743846769,,,,,,,,,,Feature,,,Category,,,
205,Subject,,,4564,30,6.074673485797655,,,,,,,,,,Feature,,,Category,,,
206,Subject,,,4554,40,5.352797296562805,,,,,,,,,,Feature,,,Category,,,
207,Subject,,,4544,50,4.011467494889377,,,,,,,,,,Feature,,,Category,,,
208,Subject,,,4534,60,2.9433219135933584,,,,,,,,,,Feature,,,Category,,,
209,Subject,,,4524,70,2.5788402996241566,,,,,,,,,,Feature,,,Category,,,
210,Subject,,,4593,1,0.4207458946944861,,,,,,,,,,,Feature,,Category,,,
211,Subject,,,4589,5,2.094615072212743,,,,,,,,,,,Feature,,Category,,,
212,Subject,,,4584,10,4.133760625785465,,,,,,,,,,,Feature,,Category,,,
213,Subject,,,4579,15,6.044791731837456,,,,,,,,,,,Feature,,Category,,,
214,Subject,,,4574,20,7.689314535379443,,,,,,,,,,,Feature,,Category,,,
215,Subject,,,4564,30,9.997416701853252,,,,,,,,,,,Feature,,Category,,,
216,Subject,,,4554,40,5.375779369098191,,,,,,,,,,,Feature,,Category,,,
217,Subject,,,4544,50,2.5926852934212183,,,,,,,,,,,Feature,,Category,,,
218,Subject,,,4534,60,1.2271417271975573,,,,,,,,,,,Feature,,Category,,,
219,Subject,,,4524,70,0.8990167589746876,,,,,,,,,,,Feature,,Category,,,
220,Subject,,,7939,1,0.44002931196812745,,,,,,,,,,,,Feature,Category,,,
221,Subject,,,7935,5,2.1935483338338764,,,,,,,,,,,,Feature,Category,,,
222,Subject,,,7930,10,4.33693857943319,,,,,,,,,,,,Feature,Category,,,
223,Subject,,,7925,15,6.330389137238107,,,,,,,,,,,,Feature,Category,,,
224,Subject,,,7920,20,8.059086047084438,,,,,,,,,,,,Feature,Category,,,
225,Subject,,,7910,30,10.476762191170689,,,,,,,,,,,,Feature,Category,,,
226,Subject,,,7900,40,5.349031711481144,,,,,,,,,,,,Feature,Category,,,
227,Subject,,,7890,50,2.638534545005405,,,,,,,,,,,,Feature,Category,,,
228,Subject,,,7880,60,1.34067161916262,,,,,,,,,,,,Feature,Category,,,
229,Subject,,,7870,70,1.0221097721579782,,,,,,,,,,,,Feature,Category,,,
230,,Category,Feature,4593,1,0.195711302733162,,,,,,,,,,,,,,Subject,,
231,,Category,Feature,4589,5,0.8990964153917294,,,,,,,,,,,,,,Subject,,
232,,Category,Feature,4584,10,1.6861327738496508,,,,,,,,,,,,,,Subject,,
233,,Category,Feature,4579,15,2.375346770784295,,,,,,,,,,,,,,Subject,,
234,,Category,Feature,4574,20,3.0097182310008264,,,,,,,,,,,,,,Subject,,
235,,Category,Feature,4564,30,4.178353204736009,,,,,,,,,,,,,,Subject,,
236,,Category,Feature,4554,40,3.9029025372507986,,,,,,,,,,,,,,Subject,,
237,,Category,Feature,4544,50,3.5827284570731663,,,,,,,,,,,,,,Subject,,
238,,Category,Feature,4534,60,3.212449135581347,,,,,,,,,,,,,,Subject,,
239,,Category,Feature,4524,70,3.088699461560827,,,,,,,,,,,,,,Subject,,
240,,,,4593,1,0.04380372809813457,Category,Feature,,,,,,,,,,,,Subject,,
241,,,,4589,5,0.21630909875879561,Category,Feature,,,,,,,,,,,,Subject,,
242,,,,4584,10,0.42793310882639807,Category,Feature,,,,,,,,,,,,Subject,,
243,,,,4579,15,0.6207526391035447,Category,Feature,,,,,,,,,,,,Subject,,
244,,,,4574,20,0.8003857815687024,Category,Feature,,,,,,,,,,,,Subject,,
245,,,,4564,30,1.1380713119862904,Category,Feature,,,,,,,,,,,,Subject,,
246,,,,4554,40,1.2036603967059332,Category,Feature,,,,,,,,,,,,Subject,,
247,,,,4544,50,1.2123158569293884,Category,Feature,,,,,,,,,,,,Subject,,
248,,,,4534,60,1.2591568780973508,Category,Feature,,,,,,,,,,,,Subject,,
249,,,,4524,70,1.2785530003276249,Category,Feature,,,,,,,,,,,,Subject,,
250,,,,4593,1,0.07210701110905463,Category,,Feature,,,,,,,,,,,Subject,,
251,,,,4589,5,0.33752391657313885,Category,,Feature,,,,,,,,,,,Subject,,
252,,,,4584,10,0.6376410871044766,Category,,Feature,,,,,,,,,,,Subject,,
253,,,,4579,15,0.9010959804409321,Category,,Feature,,,,,,,,,,,Subject,,
254,,,,4574,20,1.1166885483913003,Category,,Feature,,,,,,,,,,,Subject,,
255,,,,4564,30,1.4917129218286547,Category,,Feature,,,,,,,,,,,Subject,,
256,,,,4554,40,1.4205183974670554,Category,,Feature,,,,,,,,,,,Subject,,
257,,,,4544,50,1.3867555793979827,Category,,Feature,,,,,,,,,,,Subject,,
258,,,,4534,60,1.41194055110482,Category,,Feature,,,,,,,,,,,Subject,,
259,,,,4524,70,1.4228746543310158,Category,,Feature,,,,,,,,,,,Subject,,
260,,,,4593,1,0.1989679983281255,Category,,,Feature,,,,,,,,,,Subject,,
261,,,,4589,5,0.8947433811898952,Category,,,Feature,,,,,,,,,,Subject,,
262,,,,4584,10,1.6176066662339614,Category,,,Feature,,,,,,,,,,Subject,,
263,,,,4579,15,2.162349516528178,Category,,,Feature,,,,,,,,,,Subject,,
264,,,,4574,20,2.5492847664674527,Category,,,Feature,,,,,,,,,,Subject,,
265,,,,4564,30,3.112944226038184,Category,,,Feature,,,,,,,,,,Subject,,
266,,,,4554,40,2.1751499928982265,Category,,,Feature,,,,,,,,,,Subject,,
267,,,,4544,50,1.850481245718756,Category,,,Feature,,,,,,,,,,Subject,,
268,,,,4534,60,1.7607165961365583,Category,,,Feature,,,,,,,,,,Subject,,
269,,,,4524,70,1.7628120572576902,Category,,,Feature,,,,,,,,,,Subject,,
270,,,,4593,1,0.028036278235323116,Category,,,,Feature,,,,,,,,,Subject,,
271,,,,4589,5,0.13711447995550596,Category,,,,Feature,,,,,,,,,Subject,,
272,,,,4584,10,0.27343409408971053,Category,,,,Feature,,,,,,,,,Subject,,
273,,,,4579,15,0.40551541163561566,Category,,,,Feature,,,,,,,,,Subject,,
274,,,,4574,20,0.533100658809126,Category,,,,Feature,,,,,,,,,Subject,,
275,,,,4564,30,0.787751986649289,Category,,,,Feature,,,,,,,,,Subject,,
276,,,,4554,40,0.9197161817624588,Category,,,,Feature,,,,,,,,,Subject,,
277,,,,4544,50,0.9975442210495059,Category,,,,Feature,,,,,,,,,Subject,,
278,,,,4534,60,1.0592970830456927,Category,,,,Feature,,,,,,,,,Subject,,
279,,,,4524,70,1.0789196125876648,Category,,,,Feature,,,,,,,,,Subject,,
280,,,,4593,1,0.18135067644462471,Category,,,,,Feature,,,,,,,,Subject,,
281,,,,4589,5,0.9033157879533484,Category,,,,,Feature,,,,,,,,Subject,,
282,,,,4584,10,1.7895557091190724,Category,,,,,Feature,,,,,,,,Subject,,
283,,,,4579,15,2.655167092754252,Category,,,,,Feature,,,,,,,,Subject,,
284,,,,4574,20,3.4920118072800554,Category,,,,,Feature,,,,,,,,Subject,,
285,,,,4564,30,5.008504923997905,Category,,,,,Feature,,,,,,,,Subject,,
286,,,,4554,40,4.627436182398342,Category,,,,,Feature,,,,,,,,Subject,,
287,,,,4544,50,3.827915850845119,Category,,,,,Feature,,,,,,,,Subject,,
288,,,,4534,60,3.1026437384363494,Category,,,,,Feature,,,,,,,,Subject,,
289,,,,4524,70,2.8918196826132796,Category,,,,,Feature,,,,,,,,Subject,,
290,,,,4593,1,0.3540221414296686,Category,,,,,,Feature,,,,,,,Subject,,
291,,,,4589,5,1.7620176319748504,Category,,,,,,Feature,,,,,,,Subject,,
292,,,,4584,10,3.4944941299818018,Category,,,,,,Feature,,,,,,,Subject,,
293,,,,4579,15,5.13925027182452,Category,,,,,,Feature,,,,,,,Subject,,
294,,,,4574,20,6.611179500820868,Category,,,,,,Feature,,,,,,,Subject,,
295,,,,4564,30,8.879158508836863,Category,,,,,,Feature,,,,,,,Subject,,
296,,,,4554,40,5.611373246915514,Category,,,,,,Feature,,,,,,,Subject,,
297,,,,4544,50,3.1382939236820007,Category,,,,,,Feature,,,,,,,Subject,,
298,,,,4534,60,1.8834917524057235,Category,,,,,,Feature,,,,,,,Subject,,
299,,,,4524,70,1.5461713044631833,Category,,,,,,Feature,,,,,,,Subject,,
300,,,,4593,1,0.06760886900682943,Category,,,,,,,Feature,,,,,,Subject,,
301,,,,4589,5,0.3291212125518673,Category,,,,,,,Feature,,,,,,Subject,,
302,,,,4584,10,0.6374627668328812,Category,,,,,,,Feature,,,,,,Subject,,
303,,,,4579,15,0.9077456855229522,Category,,,,,,,Feature,,,,,,Subject,,
304,,,,4574,20,1.135554507834907,Category,,,,,,,Feature,,,,,,Subject,,
305,,,,4564,30,1.5602942915643196,Category,,,,,,,Feature,,,,,,Subject,,
306,,,,4554,40,1.5221772004499594,Category,,,,,,,Feature,,,,,,Subject,,
307,,,,4544,50,1.513925548357391,Category,,,,,,,Feature,,,,,,Subject,,
308,,,,4534,60,1.5478402231340815,Category,,,,,,,Feature,,,,,,Subject,,
309,,,,4524,70,1.5706505055151128,Category,,,,,,,Feature,,,,,,Subject,,
310,,,,4593,1,0.36306528938258426,Category,,,,,,,,Feature,,,,,Subject,,
311,,,,4589,5,1.8106208627074456,Category,,,,,,,,Feature,,,,,Subject,,
312,,,,4584,10,3.578344199280101,Category,,,,,,,,Feature,,,,,Subject,,
313,,,,4579,15,5.225204729761613,Category,,,,,,,,Feature,,,,,Subject,,
314,,,,4574,20,6.663921741229645,Category,,,,,,,,Feature,,,,,Subject,,
315,,,,4564,30,8.839312763015709,Category,,,,,,,,Feature,,,,,Subject,,
316,,,,4554,40,5.497771102001923,Category,,,,,,,,Feature,,,,,Subject,,
317,,,,4544,50,3.177032638007917,Category,,,,,,,,Feature,,,,,Subject,,
318,,,,4534,60,2.0399012302078967,Category,,,,,,,,Feature,,,,,Subject,,
319,,,,4524,70,1.6762935013850364,Category,,,,,,,,Feature,,,,,Subject,,
320,,,,4593,1,0.06911651493526302,Category,,,,,,,,,Feature,,,,Subject,,
321,,,,4589,5,0.33294993293032765,Category,,,,,,,,,Feature,,,,Subject,,
322,,,,4584,10,0.646248740629963,Category,,,,,,,,,Feature,,,,Subject,,
323,,,,4579,15,0.9337529795896407,Category,,,,,,,,,Feature,,,,Subject,,
324,,,,4574,20,1.1912838083830573,Category,,,,,,,,,Feature,,,,Subject,,
325,,,,4564,30,1.630637120310095,Category,,,,,,,,,Feature,,,,Subject,,
326,,,,4554,40,1.5985298290164915,Category,,,,,,,,,Feature,,,,Subject,,
327,,,,4544,50,1.5060251970391028,Category,,,,,,,,,Feature,,,,Subject,,
328,,,,4534,60,1.4797117496312537,Category,,,,,,,,,Feature,,,,Subject,,
329,,,,4524,70,1.4673733174042756,Category,,,,,,,,,Feature,,,,Subject,,
330,,,,6603,1,0.06423041549938165,Category,,,,,,,,,,Feature,,,Subject,,
331,,,,6599,5,0.29359675702818644,Category,,,,,,,,,,Feature,,,Subject,,
332,,,,6594,10,0.5491864266707525,Category,,,,,,,,,,Feature,,,Subject,,
333,,,,6589,15,0.7832775435752666,Category,,,,,,,,,,Feature,,,Subject,,
334,,,,6584,20,1.0090877057183074,Category,,,,,,,,,,Feature,,,Subject,,
335,,,,6574,30,1.4250376738508646,Category,,,,,,,,,,Feature,,,Subject,,
336,,,,6564,40,1.4889264651555012,Category,,,,,,,,,,Feature,,,Subject,,
337,,,,6554,50,1.5210816578826059,Category,,,,,,,,,,Feature,,,Subject,,
338,,,,6544,60,1.547050286842767,Category,,,,,,,,,,Feature,,,Subject,,
339,,,,6534,70,1.5547720171983532,Category,,,,,,,,,,Feature,,,Subject,,
340,,,,4593,1,0.029866545346139136,Category,,,,,,,,,,,Feature,,Subject,,
341,,,,4589,5,0.14930858889423,Category,,,,,,,,,,,Feature,,Subject,,
342,,,,4584,10,0.29648064132313795,Category,,,,,,,,,,,Feature,,Subject,,
343,,,,4579,15,0.44074084081358456,Category,,,,,,,,,,,Feature,,Subject,,
344,,,,4574,20,0.5811261334574119,Category,,,,,,,,,,,Feature,,Subject,,
345,,,,4564,30,0.8513495327280148,Category,,,,,,,,,,,Feature,,Subject,,
346,,,,4554,40,0.9466619649302183,Category,,,,,,,,,,,Feature,,Subject,,
347,,,,4544,50,0.9750670516020513,Category,,,,,,,,,,,Feature,,Subject,,
348,,,,4534,60,0.9936669336937246,Category,,,,,,,,,,,Feature,,Subject,,
349,,,,4524,70,1.0044176051889453,Category,,,,,,,,,,,Feature,,Subject,,
350,,,,4593,1,0.25344130371728113,,Feature,,,,,,,,,,,Category,Subject,,
351,,,,4589,5,1.2662238295065615,,Feature,,,,,,,,,,,Category,Subject,,
352,,,,4584,10,2.5123406090677607,,Feature,,,,,,,,,,,Category,Subject,,
353,,,,4579,15,3.717323307915667,,Feature,,,,,,,,,,,Category,Subject,,
354,,,,4574,20,4.8483614047715555,,Feature,,,,,,,,,,,Category,Subject,,
355,,,,4564,30,6.797539589849134,,Feature,,,,,,,,,,,Category,Subject,,
356,,,,4554,40,5.351532044438669,,Feature,,,,,,,,,,,Category,Subject,,
357,,,,4544,50,3.8135422745696763,,Feature,,,,,,,,,,,Category,Subject,,
358,,,,4534,60,2.7880635803682536,,Feature,,,,,,,,,,,Category,Subject,,
359,,,,4524,70,2.4856754862409045,,Feature,,,,,,,,,,,Category,Subject,,
360,,,,4593,1,0.3540221414296686,,,Feature,,,,,,,,,,Category,Subject,,
361,,,,4589,5,1.7665725395913972,,,Feature,,,,,,,,,,Category,Subject,,
362,,,,4584,10,3.492726646182161,,,Feature,,,,,,,,,,Category,Subject,,
363,,,,4579,15,5.117536752607152,,,Feature,,,,,,,,,,Category,Subject,,
364,,,,4574,20,6.552938252725481,,,Feature,,,,,,,,,,Category,Subject,,
365,,,,4564,30,8.760789706000734,,,Feature,,,,,,,,,,Category,Subject,,
366,,,,4554,40,5.555517698973443,,,Feature,,,,,,,,,,Category,Subject,,
367,,,,4544,50,3.2593962930808695,,,Feature,,,,,,,,,,Category,Subject,,
368,,,,4534,60,2.072010791027846,,,Feature,,,,,,,,,,Category,Subject,,
369,,,,4524,70,1.6965214235136077,,,Feature,,,,,,,,,,Category,Subject,,
370,,,,4593,1,0.8045674590295456,,,,Feature,,,,,,,,,Category,Subject,,
371,,,,4589,5,4.009403100728313,,,,Feature,,,,,,,,,Category,Subject,,
372,,,,4584,10,7.864886800626562,,,,Feature,,,,,,,,,Category,Subject,,
373,,,,4579,15,10.587978646527784,,,,Feature,,,,,,,,,Category,Subject,,
374,,,,4574,20,11.686323242122956,,,,Feature,,,,,,,,,Category,Subject,,
375,,,,4564,30,12.13255457541573,,,,Feature,,,,,,,,,Category,Subject,,
376,,,,4554,40,1.5640122859378467,,,,Feature,,,,,,,,,Category,Subject,,
377,,,,4544,50,0.2151911330269652,,,,Feature,,,,,,,,,Category,Subject,,
378,,,,4534,60,0.020978616283580536,,,,Feature,,,,,,,,,Category,Subject,,
379,,,,4524,70,0.0,,,,Feature,,,,,,,,,Category,Subject,,
380,,,,4593,1,0.1768467770084851,,,,,Feature,,,,,,,,Category,Subject,,
381,,,,4589,5,0.8807804436793267,,,,,Feature,,,,,,,,Category,Subject,,
382,,,,4584,10,1.7441827152943592,,,,,Feature,,,,,,,,Category,Subject,,
383,,,,4579,15,2.586434482149189,,,,,Feature,,,,,,,,Category,Subject,,
384,,,,4574,20,3.401616078940747,,,,,Feature,,,,,,,,Category,Subject,,
385,,,,4564,30,4.873949267161229,,,,,Feature,,,,,,,,Category,Subject,,
386,,,,4554,40,4.549073148535623,,,,,Feature,,,,,,,,Category,Subject,,
387,,,,4544,50,3.8108021642008243,,,,,Feature,,,,,,,,Category,Subject,,
388,,,,4534,60,3.1481981257201967,,,,,Feature,,,,,,,,Category,Subject,,
389,,,,4524,70,2.9415957425423347,,,,,Feature,,,,,,,,Category,Subject,,
390,,,,4593,1,0.9285967161038151,,,,,,Feature,,,,,,,Category,Subject,,
391,,,,4589,5,4.60044605090686,,,,,,Feature,,,,,,,Category,Subject,,
392,,,,4584,10,8.987399227051744,,,,,,Feature,,,,,,,Category,Subject,,
393,,,,4579,15,11.417829651123464,,,,,,Feature,,,,,,,Category,Subject,,
394,,,,4574,20,11.97600882526029,,,,,,Feature,,,,,,,Category,Subject,,
395,,,,4564,30,12.150824531153079,,,,,,Feature,,,,,,,Category,Subject,,
396,,,,4554,40,0.9487245957633673,,,,,,Feature,,,,,,,Category,Subject,,
397,,,,4544,50,0.10764120507326194,,,,,,Feature,,,,,,,Category,Subject,,
398,,,,4534,60,0.0,,,,,,Feature,,,,,,,Category,Subject,,
399,,,,4524,70,0.0,,,,,,Feature,,,,,,,Category,Subject,,
400,,,,4593,1,0.31294530788809005,,,,,,,Feature,,,,,,Category,Subject,,
401,,,,4589,5,1.5628111315375697,,,,,,,Feature,,,,,,Category,Subject,,
402,,,,4584,10,3.0999452911455125,,,,,,,Feature,,,,,,Category,Subject,,
403,,,,4579,15,4.548805419221292,,,,,,,Feature,,,,,,Category,Subject,,
404,,,,4574,20,5.862572083691251,,,,,,,Feature,,,,,,Category,Subject,,
405,,,,4564,30,8.029785099037385,,,,,,,Feature,,,,,,Category,Subject,,
406,,,,4554,40,5.657507818906536,,,,,,,Feature,,,,,,Category,Subject,,
407,,,,4544,50,3.393101060509126,,,,,,,Feature,,,,,,Category,Subject,,
408,,,,4534,60,2.034303923242533,,,,,,,Feature,,,,,,Category,Subject,,
409,,,,4524,70,1.683965018159234,,,,,,,Feature,,,,,,Category,Subject,,
410,,,,4593,1,0.3490338705132012,,,,,,,,Feature,,,,,Category,Subject,,
411,,,,4589,5,1.7361858397760455,,,,,,,,Feature,,,,,Category,Subject,,
412,,,,4584,10,3.4469198478170657,,,,,,,,Feature,,,,,Category,Subject,,
413,,,,4579,15,5.060862371605512,,,,,,,,Feature,,,,,Category,Subject,,
414,,,,4574,20,6.519925489247262,,,,,,,,Feature,,,,,Category,Subject,,
415,,,,4564,30,8.802208257321821,,,,,,,,Feature,,,,,Category,Subject,,
416,,,,4554,40,5.71876636091575,,,,,,,,Feature,,,,,Category,Subject,,
417,,,,4544,50,3.273787568030844,,,,,,,,Feature,,,,,Category,Subject,,
418,,,,4534,60,2.021783772048095,,,,,,,,Feature,,,,,Category,Subject,,
419,,,,4524,70,1.67521831632862,,,,,,,,Feature,,,,,Category,Subject,,
420,,,,4593,1,0.31998434597054193,,,,,,,,,Feature,,,,Category,Subject,,
421,,,,4589,5,1.5976833449778238,,,,,,,,,Feature,,,,Category,Subject,,
422,,,,4584,10,3.165173488390501,,,,,,,,,Feature,,,,Category,Subject,,
423,,,,4579,15,4.649853711720433,,,,,,,,,Feature,,,,Category,Subject,,
424,,,,4574,20,5.995246951659138,,,,,,,,,Feature,,,,Category,Subject,,
425,,,,4564,30,8.132225731663956,,,,,,,,,Feature,,,,Category,Subject,,
426,,,,4554,40,5.5638591253371485,,,,,,,,,Feature,,,,Category,Subject,,
427,,,,4544,50,3.39499682690945,,,,,,,,,Feature,,,,Category,Subject,,
428,,,,4534,60,2.065374315210076,,,,,,,,,Feature,,,,Category,Subject,,
429,,,,4524,70,1.6890788247521171,,,,,,,,,Feature,,,,Category,Subject,,
430,,,,4593,1,0.4207458946944861,,,,,,,,,,Feature,,,Category,Subject,,
431,,,,4589,5,2.094615072212743,,,,,,,,,,Feature,,,Category,Subject,,
432,,,,4584,10,4.133760625785465,,,,,,,,,,Feature,,,Category,Subject,,
433,,,,4579,15,6.044791731837456,,,,,,,,,,Feature,,,Category,Subject,,
434,,,,4574,20,7.689314535379443,,,,,,,,,,Feature,,,Category,Subject,,
435,,,,4564,30,9.997416701853252,,,,,,,,,,Feature,,,Category,Subject,,
436,,,,4554,40,5.375779369098191,,,,,,,,,,Feature,,,Category,Subject,,
437,,,,4544,50,2.5926852934212183,,,,,,,,,,Feature,,,Category,Subject,,
438,,,,4534,60,1.2271417271975573,,,,,,,,,,Feature,,,Category,Subject,,
439,,,,4524,70,0.8990167589746876,,,,,,,,,,Feature,,,Category,Subject,,
440,,,,4593,1,0.31559446034756056,,,,,,,,,,,Feature,,Category,Subject,,
441,,,,4589,5,1.5757963768330407,,,,,,,,,,,Feature,,Category,Subject,,
442,,,,4584,10,3.123861771427193,,,,,,,,,,,Feature,,Category,Subject,,
443,,,,4579,15,4.5793300654275235,,,,,,,,,,,Feature,,Category,Subject,,
444,,,,4574,20,5.888241435058894,,,,,,,,,,,Feature,,Category,Subject,,
445,,,,4564,30,8.012941798364983,,,,,,,,,,,Feature,,Category,Subject,,
446,,,,4554,40,5.554758956670835,,,,,,,,,,,Feature,,Category,Subject,,
447,,,,4544,50,3.33403540380723,,,,,,,,,,,Feature,,Category,Subject,,
448,,,,4534,60,2.0116627890818886,,,,,,,,,,,Feature,,Category,Subject,,
449,,,,4524,70,1.6902580240850842,,,,,,,,,,,Feature,,Category,Subject,,
450,,,,4593,1,0.20004897733104537,,,,,,,,,,,,Feature,Category,Subject,,
451,,,,4589,5,0.8346633845855222,,,,,,,,,,,,Feature,Category,Subject,,
452,,,,4584,10,1.434126591708567,,,,,,,,,,,,Feature,Category,Subject,,
453,,,,4579,15,1.8218145141151831,,,,,,,,,,,,Feature,Category,Subject,,
454,,,,4574,20,2.1099729642560927,,,,,,,,,,,,Feature,Category,Subject,,
455,,,,4564,30,2.573226272892968,,,,,,,,,,,,Feature,Category,Subject,,
456,,,,4554,40,1.9077671533818599,,,,,,,,,,,,Feature,Category,Subject,,
457,,,,4544,50,1.8287014484094875,,,,,,,,,,,,Feature,Category,Subject,,
458,,,,4534,60,1.7900730414501345,,,,,,,,,,,,Feature,Category,Subject,,
459,,,,4524,70,1.7880373582814353,,,,,,,,,,,,Feature,Category,Subject,,
460,,Category,Feature,4593,1,0.8135991308867345,,,,,,,,,,,,,,,Subject,
461,,Category,Feature,4589,5,4.052736301216293,,,,,,,,,,,,,,,Subject,
462,,Category,Feature,4584,10,7.941428410577108,,,,,,,,,,,,,,,Subject,
463,,Category,Feature,4579,15,10.639906716229008,,,,,,,,,,,,,,,Subject,
464,,Category,Feature,4574,20,11.654543341776668,,,,,,,,,,,,,,,Subject,
465,,Category,Feature,4564,30,12.089620197016176,,,,,,,,,,,,,,,Subject,
466,,Category,Feature,4554,40,1.6445932963585304,,,,,,,,,,,,,,,Subject,
467,,Category,Feature,4544,50,0.3226490490563223,,,,,,,,,,,,,,,Subject,
468,,Category,Feature,4534,60,0.08389377903835125,,,,,,,,,,,,,,,Subject,
469,,Category,Feature,4524,70,0.036032263056275764,,,,,,,,,,,,,,,Subject,
470,,,,4593,1,0.0029627169701801036,Category,Feature,,,,,,,,,,,,,Subject,
471,,,,4589,5,0.014824442028604555,Category,Feature,,,,,,,,,,,,,Subject,
472,,,,4584,10,0.02967607243426306,Category,Feature,,,,,,,,,,,,,Subject,
473,,,,4579,15,0.0445549671268026,Category,Feature,,,,,,,,,,,,,Subject,
474,,,,4574,20,0.05946120228614155,Category,Feature,,,,,,,,,,,,,Subject,
475,,,,4564,30,0.08935600008168712,Category,Feature,,,,,,,,,,,,,Subject,
476,,,,4554,40,0.11309640678639654,Category,Feature,,,,,,,,,,,,,Subject,
477,,,,4544,50,0.1317150425658767,Category,Feature,,,,,,,,,,,,,Subject,
478,,,,4534,60,0.14863235118031,Category,Feature,,,,,,,,,,,,,Subject,
479,,,,4524,70,0.15525813379949682,Category,Feature,,,,,,,,,,,,,Subject,
480,,,,6603,1,0.06423041549938165,Category,,Feature,,,,,,,,,,,,Subject,
481,,,,6599,5,0.29359675702818644,Category,,Feature,,,,,,,,,,,,Subject,
482,,,,6594,10,0.5491864266707525,Category,,Feature,,,,,,,,,,,,Subject,
483,,,,6589,15,0.7832775435752666,Category,,Feature,,,,,,,,,,,,Subject,
484,,,,6584,20,1.0090877057183074,Category,,Feature,,,,,,,,,,,,Subject,
485,,,,6574,30,1.4250376738508646,Category,,Feature,,,,,,,,,,,,Subject,
486,,,,6564,40,1.4889264651555012,Category,,Feature,,,,,,,,,,,,Subject,
487,,,,6554,50,1.5210816578826059,Category,,Feature,,,,,,,,,,,,Subject,
488,,,,6544,60,1.547050286842767,Category,,Feature,,,,,,,,,,,,Subject,
489,,,,6534,70,1.5547720171983532,Category,,Feature,,,,,,,,,,,,Subject,
490,,,,4593,1,0.9285967161038151,Category,,,Feature,,,,,,,,,,,Subject,
491,,,,4589,5,4.60044605090686,Category,,,Feature,,,,,,,,,,,Subject,
492,,,,4584,10,8.987399227051744,Category,,,Feature,,,,,,,,,,,Subject,
493,,,,4579,15,11.417829651123464,Category,,,Feature,,,,,,,,,,,Subject,
494,,,,4574,20,11.97600882526029,Category,,,Feature,,,,,,,,,,,Subject,
495,,,,4564,30,12.150824531153079,Category,,,Feature,,,,,,,,,,,Subject,
496,,,,4554,40,0.9487245957633673,Category,,,Feature,,,,,,,,,,,Subject,
497,,,,4544,50,0.10764120507326194,Category,,,Feature,,,,,,,,,,,Subject,
498,,,,4534,60,0.0,Category,,,Feature,,,,,,,,,,,Subject,
499,,,,4524,70,0.0,Category,,,Feature,,,,,,,,,,,Subject,
500,,,,4593,1,0.21809057071047233,Category,,,,Feature,,,,,,,,,,Subject,
501,,,,4589,5,0.8774606355062531,Category,,,,Feature,,,,,,,,,,Subject,
502,,,,4584,10,1.48548689341837,Category,,,,Feature,,,,,,,,,,Subject,
503,,,,4579,15,1.8704242652377947,Category,,,,Feature,,,,,,,,,,Subject,
504,,,,4574,20,2.140954022166051,Category,,,,Feature,,,,,,,,,,Subject,
505,,,,4564,30,2.592139890810989,Category,,,,Feature,,,,,,,,,,Subject,
506,,,,4554,40,1.8829830577375002,Category,,,,Feature,,,,,,,,,,Subject,
507,,,,4544,50,1.8253219783063293,Category,,,,Feature,,,,,,,,,,Subject,
508,,,,4534,60,1.784355148682198,Category,,,,Feature,,,,,,,,,,Subject,
509,,,,4524,70,1.781310260875424,Category,,,,Feature,,,,,,,,,,Subject,
510,,,,4593,1,0.36306528938258426,Category,,,,,Feature,,,,,,,,,Subject,
511,,,,4589,5,1.8106208627074456,Category,,,,,Feature,,,,,,,,,Subject,
512,,,,4584,10,3.578344199280101,Category,,,,,Feature,,,,,,,,,Subject,
513,,,,4579,15,5.225204729761613,Category,,,,,Feature,,,,,,,,,Subject,
514,,,,4574,20,6.663921741229645,Category,,,,,Feature,,,,,,,,,Subject,
515,,,,4564,30,8.839312763015709,Category,,,,,Feature,,,,,,,,,Subject,
516,,,,4554,40,5.497771102001923,Category,,,,,Feature,,,,,,,,,Subject,
517,,,,4544,50,3.177032638007917,Category,,,,,Feature,,,,,,,,,Subject,
518,,,,4534,60,2.0399012302078967,Category,,,,,Feature,,,,,,,,,Subject,
519,,,,4524,70,1.6762935013850364,Category,,,,,Feature,,,,,,,,,Subject,
520,,,,4593,1,0.8045674590295456,Category,,,,,,Feature,,,,,,,,Subject,
521,,,,4589,5,4.009403100728313,Category,,,,,,Feature,,,,,,,,Subject,
522,,,,4584,10,7.864886800626562,Category,,,,,,Feature,,,,,,,,Subject,
523,,,,4579,15,10.587978646527784,Category,,,,,,Feature,,,,,,,,Subject,
524,,,,4574,20,11.686323242122956,Category,,,,,,Feature,,,,,,,,Subject,
525,,,,4564,30,12.13255457541573,Category,,,,,,Feature,,,,,,,,Subject,
526,,,,4554,40,1.5640122859378467,Category,,,,,,Feature,,,,,,,,Subject,
527,,,,4544,50,0.2151911330269652,Category,,,,,,Feature,,,,,,,,Subject,
528,,,,4534,60,0.020978616283580536,Category,,,,,,Feature,,,,,,,,Subject,
529,,,,4524,70,0.0,Category,,,,,,Feature,,,,,,,,Subject,
530,,,,4593,1,0.02618175655348328,Category,,,,,,,Feature,,,,,,,Subject,
531,,,,4589,5,0.12763403918786342,Category,,,,,,,Feature,,,,,,,Subject,
532,,,,4584,10,0.2544389494897629,Category,,,,,,,Feature,,,,,,,Subject,
533,,,,4579,15,0.38126892194797296,Category,,,,,,,Feature,,,,,,,Subject,
534,,,,4574,20,0.48984104013832697,Category,,,,,,,Feature,,,,,,,Subject,
535,,,,4564,30,0.7005579582013433,Category,,,,,,,Feature,,,,,,,Subject,
536,,,,4554,40,0.7965553850666746,Category,,,,,,,Feature,,,,,,,Subject,
537,,,,4544,50,0.8417623534196419,Category,,,,,,,Feature,,,,,,,Subject,
538,,,,4534,60,0.8870428175484184,Category,,,,,,,Feature,,,,,,,Subject,
539,,,,4524,70,0.8944860409370065,Category,,,,,,,Feature,,,,,,,Subject,
540,,,,4593,1,0.03870738266936144,Category,,,,,,,,Feature,,,,,,Subject,
541,,,,4589,5,0.19196881126799703,Category,,,,,,,,Feature,,,,,,Subject,
542,,,,4584,10,0.37079723856508795,Category,,,,,,,,Feature,,,,,,Subject,
543,,,,4579,15,0.5388756885462419,Category,,,,,,,,Feature,,,,,,Subject,
544,,,,4574,20,0.6987705940274981,Category,,,,,,,,Feature,,,,,,Subject,
545,,,,4564,30,0.985288432794976,Category,,,,,,,,Feature,,,,,,Subject,
546,,,,4554,40,1.067179020068877,Category,,,,,,,,Feature,,,,,,Subject,
547,,,,4544,50,1.1042503488249622,Category,,,,,,,,Feature,,,,,,Subject,
548,,,,4534,60,1.1531409123136478,Category,,,,,,,,Feature,,,,,,Subject,
549,,,,4524,70,1.1641519592737657,Category,,,,,,,,Feature,,,,,,Subject,
550,,,,4593,1,0.22224785632731636,Category,,,,,,,,,Feature,,,,,Subject,
551,,,,4589,5,1.1050243344456088,Category,,,,,,,,,Feature,,,,,Subject,
552,,,,4584,10,2.191440439737428,Category,,,,,,,,,Feature,,,,,Subject,
553,,,,4579,15,3.2506195728234473,Category,,,,,,,,,Feature,,,,,Subject,
554,,,,4574,20,4.25764743846769,Category,,,,,,,,,Feature,,,,,Subject,
555,,,,4564,30,6.074673485797655,Category,,,,,,,,,Feature,,,,,Subject,
556,,,,4554,40,5.352797296562805,Category,,,,,,,,,Feature,,,,,Subject,
557,,,,4544,50,4.011467494889377,Category,,,,,,,,,Feature,,,,,Subject,
558,,,,4534,60,2.9433219135933584,Category,,,,,,,,,Feature,,,,,Subject,
559,,,,4524,70,2.5788402996241566,Category,,,,,,,,,Feature,,,,,Subject,
560,,,,4593,1,0.1768467770084851,Category,,,,,,,,,,Feature,,,,Subject,
561,,,,4589,5,0.8807804436793267,Category,,,,,,,,,,Feature,,,,Subject,
562,,,,4584,10,1.7441827152943592,Category,,,,,,,,,,Feature,,,,Subject,
563,,,,4579,15,2.586434482149189,Category,,,,,,,,,,Feature,,,,Subject,
564,,,,4574,20,3.401616078940747,Category,,,,,,,,,,Feature,,,,Subject,
565,,,,4564,30,4.873949267161229,Category,,,,,,,,,,Feature,,,,Subject,
566,,,,4554,40,4.549073148535623,Category,,,,,,,,,,Feature,,,,Subject,
567,,,,4544,50,3.8108021642008243,Category,,,,,,,,,,Feature,,,,Subject,
568,,,,4534,60,3.1481981257201967,Category,,,,,,,,,,Feature,,,,Subject,
569,,,,4524,70,2.9415957425423347,Category,,,,,,,,,,Feature,,,,Subject,
570,,,,4593,1,0.14161165127306416,Category,,,,,,,,,,,Feature,,,Subject,
571,,,,4589,5,0.6329502221957799,Category,,,,,,,,,,,Feature,,,Subject,
572,,,,4584,10,1.1511703317541628,Category,,,,,,,,,,,Feature,,,Subject,
573,,,,4579,15,1.5594659993539652,Category,,,,,,,,,,,Feature,,,Subject,
574,,,,4574,20,1.8913993491974108,Category,,,,,,,,,,,Feature,,,Subject,
575,,,,4564,30,2.4475419117564448,Category,,,,,,,,,,,Feature,,,Subject,
576,,,,4554,40,2.0414611702290784,Category,,,,,,,,,,,Feature,,,Subject,
577,,,,4544,50,1.865011825745046,Category,,,,,,,,,,,Feature,,,Subject,
578,,,,4534,60,1.8112717062395138,Category,,,,,,,,,,,Feature,,,Subject,
579,,,,4524,70,1.8052465690993944,Category,,,,,,,,,,,Feature,,,Subject,
580,,,,64605,1,0.07108603238340175,,Feature,,,,,,,,,,,Category,,Subject,
581,,,,64601,5,0.34869119724465447,,Feature,,,,,,,,,,,Category,,Subject,
582,,,,64596,10,0.6889263165357462,,Feature,,,,,,,,,,,Category,,Subject,
583,,,,64591,15,1.0219301879606986,,Feature,,,,,,,,,,,Category,,Subject,
584,,,,64586,20,1.3483710553079702,,Feature,,,,,,,,,,,Category,,Subject,
585,,,,64576,30,1.9797267711380395,,Feature,,,,,,,,,,,Category,,Subject,
586,,,,64566,40,2.111519986062187,,Feature,,,,,,,,,,,Category,,Subject,
587,,,,64556,50,2.106354397876566,,Feature,,,,,,,,,,,Category,,Subject,
588,,,,64546,60,2.0883902748085648,,Feature,,,,,,,,,,,Category,,Subject,
589,,,,64536,70,2.0741979799177126,,Feature,,,,,,,,,,,Category,,Subject,
590,,,,4593,1,0.1989679983281255,,,Feature,,,,,,,,,,Category,,Subject,
591,,,,4589,5,0.8947433811898952,,,Feature,,,,,,,,,,Category,,Subject,
592,,,,4584,10,1.6176066662339614,,,Feature,,,,,,,,,,Category,,Subject,
593,,,,4579,15,2.162349516528178,,,Feature,,,,,,,,,,Category,,Subject,
594,,,,4574,20,2.5492847664674527,,,Feature,,,,,,,,,,Category,,Subject,
595,,,,4564,30,3.112944226038184,,,Feature,,,,,,,,,,Category,,Subject,
596,,,,4554,40,2.1751499928982265,,,Feature,,,,,,,,,,Category,,Subject,
597,,,,4544,50,1.850481245718756,,,Feature,,,,,,,,,,Category,,Subject,
598,,,,4534,60,1.7607165961365583,,,Feature,,,,,,,,,,Category,,Subject,
599,,,,4524,70,1.7628120572576902,,,Feature,,,,,,,,,,Category,,Subject,
600,,,,4593,1,0.029866545346139136,,,,Feature,,,,,,,,,Category,,Subject,
601,,,,4589,5,0.1471986617277213,,,,Feature,,,,,,,,,Category,,Subject,
602,,,,4584,10,0.2906083483287606,,,,Feature,,,,,,,,,Category,,Subject,
603,,,,4579,15,0.432304533829622,,,,Feature,,,,,,,,,Category,,Subject,
604,,,,4574,20,0.5723241033579097,,,,Feature,,,,,,,,,Category,,Subject,
605,,,,4564,30,0.8369536806001102,,,,Feature,,,,,,,,,Category,,Subject,
606,,,,4554,40,0.9596212354572968,,,,Feature,,,,,,,,,Category,,Subject,
607,,,,4544,50,1.0184943754045948,,,,Feature,,,,,,,,,Category,,Subject,
608,,,,4534,60,1.0742714139821672,,,,Feature,,,,,,,,,Category,,Subject,
609,,,,4524,70,1.0977718763175708,,,,Feature,,,,,,,,,Category,,Subject,
610,,,,4593,1,0.18692301401524808,,,,,Feature,,,,,,,,Category,,Subject,
611,,,,4589,5,0.9310633895531691,,,,,Feature,,,,,,,,Category,,Subject,
612,,,,4584,10,1.8437978139386348,,,,,Feature,,,,,,,,Category,,Subject,
613,,,,4579,15,2.7351445409652873,,,,,Feature,,,,,,,,Category,,Subject,
614,,,,4574,20,3.597324063197807,,,,,Feature,,,,,,,,Category,,Subject,
615,,,,4564,30,5.152933426759353,,,,,Feature,,,,,,,,Category,,Subject,
616,,,,4554,40,4.710819186632271,,,,,Feature,,,,,,,,Category,,Subject,
617,,,,4544,50,3.866734304103091,,,,,Feature,,,,,,,,Category,,Subject,
618,,,,4534,60,3.134494004244789,,,,,Feature,,,,,,,,Category,,Subject,
619,,,,4524,70,2.9253567400691796,,,,,Feature,,,,,,,,Category,,Subject,
620,,,,4593,1,0.07210701110905463,,,,,,Feature,,,,,,,Category,,Subject,
621,,,,4589,5,0.33752391657313885,,,,,,Feature,,,,,,,Category,,Subject,
622,,,,4584,10,0.6376410871044766,,,,,,Feature,,,,,,,Category,,Subject,
623,,,,4579,15,0.9010959804409321,,,,,,Feature,,,,,,,Category,,Subject,
624,,,,4574,20,1.1166885483913003,,,,,,Feature,,,,,,,Category,,Subject,
625,,,,4564,30,1.4917129218286547,,,,,,Feature,,,,,,,Category,,Subject,
626,,,,4554,40,1.4205183974670554,,,,,,Feature,,,,,,,Category,,Subject,
627,,,,4544,50,1.3867555793979827,,,,,,Feature,,,,,,,Category,,Subject,
628,,,,4534,60,1.41194055110482,,,,,,Feature,,,,,,,Category,,Subject,
629,,,,4524,70,1.4228746543310158,,,,,,Feature,,,,,,,Category,,Subject,
630,,,,4593,1,0.028036278235323116,,,,,,,Feature,,,,,,Category,,Subject,
631,,,,4589,5,0.13711447995550596,,,,,,,Feature,,,,,,Category,,Subject,
632,,,,4584,10,0.27343409408971053,,,,,,,Feature,,,,,,Category,,Subject,
633,,,,4579,15,0.40551541163561566,,,,,,,Feature,,,,,,Category,,Subject,
634,,,,4574,20,0.533100658809126,,,,,,,Feature,,,,,,Category,,Subject,
635,,,,4564,30,0.787751986649289,,,,,,,Feature,,,,,,Category,,Subject,
636,,,,4554,40,0.9197161817624588,,,,,,,Feature,,,,,,Category,,Subject,
637,,,,4544,50,0.9975442210495059,,,,,,,Feature,,,,,,Category,,Subject,
638,,,,4534,60,1.0592970830456927,,,,,,,Feature,,,,,,Category,,Subject,
639,,,,4524,70,1.0789196125876648,,,,,,,Feature,,,,,,Category,,Subject,
640,,,,4593,1,0.058374492591080386,,,,,,,,Feature,,,,,Category,,Subject,
641,,,,4589,5,0.281240334119072,,,,,,,,Feature,,,,,Category,,Subject,
642,,,,4584,10,0.5459474614895821,,,,,,,,Feature,,,,,Category,,Subject,
643,,,,4579,15,0.7955997047269641,,,,,,,,Feature,,,,,Category,,Subject,
644,,,,4574,20,1.0309269906920748,,,,,,,,Feature,,,,,Category,,Subject,
645,,,,4564,30,1.4519542134496215,,,,,,,,Feature,,,,,Category,,Subject,
646,,,,4554,40,1.5121815482943302,,,,,,,,Feature,,,,,Category,,Subject,
647,,,,4544,50,1.471278460832434,,,,,,,,Feature,,,,,Category,,Subject,
648,,,,4534,60,1.4607017357987306,,,,,,,,Feature,,,,,Category,,Subject,
649,,,,4524,70,1.4602952816045252,,,,,,,,Feature,,,,,Category,,Subject,
650,,,,4593,1,0.3414758437117119,,,,,,,,,Feature,,,,Category,,Subject,
651,,,,4589,5,1.7049147654490189,,,,,,,,,Feature,,,,Category,,Subject,
652,,,,4584,10,3.3801181471558053,,,,,,,,,Feature,,,,Category,,Subject,
653,,,,4579,15,4.964727050825815,,,,,,,,,Feature,,,,Category,,Subject,
654,,,,4574,20,6.388896264826299,,,,,,,,,Feature,,,,Category,,Subject,
655,,,,4564,30,8.582197215062552,,,,,,,,,Feature,,,,Category,,Subject,
656,,,,4554,40,5.518314756797857,,,,,,,,,Feature,,,,Category,,Subject,
657,,,,4544,50,3.28851768367892,,,,,,,,,Feature,,,,Category,,Subject,
658,,,,4534,60,1.9735349051567752,,,,,,,,,Feature,,,,Category,,Subject,
659,,,,4524,70,1.641708761135043,,,,,,,,,Feature,,,,Category,,Subject,
660,,,,7939,1,0.44002931196812745,,,,,,,,,,Feature,,,Category,,Subject,
661,,,,7935,5,2.1935483338338764,,,,,,,,,,Feature,,,Category,,Subject,
662,,,,7930,10,4.33693857943319,,,,,,,,,,Feature,,,Category,,Subject,
663,,,,7925,15,6.330389137238107,,,,,,,,,,Feature,,,Category,,Subject,
664,,,,7920,20,8.059086047084438,,,,,,,,,,Feature,,,Category,,Subject,
665,,,,7910,30,10.476762191170689,,,,,,,,,,Feature,,,Category,,Subject,
666,,,,7900,40,5.349031711481144,,,,,,,,,,Feature,,,Category,,Subject,
667,,,,7890,50,2.638534545005405,,,,,,,,,,Feature,,,Category,,Subject,
668,,,,7880,60,1.34067161916262,,,,,,,,,,Feature,,,Category,,Subject,
669,,,,7870,70,1.0221097721579782,,,,,,,,,,Feature,,,Category,,Subject,
670,,,,4593,1,0.43547341292984354,,,,,,,,,,,Feature,,Category,,Subject,
671,,,,4589,5,2.1685015006755775,,,,,,,,,,,Feature,,Category,,Subject,
672,,,,4584,10,4.281067267266392,,,,,,,,,,,Feature,,Category,,Subject,
673,,,,4579,15,6.268496268811204,,,,,,,,,,,Feature,,Category,,Subject,
674,,,,4574,20,7.975908824589764,,,,,,,,,,,Feature,,Category,,Subject,
675,,,,4564,30,10.329709873081631,,,,,,,,,,,Feature,,Category,,Subject,
676,,,,4554,40,5.266306450540339,,,,,,,,,,,Feature,,Category,,Subject,
677,,,,4544,50,2.223290001231692,,,,,,,,,,,Feature,,Category,,Subject,
678,,,,4534,60,0.813953758887557,,,,,,,,,,,Feature,,Category,,Subject,
679,,,,4524,70,0.530777735070546,,,,,,,,,,,Feature,,Category,,Subject,
680,,,,4593,1,0.18135067644462471,,,,,,,,,,,,Feature,Category,,Subject,
681,,,,4589,5,0.9033157879533484,,,,,,,,,,,,Feature,Category,,Subject,
682,,,,4584,10,1.7895557091190724,,,,,,,,,,,,Feature,Category,,Subject,
683,,,,4579,15,2.655167092754252,,,,,,,,,,,,Feature,Category,,Subject,
684,,,,4574,20,3.4920118072800554,,,,,,,,,,,,Feature,Category,,Subject,
685,,,,4564,30,5.008504923997905,,,,,,,,,,,,Feature,Category,,Subject,
686,,,,4554,40,4.627436182398342,,,,,,,,,,,,Feature,Category,,Subject,
687,,,,4544,50,3.827915850845119,,,,,,,,,,,,Feature,Category,,Subject,
688,,,,4534,60,3.1026437384363494,,,,,,,,,,,,Feature,Category,,Subject,
689,,,,4524,70,2.8918196826132796,,,,,,,,,,,,Feature,Category,,Subject,
690,,Category,Feature,4593,1,0.1989679983281255,,,,,,,,,,,,,,,,Subject
691,,Category,Feature,4589,5,0.8947433811898952,,,,,,,,,,,,,,,,Subject
692,,Category,Feature,4584,10,1.6176066662339614,,,,,,,,,,,,,,,,Subject
693,,Category,Feature,4579,15,2.162349516528178,,,,,,,,,,,,,,,,Subject
694,,Category,Feature,4574,20,2.5492847664674527,,,,,,,,,,,,,,,,Subject
695,,Category,Feature,4564,30,3.112944226038184,,,,,,,,,,,,,,,,Subject
696,,Category,Feature,4554,40,2.1751499928982265,,,,,,,,,,,,,,,,Subject
697,,Category,Feature,4544,50,1.850481245718756,,,,,,,,,,,,,,,,Subject
698,,Category,Feature,4534,60,1.7607165961365583,,,,,,,,,,,,,,,,Subject
699,,Category,Feature,4524,70,1.7628120572576902,,,,,,,,,,,,,,,,Subject
700,,,,4593,1,0.10586987376787299,Category,Feature,,,,,,,,,,,,,,Subject
701,,,,4589,5,0.5224638119070034,Category,Feature,,,,,,,,,,,,,,Subject
702,,,,4584,10,1.03532878294099,Category,Feature,,,,,,,,,,,,,,Subject
703,,,,4579,15,1.5306594758137437,Category,Feature,,,,,,,,,,,,,,Subject
704,,,,4574,20,2.010989526393545,Category,Feature,,,,,,,,,,,,,,Subject
705,,,,4564,30,2.8989138606182814,Category,Feature,,,,,,,,,,,,,,Subject
706,,,,4554,40,2.932850619272601,Category,Feature,,,,,,,,,,,,,,Subject
707,,,,4544,50,2.746030697781463,Category,Feature,,,,,,,,,,,,,,Subject
708,,,,4534,60,2.5998830694572876,Category,Feature,,,,,,,,,,,,,,Subject
709,,,,4524,70,2.573611862517433,Category,Feature,,,,,,,,,,,,,,Subject
710,,,,4593,1,0.4207458946944861,Category,,Feature,,,,,,,,,,,,,Subject
711,,,,4589,5,2.094615072212743,Category,,Feature,,,,,,,,,,,,,Subject
712,,,,4584,10,4.133760625785465,Category,,Feature,,,,,,,,,,,,,Subject
713,,,,4579,15,6.044791731837456,Category,,Feature,,,,,,,,,,,,,Subject
714,,,,4574,20,7.689314535379443,Category,,Feature,,,,,,,,,,,,,Subject
715,,,,4564,30,9.997416701853252,Category,,Feature,,,,,,,,,,,,,Subject
716,,,,4554,40,5.375779369098191,Category,,Feature,,,,,,,,,,,,,Subject
717,,,,4544,50,2.5926852934212183,Category,,Feature,,,,,,,,,,,,,Subject
718,,,,4534,60,1.2271417271975573,Category,,Feature,,,,,,,,,,,,,Subject
719,,,,4524,70,0.8990167589746876,Category,,Feature,,,,,,,,,,,,,Subject
720,,,,14901,1,0.3608771016928733,Category,,,Feature,,,,,,,,,,,,Subject
721,,,,14897,5,1.8025294360041895,Category,,,Feature,,,,,,,,,,,,Subject
722,,,,14892,10,3.589685894907079,Category,,,Feature,,,,,,,,,,,,Subject
723,,,,14887,15,5.30191553019048,Category,,,Feature,,,,,,,,,,,,Subject
724,,,,14882,20,6.884967547696231,Category,,,Feature,,,,,,,,,,,,Subject
725,,,,14872,30,9.490824591855448,Category,,,Feature,,,,,,,,,,,,Subject
726,,,,14862,40,5.902445266854775,Category,,,Feature,,,,,,,,,,,,Subject
727,,,,14852,50,3.254584653378773,Category,,,Feature,,,,,,,,,,,,Subject
728,,,,14842,60,1.8182607680483631,Category,,,Feature,,,,,,,,,,,,Subject
729,,,,14832,70,1.4770861876751953,Category,,,Feature,,,,,,,,,,,,Subject
730,,,,64605,1,0.07108603238340175,Category,,,,Feature,,,,,,,,,,,Subject
731,,,,64601,5,0.34869119724465447,Category,,,,Feature,,,,,,,,,,,Subject
732,,,,64596,10,0.6889263165357462,Category,,,,Feature,,,,,,,,,,,Subject
733,,,,64591,15,1.0219301879606986,Category,,,,Feature,,,,,,,,,,,Subject
734,,,,64586,20,1.3483710553079702,Category,,,,Feature,,,,,,,,,,,Subject
735,,,,64576,30,1.9797267711380395,Category,,,,Feature,,,,,,,,,,,Subject
736,,,,64566,40,2.111519986062187,Category,,,,Feature,,,,,,,,,,,Subject
737,,,,64556,50,2.106354397876566,Category,,,,Feature,,,,,,,,,,,Subject
738,,,,64546,60,2.0883902748085648,Category,,,,Feature,,,,,,,,,,,Subject
739,,,,64536,70,2.0741979799177126,Category,,,,Feature,,,,,,,,,,,Subject
740,,,,4593,1,0.47905967602757926,Category,,,,,Feature,,,,,,,,,,Subject
741,,,,4589,5,2.2136849925529805,Category,,,,,Feature,,,,,,,,,,Subject
742,,,,4584,10,4.121753536418384,Category,,,,,Feature,,,,,,,,,,Subject
743,,,,4579,15,5.469585313871994,Category,,,,,Feature,,,,,,,,,,Subject
744,,,,4574,20,6.297352271561267,Category,,,,,Feature,,,,,,,,,,Subject
745,,,,4564,30,7.3432635863797255,Category,,,,,Feature,,,,,,,,,,Subject
746,,,,4554,40,3.896642539268272,Category,,,,,Feature,,,,,,,,,,Subject
747,,,,4544,50,3.0506423808537826,Category,,,,,Feature,,,,,,,,,,Subject
748,,,,4534,60,2.5977498105927164,Category,,,,,Feature,,,,,,,,,,Subject
749,,,,4524,70,2.4050007177410206,Category,,,,,Feature,,,,,,,,,,Subject
750,,,,4593,1,0.18135067644462471,Category,,,,,,Feature,,,,,,,,,Subject
751,,,,4589,5,0.9033157879533484,Category,,,,,,Feature,,,,,,,,,Subject
752,,,,4584,10,1.7895557091190724,Category,,,,,,Feature,,,,,,,,,Subject
753,,,,4579,15,2.655167092754252,Category,,,,,,Feature,,,,,,,,,Subject
754,,,,4574,20,3.4920118072800554,Category,,,,,,Feature,,,,,,,,,Subject
755,,,,4564,30,5.008504923997905,Category,,,,,,Feature,,,,,,,,,Subject
756,,,,4554,40,4.627436182398342,Category,,,,,,Feature,,,,,,,,,Subject
757,,,,4544,50,3.827915850845119,Category,,,,,,Feature,,,,,,,,,Subject
758,,,,4534,60,3.1026437384363494,Category,,,,,,Feature,,,,,,,,,Subject
759,,,,4524,70,2.8918196826132796,Category,,,,,,Feature,,,,,,,,,Subject
760,,,,4593,1,0.0029627169701801036,Category,,,,,,,Feature,,,,,,,,Subject
761,,,,4589,5,0.014824442028604555,Category,,,,,,,Feature,,,,,,,,Subject
762,,,,4584,10,0.02967607243426306,Category,,,,,,,Feature,,,,,,,,Subject
763,,,,4579,15,0.0445549671268026,Category,,,,,,,Feature,,,,,,,,Subject
764,,,,4574,20,0.05946120228614155,Category,,,,,,,Feature,,,,,,,,Subject
765,,,,4564,30,0.08935600008168712,Category,,,,,,,Feature,,,,,,,,Subject
766,,,,4554,40,0.11309640678639654,Category,,,,,,,Feature,,,,,,,,Subject
767,,,,4544,50,0.1317150425658767,Category,,,,,,,Feature,,,,,,,,Subject
768,,,,4534,60,0.14863235118031,Category,,,,,,,Feature,,,,,,,,Subject
769,,,,4524,70,0.15525813379949682,Category,,,,,,,Feature,,,,,,,,Subject
770,,,,4593,1,0.1329703595886607,Category,,,,,,,,Feature,,,,,,,Subject
771,,,,4589,5,0.6542593869414309,Category,,,,,,,,Feature,,,,,,,Subject
772,,,,4584,10,1.2763335503345425,Category,,,,,,,,Feature,,,,,,,Subject
773,,,,4579,15,1.8686333118024567,Category,,,,,,,,Feature,,,,,,,Subject
774,,,,4574,20,2.4228515596005016,Category,,,,,,,,Feature,,,,,,,Subject
775,,,,4564,30,3.4111619469857173,Category,,,,,,,,Feature,,,,,,,Subject
776,,,,4554,40,3.2063142448206214,Category,,,,,,,,Feature,,,,,,,Subject
777,,,,4544,50,2.820687186355937,Category,,,,,,,,Feature,,,,,,,Subject
778,,,,4534,60,2.587425898570561,Category,,,,,,,,Feature,,,,,,,Subject
779,,,,4524,70,2.536284491087335,Category,,,,,,,,Feature,,,,,,,Subject
780,,,,4593,1,0.31559446034756056,Category,,,,,,,,,Feature,,,,,,Subject
781,,,,4589,5,1.5757963768330407,Category,,,,,,,,,Feature,,,,,,Subject
782,,,,4584,10,3.123861771427193,Category,,,,,,,,,Feature,,,,,,Subject
783,,,,4579,15,4.5793300654275235,Category,,,,,,,,,Feature,,,,,,Subject
784,,,,4574,20,5.888241435058894,Category,,,,,,,,,Feature,,,,,,Subject
785,,,,4564,30,8.012941798364983,Category,,,,,,,,,Feature,,,,,,Subject
786,,,,4554,40,5.554758956670835,Category,,,,,,,,,Feature,,,,,,Subject
787,,,,4544,50,3.33403540380723,Category,,,,,,,,,Feature,,,,,,Subject
788,,,,4534,60,2.0116627890818886,Category,,,,,,,,,Feature,,,,,,Subject
789,,,,4524,70,1.6902580240850842,Category,,,,,,,,,Feature,,,,,,Subject
790,,,,4593,1,0.3490338705132012,Category,,,,,,,,,,Feature,,,,,Subject
791,,,,4589,5,1.7361858397760455,Category,,,,,,,,,,Feature,,,,,Subject
792,,,,4584,10,3.4469198478170657,Category,,,,,,,,,,Feature,,,,,Subject
793,,,,4579,15,5.060862371605512,Category,,,,,,,,,,Feature,,,,,Subject
794,,,,4574,20,6.519925489247262,Category,,,,,,,,,,Feature,,,,,Subject
795,,,,4564,30,8.802208257321821,Category,,,,,,,,,,Feature,,,,,Subject
796,,,,4554,40,5.71876636091575,Category,,,,,,,,,,Feature,,,,,Subject
797,,,,4544,50,3.273787568030844,Category,,,,,,,,,,Feature,,,,,Subject
798,,,,4534,60,2.021783772048095,Category,,,,,,,,,,Feature,,,,,Subject
799,,,,4524,70,1.67521831632862,Category,,,,,,,,,,Feature,,,,,Subject
800,,,,4593,1,0.31294530788809005,Category,,,,,,,,,,,Feature,,,,Subject
801,,,,4589,5,1.5628111315375697,Category,,,,,,,,,,,Feature,,,,Subject
802,,,,4584,10,3.0999452911455125,Category,,,,,,,,,,,Feature,,,,Subject
803,,,,4579,15,4.548805419221292,Category,,,,,,,,,,,Feature,,,,Subject
804,,,,4574,20,5.862572083691251,Category,,,,,,,,,,,Feature,,,,Subject
805,,,,4564,30,8.029785099037385,Category,,,,,,,,,,,Feature,,,,Subject
806,,,,4554,40,5.657507818906536,Category,,,,,,,,,,,Feature,,,,Subject
807,,,,4544,50,3.393101060509126,Category,,,,,,,,,,,Feature,,,,Subject
808,,,,4534,60,2.034303923242533,Category,,,,,,,,,,,Feature,,,,Subject
809,,,,4524,70,1.683965018159234,Category,,,,,,,,,,,Feature,,,,Subject
810,,,,4593,1,0.22017323326306604,,Feature,,,,,,,,,,,Category,,,Subject
811,,,,4589,5,1.0997152238194776,,Feature,,,,,,,,,,,Category,,,Subject
812,,,,4584,10,2.1823182469098312,,Feature,,,,,,,,,,,Category,,,Subject
813,,,,4579,15,3.2326595390589645,,Feature,,,,,,,,,,,Category,,,Subject
814,,,,4574,20,4.236330656954844,,Feature,,,,,,,,,,,Category,,,Subject
815,,,,4564,30,6.027648324169228,,Feature,,,,,,,,,,,Category,,,Subject
816,,,,4554,40,5.022550049165677,,Feature,,,,,,,,,,,Category,,,Subject
817,,,,4544,50,3.811393724604999,,Feature,,,,,,,,,,,Category,,,Subject
818,,,,4534,60,2.9231024325923225,,Feature,,,,,,,,,,,Category,,,Subject
819,,,,4524,70,2.6533465237397764,,Feature,,,,,,,,,,,Category,,,Subject
820,,,,4593,1,0.03870738266936144,,,Feature,,,,,,,,,,Category,,,Subject
821,,,,4589,5,0.19196881126799703,,,Feature,,,,,,,,,,Category,,,Subject
822,,,,4584,10,0.37079723856508795,,,Feature,,,,,,,,,,Category,,,Subject
823,,,,4579,15,0.5388756885462419,,,Feature,,,,,,,,,,Category,,,Subject
824,,,,4574,20,0.6987705940274981,,,Feature,,,,,,,,,,Category,,,Subject
825,,,,4564,30,0.985288432794976,,,Feature,,,,,,,,,,Category,,,Subject
826,,,,4554,40,1.067179020068877,,,Feature,,,,,,,,,,Category,,,Subject
827,,,,4544,50,1.1042503488249622,,,Feature,,,,,,,,,,Category,,,Subject
828,,,,4534,60,1.1531409123136478,,,Feature,,,,,,,,,,Category,,,Subject
829,,,,4524,70,1.1641519592737657,,,Feature,,,,,,,,,,Category,,,Subject
830,,,,4593,1,0.36306528938258426,,,,Feature,,,,,,,,,Category,,,Subject
831,,,,4589,5,1.8106208627074456,,,,Feature,,,,,,,,,Category,,,Subject
832,,,,4584,10,3.578344199280101,,,,Feature,,,,,,,,,Category,,,Subject
833,,,,4579,15,5.225204729761613,,,,Feature,,,,,,,,,Category,,,Subject
834,,,,4574,20,6.663921741229645,,,,Feature,,,,,,,,,Category,,,Subject
835,,,,4564,30,8.839312763015709,,,,Feature,,,,,,,,,Category,,,Subject
836,,,,4554,40,5.497771102001923,,,,Feature,,,,,,,,,Category,,,Subject
837,,,,4544,50,3.177032638007917,,,,Feature,,,,,,,,,Category,,,Subject
838,,,,4534,60,2.0399012302078967,,,,Feature,,,,,,,,,Category,,,Subject
839,,,,4524,70,1.6762935013850364,,,,Feature,,,,,,,,,Category,,,Subject
840,,,,4593,1,0.15008206533777732,,,,,Feature,,,,,,,,Category,,,Subject
841,,,,4589,5,0.7467354301092157,,,,,Feature,,,,,,,,Category,,,Subject
842,,,,4584,10,1.4795302207568795,,,,,Feature,,,,,,,,Category,,,Subject
843,,,,4579,15,2.2028613863203907,,,,,Feature,,,,,,,,Category,,,Subject
844,,,,4574,20,2.9055072988502535,,,,,Feature,,,,,,,,Category,,,Subject
845,,,,4564,30,4.214200498333012,,,,,Feature,,,,,,,,Category,,,Subject
846,,,,4554,40,4.158316317169708,,,,,Feature,,,,,,,,Category,,,Subject
847,,,,4544,50,3.634904609581825,,,,,Feature,,,,,,,,Category,,,Subject
848,,,,4534,60,3.0273060385954795,,,,,Feature,,,,,,,,Category,,,Subject
849,,,,4524,70,2.839106610712405,,,,,Feature,,,,,,,,Category,,,Subject
850,,,,4593,1,0.22224785632731636,,,,,,Feature,,,,,,,Category,,,Subject
851,,,,4589,5,1.1050243344456088,,,,,,Feature,,,,,,,Category,,,Subject
852,,,,4584,10,2.191440439737428,,,,,,Feature,,,,,,,Category,,,Subject
853,,,,4579,15,3.2506195728234473,,,,,,Feature,,,,,,,Category,,,Subject
854,,,,4574,20,4.25764743846769,,,,,,Feature,,,,,,,Category,,,Subject
855,,,,4564,30,6.074673485797655,,,,,,Feature,,,,,,,Category,,,Subject
856,,,,4554,40,5.352797296562805,,,,,,Feature,,,,,,,Category,,,Subject
857,,,,4544,50,4.011467494889377,,,,,,Feature,,,,,,,Category,,,Subject
858,,,,4534,60,2.9433219135933584,,,,,,Feature,,,,,,,Category,,,Subject
859,,,,4524,70,2.5788402996241566,,,,,,Feature,,,,,,,Category,,,Subject
860,,,,4593,1,0.9285967161038151,,,,,,,Feature,,,,,,Category,,,Subject
861,,,,4589,5,4.60044605090686,,,,,,,Feature,,,,,,Category,,,Subject
862,,,,4584,10,8.987399227051744,,,,,,,Feature,,,,,,Category,,,Subject
863,,,,4579,15,11.417829651123464,,,,,,,Feature,,,,,,Category,,,Subject
864,,,,4574,20,11.97600882526029,,,,,,,Feature,,,,,,Category,,,Subject
865,,,,4564,30,12.150824531153079,,,,,,,Feature,,,,,,Category,,,Subject
866,,,,4554,40,0.9487245957633673,,,,,,,Feature,,,,,,Category,,,Subject
867,,,,4544,50,0.10764120507326194,,,,,,,Feature,,,,,,Category,,,Subject
868,,,,4534,60,0.0,,,,,,,Feature,,,,,,Category,,,Subject
869,,,,4524,70,0.0,,,,,,,Feature,,,,,,Category,,,Subject
870,,,,4593,1,0.058374492591080386,,,,,,,,Feature,,,,,Category,,,Subject
871,,,,4589,5,0.281240334119072,,,,,,,,Feature,,,,,Category,,,Subject
872,,,,4584,10,0.5459474614895821,,,,,,,,Feature,,,,,Category,,,Subject
873,,,,4579,15,0.7955997047269641,,,,,,,,Feature,,,,,Category,,,Subject
874,,,,4574,20,1.0309269906920748,,,,,,,,Feature,,,,,Category,,,Subject
875,,,,4564,30,1.4519542134496215,,,,,,,,Feature,,,,,Category,,,Subject
876,,,,4554,40,1.5121815482943302,,,,,,,,Feature,,,,,Category,,,Subject
877,,,,4544,50,1.471278460832434,,,,,,,,Feature,,,,,Category,,,Subject
878,,,,4534,60,1.4607017357987306,,,,,,,,Feature,,,,,Category,,,Subject
879,,,,4524,70,1.4602952816045252,,,,,,,,Feature,,,,,Category,,,Subject
880,,,,4593,1,0.20004897733104537,,,,,,,,,Feature,,,,Category,,,Subject
881,,,,4589,5,0.8346633845855222,,,,,,,,,Feature,,,,Category,,,Subject
882,,,,4584,10,1.434126591708567,,,,,,,,,Feature,,,,Category,,,Subject
883,,,,4579,15,1.8218145141151831,,,,,,,,,Feature,,,,Category,,,Subject
884,,,,4574,20,2.1099729642560927,,,,,,,,,Feature,,,,Category,,,Subject
885,,,,4564,30,2.573226272892968,,,,,,,,,Feature,,,,Category,,,Subject
886,,,,4554,40,1.9077671533818599,,,,,,,,,Feature,,,,Category,,,Subject
887,,,,4544,50,1.8287014484094875,,,,,,,,,Feature,,,,Category,,,Subject
888,,,,4534,60,1.7900730414501345,,,,,,,,,Feature,,,,Category,,,Subject
889,,,,4524,70,1.7880373582814353,,,,,,,,,Feature,,,,Category,,,Subject
890,,,,4593,1,0.202204149099166,,,,,,,,,,Feature,,,Category,,,Subject
891,,,,4589,5,1.004157266371627,,,,,,,,,,Feature,,,Category,,,Subject
892,,,,4584,10,1.9918739181721463,,,,,,,,,,Feature,,,Category,,,Subject
893,,,,4579,15,2.9521267436422183,,,,,,,,,,Feature,,,Category,,,Subject
894,,,,4574,20,3.8541702291828774,,,,,,,,,,Feature,,,Category,,,Subject
895,,,,4564,30,5.504150343356736,,,,,,,,,,Feature,,,Category,,,Subject
896,,,,4554,40,4.983533158563198,,,,,,,,,,Feature,,,Category,,,Subject
897,,,,4544,50,3.885751322853,,,,,,,,,,Feature,,,Category,,,Subject
898,,,,4534,60,3.00913659550531,,,,,,,,,,Feature,,,Category,,,Subject
899,,,,4524,70,2.696536647681686,,,,,,,,,,Feature,,,Category,,,Subject
900,,,,6603,1,0.06423041549938165,,,,,,,,,,,Feature,,Category,,,Subject
901,,,,6599,5,0.29359675702818644,,,,,,,,,,,Feature,,Category,,,Subject
902,,,,6594,10,0.5491864266707525,,,,,,,,,,,Feature,,Category,,,Subject
903,,,,6589,15,0.7832775435752666,,,,,,,,,,,Feature,,Category,,,Subject
904,,,,6584,20,1.0090877057183074,,,,,,,,,,,Feature,,Category,,,Subject
905,,,,6574,30,1.4250376738508646,,,,,,,,,,,Feature,,Category,,,Subject
906,,,,6564,40,1.4889264651555012,,,,,,,,,,,Feature,,Category,,,Subject
907,,,,6554,50,1.5210816578826059,,,,,,,,,,,Feature,,Category,,,Subject
908,,,,6544,60,1.547050286842767,,,,,,,,,,,Feature,,Category,,,Subject
909,,,,6534,70,1.5547720171983532,,,,,,,,,,,Feature,,Category,,,Subject
910,,,,4593,1,0.8045674590295456,,,,,,,,,,,,Feature,Category,,,Subject
911,,,,4589,5,4.009403100728313,,,,,,,,,,,,Feature,Category,,,Subject
912,,,,4584,10,7.864886800626562,,,,,,,,,,,,Feature,Category,,,Subject
913,,,,4579,15,10.587978646527784,,,,,,,,,,,,Feature,Category,,,Subject
914,,,,4574,20,11.686323242122956,,,,,,,,,,,,Feature,Category,,,Subject
915,,,,4564,30,12.13255457541573,,,,,,,,,,,,Feature,Category,,,Subject
916,,,,4554,40,1.5640122859378467,,,,,,,,,,,,Feature,Category,,,Subject
917,,,,4544,50,0.2151911330269652,,,,,,,,,,,,Feature,Category,,,Subject
918,,,,4534,60,0.020978616283580536,,,,,,,,,,,,Feature,Category,,,Subject
919,,,,4524,70,0.0,,,,,,,,,,,,Feature,Category,,,Subject
