,NARRATOR,Other,Unknown,n,k,be,Response,Anger,Anticipation,Arousal,Disgust,Dominance,Fear,Joy,Sadness,Surprise,Trust,Valence,Stimulus,READER,mr. falkland,mr. forester,mr. tyrrel
0,Subject,Category,Feature,25715,1,0.17481274456244666,,,,,,,,,,,,,,,,,
1,Subject,Category,Feature,25711,5,0.7717151363317097,,,,,,,,,,,,,,,,,
2,Subject,Category,Feature,25706,10,1.4506670825473824,,,,,,,,,,,,,,,,,
3,Subject,Category,Feature,25701,15,2.04696277785009,,,,,,,,,,,,,,,,,
4,Subject,Category,Feature,25696,20,2.579281417442249,,,,,,,,,,,,,,,,,
5,Subject,Category,Feature,25686,30,3.5405168277996792,,,,,,,,,,,,,,,,,
6,Subject,Category,Feature,25676,40,3.2440753240680538,,,,,,,,,,,,,,,,,
7,Subject,Category,Feature,25666,50,3.0945387640523214,,,,,,,,,,,,,,,,,
8,Subject,Category,Feature,25656,60,2.962425290988579,,,,,,,,,,,,,,,,,
9,Subject,Category,Feature,25646,70,2.913966573284413,,,,,,,,,,,,,,,,,
10,Subject,,,25715,1,0.09806122721939274,Category,Feature,,,,,,,,,,,,,,,
11,Subject,,,25711,5,0.47794996243162274,Category,Feature,,,,,,,,,,,,,,,
12,Subject,,,25706,10,0.9420110696230661,Category,Feature,,,,,,,,,,,,,,,
13,Subject,,,25701,15,1.3909864340007911,Category,Feature,,,,,,,,,,,,,,,
14,Subject,,,25696,20,1.824797966274354,Category,Feature,,,,,,,,,,,,,,,
15,Subject,,,25686,30,2.6417776260981145,Category,Feature,,,,,,,,,,,,,,,
16,Subject,,,25676,40,2.631819021873055,Category,Feature,,,,,,,,,,,,,,,
17,Subject,,,25666,50,2.449996815325784,Category,Feature,,,,,,,,,,,,,,,
18,Subject,,,25656,60,2.2898668182602586,Category,Feature,,,,,,,,,,,,,,,
19,Subject,,,25646,70,2.2374802661786686,Category,Feature,,,,,,,,,,,,,,,
20,Subject,,,25715,1,0.13455073892009048,Category,,Feature,,,,,,,,,,,,,,
21,Subject,,,25711,5,0.6615636503866866,Category,,Feature,,,,,,,,,,,,,,
22,Subject,,,25706,10,1.3071954872001863,Category,,Feature,,,,,,,,,,,,,,
23,Subject,,,25701,15,1.92464973537795,Category,,Feature,,,,,,,,,,,,,,
24,Subject,,,25696,20,2.5093744862840768,Category,,Feature,,,,,,,,,,,,,,
25,Subject,,,25686,30,3.5786884711863975,Category,,Feature,,,,,,,,,,,,,,
26,Subject,,,25676,40,3.1947717451144215,Category,,Feature,,,,,,,,,,,,,,
27,Subject,,,25666,50,2.667705977020935,Category,,Feature,,,,,,,,,,,,,,
28,Subject,,,25656,60,2.2527685023368256,Category,,Feature,,,,,,,,,,,,,,
29,Subject,,,25646,70,2.1207597375006446,Category,,Feature,,,,,,,,,,,,,,
30,Subject,,,25715,1,0.3503415128099263,Category,,,Feature,,,,,,,,,,,,,
31,Subject,,,25711,5,1.6430459557881656,Category,,,Feature,,,,,,,,,,,,,
32,Subject,,,25706,10,3.1492336274394463,Category,,,Feature,,,,,,,,,,,,,
33,Subject,,,25701,15,4.444070839977028,Category,,,Feature,,,,,,,,,,,,,
34,Subject,,,25696,20,5.429336777190908,Category,,,Feature,,,,,,,,,,,,,
35,Subject,,,25686,30,6.687498478902355,Category,,,Feature,,,,,,,,,,,,,
36,Subject,,,25676,40,3.6291277876125143,Category,,,Feature,,,,,,,,,,,,,
37,Subject,,,25666,50,2.562976914436036,Category,,,Feature,,,,,,,,,,,,,
38,Subject,,,25656,60,2.146081780852562,Category,,,Feature,,,,,,,,,,,,,
39,Subject,,,25646,70,2.05050601819271,Category,,,Feature,,,,,,,,,,,,,
40,Subject,,,25715,1,0.06567012605694714,Category,,,,Feature,,,,,,,,,,,,
41,Subject,,,25711,5,0.32257690568713837,Category,,,,Feature,,,,,,,,,,,,
42,Subject,,,25706,10,0.6368941366555134,Category,,,,Feature,,,,,,,,,,,,
43,Subject,,,25701,15,0.9428650272631257,Category,,,,Feature,,,,,,,,,,,,
44,Subject,,,25696,20,1.2399039140893082,Category,,,,Feature,,,,,,,,,,,,
45,Subject,,,25686,30,1.810193447619434,Category,,,,Feature,,,,,,,,,,,,
46,Subject,,,25676,40,1.92609489770665,Category,,,,Feature,,,,,,,,,,,,
47,Subject,,,25666,50,1.90308877445738,Category,,,,Feature,,,,,,,,,,,,
48,Subject,,,25656,60,1.857677079623421,Category,,,,Feature,,,,,,,,,,,,
49,Subject,,,25646,70,1.8385125348512696,Category,,,,Feature,,,,,,,,,,,,
50,Subject,,,25715,1,0.4773832564232936,Category,,,,,Feature,,,,,,,,,,,
51,Subject,,,25711,5,2.1664011024932486,Category,,,,,Feature,,,,,,,,,,,
52,Subject,,,25706,10,4.088645854110627,Category,,,,,Feature,,,,,,,,,,,
53,Subject,,,25701,15,5.601738527223487,Category,,,,,Feature,,,,,,,,,,,
54,Subject,,,25696,20,6.508933814346849,Category,,,,,Feature,,,,,,,,,,,
55,Subject,,,25686,30,7.43916666381655,Category,,,,,Feature,,,,,,,,,,,
56,Subject,,,25676,40,3.133554736284309,Category,,,,,Feature,,,,,,,,,,,
57,Subject,,,25666,50,2.2951380767212344,Category,,,,,Feature,,,,,,,,,,,
58,Subject,,,25656,60,2.0234344492905856,Category,,,,,Feature,,,,,,,,,,,
59,Subject,,,25646,70,1.956774668983606,Category,,,,,Feature,,,,,,,,,,,
60,Subject,,,25715,1,0.12602940679054725,Category,,,,,,Feature,,,,,,,,,,
61,Subject,,,25711,5,0.6159392832998458,Category,,,,,,Feature,,,,,,,,,,
62,Subject,,,25706,10,1.2129527040499117,Category,,,,,,Feature,,,,,,,,,,
63,Subject,,,25701,15,1.7873134374875306,Category,,,,,,Feature,,,,,,,,,,
64,Subject,,,25696,20,2.334323523703221,Category,,,,,,Feature,,,,,,,,,,
65,Subject,,,25686,30,3.3477729581915754,Category,,,,,,Feature,,,,,,,,,,
66,Subject,,,25676,40,3.120791070005337,Category,,,,,,Feature,,,,,,,,,,
67,Subject,,,25666,50,2.7679279967064456,Category,,,,,,Feature,,,,,,,,,,
68,Subject,,,25656,60,2.4642634329512894,Category,,,,,,Feature,,,,,,,,,,
69,Subject,,,25646,70,2.3604783348785054,Category,,,,,,Feature,,,,,,,,,,
70,Subject,,,25715,1,0.10339541848040824,Category,,,,,,,Feature,,,,,,,,,
71,Subject,,,25711,5,0.5062961156457005,Category,,,,,,,Feature,,,,,,,,,
72,Subject,,,25706,10,0.9992981008674977,Category,,,,,,,Feature,,,,,,,,,
73,Subject,,,25701,15,1.478063484957011,Category,,,,,,,Feature,,,,,,,,,
74,Subject,,,25696,20,1.9361729628556523,Category,,,,,,,Feature,,,,,,,,,
75,Subject,,,25686,30,2.785000895660319,Category,,,,,,,Feature,,,,,,,,,
76,Subject,,,25676,40,2.7056742410549015,Category,,,,,,,Feature,,,,,,,,,
77,Subject,,,25666,50,2.448764771521886,Category,,,,,,,Feature,,,,,,,,,
78,Subject,,,25656,60,2.2350263382981117,Category,,,,,,,Feature,,,,,,,,,
79,Subject,,,25646,70,2.1645223614612394,Category,,,,,,,Feature,,,,,,,,,
80,Subject,,,25715,1,0.10098089934792293,Category,,,,,,,,Feature,,,,,,,,
81,Subject,,,25711,5,0.49740351112696235,Category,,,,,,,,Feature,,,,,,,,
82,Subject,,,25706,10,0.9845006880876707,Category,,,,,,,,Feature,,,,,,,,
83,Subject,,,25701,15,1.4547245527372061,Category,,,,,,,,Feature,,,,,,,,
84,Subject,,,25696,20,1.910960126499191,Category,,,,,,,,Feature,,,,,,,,
85,Subject,,,25686,30,2.7643513296456788,Category,,,,,,,,Feature,,,,,,,,
86,Subject,,,25676,40,2.7099206749658533,Category,,,,,,,,Feature,,,,,,,,
87,Subject,,,25666,50,2.488005676049762,Category,,,,,,,,Feature,,,,,,,,
88,Subject,,,25656,60,2.2952569299336956,Category,,,,,,,,Feature,,,,,,,,
89,Subject,,,25646,70,2.234829398195857,Category,,,,,,,,Feature,,,,,,,,
90,Subject,,,25715,1,0.07894417213568194,Category,,,,,,,,,Feature,,,,,,,
91,Subject,,,25711,5,0.3886273985787091,Category,,,,,,,,,Feature,,,,,,,
92,Subject,,,25706,10,0.7705788885199704,Category,,,,,,,,,Feature,,,,,,,
93,Subject,,,25701,15,1.1459721020135347,Category,,,,,,,,,Feature,,,,,,,
94,Subject,,,25696,20,1.5125815475219342,Category,,,,,,,,,Feature,,,,,,,
95,Subject,,,25686,30,2.216330291726715,Category,,,,,,,,,Feature,,,,,,,
96,Subject,,,25676,40,2.337347832590082,Category,,,,,,,,,Feature,,,,,,,
97,Subject,,,25666,50,2.2655195542177076,Category,,,,,,,,,Feature,,,,,,,
98,Subject,,,25656,60,2.1752354503231888,Category,,,,,,,,,Feature,,,,,,,
99,Subject,,,25646,70,2.1370480551907423,Category,,,,,,,,,Feature,,,,,,,
100,Subject,,,25715,1,0.1549201097545454,Category,,,,,,,,,,Feature,,,,,,
101,Subject,,,25711,5,0.7605678445286245,Category,,,,,,,,,,Feature,,,,,,
102,Subject,,,25706,10,1.500183666347557,Category,,,,,,,,,,Feature,,,,,,
103,Subject,,,25701,15,2.2076565984907934,Category,,,,,,,,,,Feature,,,,,,
104,Subject,,,25696,20,2.8737787487638387,Category,,,,,,,,,,Feature,,,,,,
105,Subject,,,25686,30,4.057034695748242,Category,,,,,,,,,,Feature,,,,,,
106,Subject,,,25676,40,3.4371208128842317,Category,,,,,,,,,,Feature,,,,,,
107,Subject,,,25666,50,2.7775059647176064,Category,,,,,,,,,,Feature,,,,,,
108,Subject,,,25656,60,2.3535225547734693,Category,,,,,,,,,,Feature,,,,,,
109,Subject,,,25646,70,2.2298567303816847,Category,,,,,,,,,,Feature,,,,,,
110,Subject,,,25715,1,0.49983971016738526,Category,,,,,,,,,,,Feature,,,,,
111,Subject,,,25711,5,2.2537004983826123,Category,,,,,,,,,,,Feature,,,,,
112,Subject,,,25706,10,4.250385243334188,Category,,,,,,,,,,,Feature,,,,,
113,Subject,,,25701,15,5.795095787311151,Category,,,,,,,,,,,Feature,,,,,
114,Subject,,,25696,20,6.6842634176284,Category,,,,,,,,,,,Feature,,,,,
115,Subject,,,25686,30,7.56541727493897,Category,,,,,,,,,,,Feature,,,,,
116,Subject,,,25676,40,3.0551948222932834,Category,,,,,,,,,,,Feature,,,,,
117,Subject,,,25666,50,2.2754214742482235,Category,,,,,,,,,,,Feature,,,,,
118,Subject,,,25656,60,2.025477419488841,Category,,,,,,,,,,,Feature,,,,,
119,Subject,,,25646,70,1.9659652058118682,Category,,,,,,,,,,,Feature,,,,,
120,Subject,,,25715,1,0.29918528059642013,,Feature,,,,,,,,,,,Category,,,,
121,Subject,,,25711,5,1.4887715909317696,,Feature,,,,,,,,,,,Category,,,,
122,Subject,,,25706,10,2.961467653994926,,Feature,,,,,,,,,,,Category,,,,
123,Subject,,,25701,15,4.3879170233152225,,Feature,,,,,,,,,,,Category,,,,
124,Subject,,,25696,20,5.7379674746906675,,Feature,,,,,,,,,,,Category,,,,
125,Subject,,,25686,30,8.1066230710394,,Feature,,,,,,,,,,,Category,,,,
126,Subject,,,25676,40,5.917897761358133,,Feature,,,,,,,,,,,Category,,,,
127,Subject,,,25666,50,3.8961512728794547,,Feature,,,,,,,,,,,Category,,,,
128,Subject,,,25656,60,2.6406741000817258,,Feature,,,,,,,,,,,Category,,,,
129,Subject,,,25646,70,2.274790489090162,,Feature,,,,,,,,,,,Category,,,,
130,Subject,,,25715,1,0.32405489681234506,,,Feature,,,,,,,,,,Category,,,,
131,Subject,,,25711,5,1.617511903071223,,,Feature,,,,,,,,,,Category,,,,
132,Subject,,,25706,10,3.223063818751213,,,Feature,,,,,,,,,,Category,,,,
133,Subject,,,25701,15,4.789262066631081,,,Feature,,,,,,,,,,Category,,,,
134,Subject,,,25696,20,6.2701570997342815,,,Feature,,,,,,,,,,Category,,,,
135,Subject,,,25686,30,8.830591004298899,,,Feature,,,,,,,,,,Category,,,,
136,Subject,,,25676,40,6.034998618140008,,,Feature,,,,,,,,,,Category,,,,
137,Subject,,,25666,50,3.73290941464592,,,Feature,,,,,,,,,,Category,,,,
138,Subject,,,25656,60,2.375321167400064,,,Feature,,,,,,,,,,Category,,,,
139,Subject,,,25646,70,2.0074961186281577,,,Feature,,,,,,,,,,Category,,,,
140,Subject,,,25715,1,0.7598620510191354,,,,Feature,,,,,,,,,Category,,,,
141,Subject,,,25711,5,3.7703028499560793,,,,Feature,,,,,,,,,Category,,,,
142,Subject,,,25706,10,7.490839307281618,,,,Feature,,,,,,,,,Category,,,,
143,Subject,,,25701,15,10.733924058695532,,,,Feature,,,,,,,,,Category,,,,
144,Subject,,,25696,20,12.761654179869232,,,,Feature,,,,,,,,,Category,,,,
145,Subject,,,25686,30,14.252344927679633,,,,Feature,,,,,,,,,Category,,,,
146,Subject,,,25676,40,2.5592460388989746,,,,Feature,,,,,,,,,Category,,,,
147,Subject,,,25666,50,0.5674784805012576,,,,Feature,,,,,,,,,Category,,,,
148,Subject,,,25656,60,0.13642872662340702,,,,Feature,,,,,,,,,Category,,,,
149,Subject,,,25646,70,0.06836862448122427,,,,Feature,,,,,,,,,Category,,,,
150,Subject,,,25715,1,0.2091077136006282,,,,,Feature,,,,,,,,Category,,,,
151,Subject,,,25711,5,1.042736320835586,,,,,Feature,,,,,,,,Category,,,,
152,Subject,,,25706,10,2.0748826155960582,,,,,Feature,,,,,,,,Category,,,,
153,Subject,,,25701,15,3.0883972300944795,,,,,Feature,,,,,,,,Category,,,,
154,Subject,,,25696,20,4.069914583346888,,,,,Feature,,,,,,,,Category,,,,
155,Subject,,,25686,30,5.894215864597919,,,,,Feature,,,,,,,,Category,,,,
156,Subject,,,25676,40,5.200372956888546,,,,,Feature,,,,,,,,Category,,,,
157,Subject,,,25666,50,4.199930222634712,,,,,Feature,,,,,,,,Category,,,,
158,Subject,,,25656,60,3.315208812270244,,,,,Feature,,,,,,,,Category,,,,
159,Subject,,,25646,70,3.0222492242122025,,,,,Feature,,,,,,,,Category,,,,
160,Subject,,,25715,1,0.8954650918579767,,,,,,Feature,,,,,,,Category,,,,
161,Subject,,,25711,5,4.428989509243519,,,,,,Feature,,,,,,,Category,,,,
162,Subject,,,25706,10,8.783345805806109,,,,,,Feature,,,,,,,Category,,,,
163,Subject,,,25701,15,12.375870173493732,,,,,,Feature,,,,,,,Category,,,,
164,Subject,,,25696,20,13.875903675648978,,,,,,Feature,,,,,,,Category,,,,
165,Subject,,,25686,30,14.547324176932046,,,,,,Feature,,,,,,,Category,,,,
166,Subject,,,25676,40,1.4406140214034862,,,,,,Feature,,,,,,,Category,,,,
167,Subject,,,25666,50,0.27672309635190306,,,,,,Feature,,,,,,,Category,,,,
168,Subject,,,25656,60,0.05517913716387515,,,,,,Feature,,,,,,,Category,,,,
169,Subject,,,25646,70,0.023837897987407694,,,,,,Feature,,,,,,,Category,,,,
170,Subject,,,25715,1,0.3481058641040146,,,,,,,Feature,,,,,,Category,,,,
171,Subject,,,25711,5,1.7334431788438138,,,,,,,Feature,,,,,,Category,,,,
172,Subject,,,25706,10,3.4484073012442527,,,,,,,Feature,,,,,,Category,,,,
173,Subject,,,25701,15,5.098678661694264,,,,,,,Feature,,,,,,Category,,,,
174,Subject,,,25696,20,6.637870316414348,,,,,,,Feature,,,,,,Category,,,,
175,Subject,,,25686,30,9.221167554282884,,,,,,,Feature,,,,,,Category,,,,
176,Subject,,,25676,40,6.001875005479185,,,,,,,Feature,,,,,,Category,,,,
177,Subject,,,25666,50,3.577215521970061,,,,,,,Feature,,,,,,Category,,,,
178,Subject,,,25656,60,2.163624809059956,,,,,,,Feature,,,,,,Category,,,,
179,Subject,,,25646,70,1.7929991952084556,,,,,,,Feature,,,,,,Category,,,,
180,Subject,,,25715,1,0.2722283813291522,,,,,,,,Feature,,,,,Category,,,,
181,Subject,,,25711,5,1.3576669308943035,,,,,,,,Feature,,,,,Category,,,,
182,Subject,,,25706,10,2.701583880877357,,,,,,,,Feature,,,,,Category,,,,
183,Subject,,,25701,15,4.0140445190192,,,,,,,,Feature,,,,,Category,,,,
184,Subject,,,25696,20,5.2703339105723455,,,,,,,,Feature,,,,,Category,,,,
185,Subject,,,25686,30,7.51634369341304,,,,,,,,Feature,,,,,Category,,,,
186,Subject,,,25676,40,5.777911776003899,,,,,,,,Feature,,,,,Category,,,,
187,Subject,,,25666,50,4.022494187985193,,,,,,,,Feature,,,,,Category,,,,
188,Subject,,,25656,60,2.8342601944964154,,,,,,,,Feature,,,,,Category,,,,
189,Subject,,,25646,70,2.4834186381010737,,,,,,,,Feature,,,,,Category,,,,
190,Subject,,,25715,1,0.29983172565151117,,,,,,,,,Feature,,,,Category,,,,
191,Subject,,,25711,5,1.493575154166161,,,,,,,,,Feature,,,,Category,,,,
192,Subject,,,25706,10,2.9706674383219402,,,,,,,,,Feature,,,,Category,,,,
193,Subject,,,25701,15,4.395811385823674,,,,,,,,,Feature,,,,Category,,,,
194,Subject,,,25696,20,5.743689280102027,,,,,,,,,Feature,,,,Category,,,,
195,Subject,,,25686,30,8.118264373821383,,,,,,,,,Feature,,,,Category,,,,
196,Subject,,,25676,40,5.979195279708807,,,,,,,,,Feature,,,,Category,,,,
197,Subject,,,25666,50,4.051600174536957,,,,,,,,,Feature,,,,Category,,,,
198,Subject,,,25656,60,2.776679797874506,,,,,,,,,Feature,,,,Category,,,,
199,Subject,,,25646,70,2.3914146307977124,,,,,,,,,Feature,,,,Category,,,,
200,Subject,,,25715,1,0.22110144821870895,,,,,,,,,,Feature,,,Category,,,,
201,Subject,,,25711,5,1.1045861940843846,,,,,,,,,,Feature,,,Category,,,,
202,Subject,,,25706,10,2.2022138089928904,,,,,,,,,,Feature,,,Category,,,,
203,Subject,,,25701,15,3.2848229043430184,,,,,,,,,,Feature,,,Category,,,,
204,Subject,,,25696,20,4.338943590200436,,,,,,,,,,Feature,,,Category,,,,
205,Subject,,,25686,30,6.311638014009478,,,,,,,,,,Feature,,,Category,,,,
206,Subject,,,25676,40,5.460136888412853,,,,,,,,,,Feature,,,Category,,,,
207,Subject,,,25666,50,4.202443258857776,,,,,,,,,,Feature,,,Category,,,,
208,Subject,,,25656,60,3.1557069050723765,,,,,,,,,,Feature,,,Category,,,,
209,Subject,,,25646,70,2.8207957888503494,,,,,,,,,,Feature,,,Category,,,,
210,Subject,,,25715,1,0.3956784228061282,,,,,,,,,,,Feature,,Category,,,,
211,Subject,,,25711,5,1.9753061946026418,,,,,,,,,,,Feature,,Category,,,,
212,Subject,,,25706,10,3.9290982704798467,,,,,,,,,,,Feature,,Category,,,,
213,Subject,,,25701,15,5.814434616261696,,,,,,,,,,,Feature,,Category,,,,
214,Subject,,,25696,20,7.545505098155812,,,,,,,,,,,Feature,,Category,,,,
215,Subject,,,25686,30,10.347265168516683,,,,,,,,,,,Feature,,Category,,,,
216,Subject,,,25676,40,5.996387758025982,,,,,,,,,,,Feature,,Category,,,,
217,Subject,,,25666,50,3.1657383450792635,,,,,,,,,,,Feature,,Category,,,,
218,Subject,,,25656,60,1.734722258101979,,,,,,,,,,,Feature,,Category,,,,
219,Subject,,,25646,70,1.3788230899281828,,,,,,,,,,,Feature,,Category,,,,
220,Subject,,,25715,1,0.9146897957691082,,,,,,,,,,,,Feature,Category,,,,
221,Subject,,,25711,5,4.507122345657616,,,,,,,,,,,,Feature,Category,,,,
222,Subject,,,25706,10,8.928445997157688,,,,,,,,,,,,Feature,Category,,,,
223,Subject,,,25701,15,12.54100165512105,,,,,,,,,,,,Feature,Category,,,,
224,Subject,,,25696,20,13.959340642575693,,,,,,,,,,,,Feature,Category,,,,
225,Subject,,,25686,30,14.561740813329482,,,,,,,,,,,,Feature,Category,,,,
226,Subject,,,25676,40,1.3897958031740085,,,,,,,,,,,,Feature,Category,,,,
227,Subject,,,25666,50,0.25520630382843057,,,,,,,,,,,,Feature,Category,,,,
228,Subject,,,25656,60,0.045774804934784044,,,,,,,,,,,,Feature,Category,,,,
229,Subject,,,25646,70,0.020074230124447787,,,,,,,,,,,,Feature,Category,,,,
230,,Category,Feature,25715,1,0.29918528059642013,,,,,,,,,,,,,,Subject,,,
231,,Category,Feature,25711,5,1.4887715909317696,,,,,,,,,,,,,,Subject,,,
232,,Category,Feature,25706,10,2.961467653994926,,,,,,,,,,,,,,Subject,,,
233,,Category,Feature,25701,15,4.3879170233152225,,,,,,,,,,,,,,Subject,,,
234,,Category,Feature,25696,20,5.7379674746906675,,,,,,,,,,,,,,Subject,,,
235,,Category,Feature,25686,30,8.1066230710394,,,,,,,,,,,,,,Subject,,,
236,,Category,Feature,25676,40,5.917897761358133,,,,,,,,,,,,,,Subject,,,
237,,Category,Feature,25666,50,3.8961512728794547,,,,,,,,,,,,,,Subject,,,
238,,Category,Feature,25656,60,2.6406741000817258,,,,,,,,,,,,,,Subject,,,
239,,Category,Feature,25646,70,2.274790489090162,,,,,,,,,,,,,,Subject,,,
240,,,,25715,1,0.3503415128099263,Category,Feature,,,,,,,,,,,,Subject,,,
241,,,,25711,5,1.6430459557881656,Category,Feature,,,,,,,,,,,,Subject,,,
242,,,,25706,10,3.1492336274394463,Category,Feature,,,,,,,,,,,,Subject,,,
243,,,,25701,15,4.444070839977028,Category,Feature,,,,,,,,,,,,Subject,,,
244,,,,25696,20,5.429336777190908,Category,Feature,,,,,,,,,,,,Subject,,,
245,,,,25686,30,6.687498478902355,Category,Feature,,,,,,,,,,,,Subject,,,
246,,,,25676,40,3.6291277876125143,Category,Feature,,,,,,,,,,,,Subject,,,
247,,,,25666,50,2.562976914436036,Category,Feature,,,,,,,,,,,,Subject,,,
248,,,,25656,60,2.146081780852562,Category,Feature,,,,,,,,,,,,Subject,,,
249,,,,25646,70,2.05050601819271,Category,Feature,,,,,,,,,,,,Subject,,,
250,,,,25715,1,0.7598620510191354,Category,,Feature,,,,,,,,,,,Subject,,,
251,,,,25711,5,3.7703028499560793,Category,,Feature,,,,,,,,,,,Subject,,,
252,,,,25706,10,7.490839307281618,Category,,Feature,,,,,,,,,,,Subject,,,
253,,,,25701,15,10.733924058695532,Category,,Feature,,,,,,,,,,,Subject,,,
254,,,,25696,20,12.761654179869232,Category,,Feature,,,,,,,,,,,Subject,,,
255,,,,25686,30,14.252344927679633,Category,,Feature,,,,,,,,,,,Subject,,,
256,,,,25676,40,2.5592460388989746,Category,,Feature,,,,,,,,,,,Subject,,,
257,,,,25666,50,0.5674784805012576,Category,,Feature,,,,,,,,,,,Subject,,,
258,,,,25656,60,0.13642872662340702,Category,,Feature,,,,,,,,,,,Subject,,,
259,,,,25646,70,0.06836862448122427,Category,,Feature,,,,,,,,,,,Subject,,,
260,,,,25715,1,0.2091077136006282,Category,,,Feature,,,,,,,,,,Subject,,,
261,,,,25711,5,1.042736320835586,Category,,,Feature,,,,,,,,,,Subject,,,
262,,,,25706,10,2.0748826155960582,Category,,,Feature,,,,,,,,,,Subject,,,
263,,,,25701,15,3.0883972300944795,Category,,,Feature,,,,,,,,,,Subject,,,
264,,,,25696,20,4.069914583346888,Category,,,Feature,,,,,,,,,,Subject,,,
265,,,,25686,30,5.894215864597919,Category,,,Feature,,,,,,,,,,Subject,,,
266,,,,25676,40,5.200372956888546,Category,,,Feature,,,,,,,,,,Subject,,,
267,,,,25666,50,4.199930222634712,Category,,,Feature,,,,,,,,,,Subject,,,
268,,,,25656,60,3.315208812270244,Category,,,Feature,,,,,,,,,,Subject,,,
269,,,,25646,70,3.0222492242122025,Category,,,Feature,,,,,,,,,,Subject,,,
270,,,,25715,1,0.017114793252506057,Category,,,,Feature,,,,,,,,,Subject,,,
271,,,,25711,5,0.08229644944876051,Category,,,,Feature,,,,,,,,,Subject,,,
272,,,,25706,10,0.16186919549077702,Category,,,,Feature,,,,,,,,,Subject,,,
273,,,,25701,15,0.23905259596176778,Category,,,,Feature,,,,,,,,,Subject,,,
274,,,,25696,20,0.31518632024039717,Category,,,,Feature,,,,,,,,,Subject,,,
275,,,,25686,30,0.46447816248311197,Category,,,,Feature,,,,,,,,,Subject,,,
276,,,,25676,40,0.5553654474371361,Category,,,,Feature,,,,,,,,,Subject,,,
277,,,,25666,50,0.6143000334451043,Category,,,,Feature,,,,,,,,,Subject,,,
278,,,,25656,60,0.6638359009534298,Category,,,,Feature,,,,,,,,,Subject,,,
279,,,,25646,70,0.6820105625662178,Category,,,,Feature,,,,,,,,,Subject,,,
280,,,,25715,1,0.11755423492460064,Category,,,,,Feature,,,,,,,,Subject,,,
281,,,,25711,5,0.5192707192995359,Category,,,,,Feature,,,,,,,,Subject,,,
282,,,,25706,10,0.959216067367949,Category,,,,,Feature,,,,,,,,Subject,,,
283,,,,25701,15,1.3328115761347237,Category,,,,,Feature,,,,,,,,Subject,,,
284,,,,25696,20,1.6594508541000377,Category,,,,,Feature,,,,,,,,Subject,,,
285,,,,25686,30,2.2331218027420894,Category,,,,,Feature,,,,,,,,Subject,,,
286,,,,25676,40,1.950863591599513,Category,,,,,Feature,,,,,,,,Subject,,,
287,,,,25666,50,1.8297956234632917,Category,,,,,Feature,,,,,,,,Subject,,,
288,,,,25656,60,1.757089646951511,Category,,,,,Feature,,,,,,,,Subject,,,
289,,,,25646,70,1.7467607155942344,Category,,,,,Feature,,,,,,,,Subject,,,
290,,,,25715,1,0.02711739611709494,Category,,,,,,Feature,,,,,,,Subject,,,
291,,,,25711,5,0.12926066931066116,Category,,,,,,Feature,,,,,,,Subject,,,
292,,,,25706,10,0.25176660578337995,Category,,,,,,Feature,,,,,,,Subject,,,
293,,,,25701,15,0.36805592379443663,Category,,,,,,Feature,,,,,,,Subject,,,
294,,,,25696,20,0.4828883549526124,Category,,,,,,Feature,,,,,,,Subject,,,
295,,,,25686,30,0.7077891578063593,Category,,,,,,Feature,,,,,,,Subject,,,
296,,,,25676,40,0.8026484434790123,Category,,,,,,Feature,,,,,,,Subject,,,
297,,,,25666,50,0.8551656091278198,Category,,,,,,Feature,,,,,,,Subject,,,
298,,,,25656,60,0.8841031379871379,Category,,,,,,Feature,,,,,,,Subject,,,
299,,,,25646,70,0.8955522562812204,Category,,,,,,Feature,,,,,,,Subject,,,
300,,,,25715,1,0.3956784228061282,Category,,,,,,,Feature,,,,,,Subject,,,
301,,,,25711,5,1.9753061946026418,Category,,,,,,,Feature,,,,,,Subject,,,
302,,,,25706,10,3.9290982704798467,Category,,,,,,,Feature,,,,,,Subject,,,
303,,,,25701,15,5.814434616261696,Category,,,,,,,Feature,,,,,,Subject,,,
304,,,,25696,20,7.545505098155812,Category,,,,,,,Feature,,,,,,Subject,,,
305,,,,25686,30,10.347265168516683,Category,,,,,,,Feature,,,,,,Subject,,,
306,,,,25676,40,5.996387758025982,Category,,,,,,,Feature,,,,,,Subject,,,
307,,,,25666,50,3.1657383450792635,Category,,,,,,,Feature,,,,,,Subject,,,
308,,,,25656,60,1.734722258101979,Category,,,,,,,Feature,,,,,,Subject,,,
309,,,,25646,70,1.3788230899281828,Category,,,,,,,Feature,,,,,,Subject,,,
310,,,,25715,1,0.026120092104119766,Category,,,,,,,,Feature,,,,,Subject,,,
311,,,,25711,5,0.12670639042073617,Category,,,,,,,,Feature,,,,,Subject,,,
312,,,,25706,10,0.24956272497646567,Category,,,,,,,,Feature,,,,,Subject,,,
313,,,,25701,15,0.3659459024480784,Category,,,,,,,,Feature,,,,,Subject,,,
314,,,,25696,20,0.48043551368367127,Category,,,,,,,,Feature,,,,,Subject,,,
315,,,,25686,30,0.70437271057935,Category,,,,,,,,Feature,,,,,Subject,,,
316,,,,25676,40,0.7955566913891332,Category,,,,,,,,Feature,,,,,Subject,,,
317,,,,25666,50,0.8386157971042806,Category,,,,,,,,Feature,,,,,Subject,,,
318,,,,25656,60,0.8700491305846082,Category,,,,,,,,Feature,,,,,Subject,,,
319,,,,25646,70,0.8850141900477745,Category,,,,,,,,Feature,,,,,Subject,,,
320,,,,25715,1,0.01492110949487363,Category,,,,,,,,,Feature,,,,Subject,,,
321,,,,25711,5,0.07458881807302392,Category,,,,,,,,,Feature,,,,Subject,,,
322,,,,25706,10,0.14788658692201284,Category,,,,,,,,,Feature,,,,Subject,,,
323,,,,25701,15,0.22020585481517715,Category,,,,,,,,,Feature,,,,Subject,,,
324,,,,25696,20,0.29220031661970497,Category,,,,,,,,,Feature,,,,Subject,,,
325,,,,25686,30,0.4321199814154291,Category,,,,,,,,,Feature,,,,Subject,,,
326,,,,25676,40,0.512516784424373,Category,,,,,,,,,Feature,,,,Subject,,,
327,,,,25666,50,0.55714430700298,Category,,,,,,,,,Feature,,,,Subject,,,
328,,,,25656,60,0.587938298388555,Category,,,,,,,,,Feature,,,,Subject,,,
329,,,,25646,70,0.6004093081299255,Category,,,,,,,,,Feature,,,,Subject,,,
330,,,,25715,1,0.03039111185995584,Category,,,,,,,,,,Feature,,,Subject,,,
331,,,,25711,5,0.14710421088293368,Category,,,,,,,,,,Feature,,,Subject,,,
332,,,,25706,10,0.28913042608421946,Category,,,,,,,,,,Feature,,,Subject,,,
333,,,,25701,15,0.4261641880295979,Category,,,,,,,,,,Feature,,,Subject,,,
334,,,,25696,20,0.5606295345899802,Category,,,,,,,,,,Feature,,,Subject,,,
335,,,,25686,30,0.820091711228612,Category,,,,,,,,,,Feature,,,Subject,,,
336,,,,25676,40,0.9155569359847424,Category,,,,,,,,,,Feature,,,Subject,,,
337,,,,25666,50,0.9530714471391752,Category,,,,,,,,,,Feature,,,Subject,,,
338,,,,25656,60,0.9785852166984511,Category,,,,,,,,,,Feature,,,Subject,,,
339,,,,25646,70,0.9909849846102942,Category,,,,,,,,,,Feature,,,Subject,,,
340,,,,25715,1,0.122844053201014,Category,,,,,,,,,,,Feature,,Subject,,,
341,,,,25711,5,0.534628150623329,Category,,,,,,,,,,,Feature,,Subject,,,
342,,,,25706,10,0.9821017824743931,Category,,,,,,,,,,,Feature,,Subject,,,
343,,,,25701,15,1.3614293252462715,Category,,,,,,,,,,,Feature,,Subject,,,
344,,,,25696,20,1.6883940230619667,Category,,,,,,,,,,,Feature,,Subject,,,
345,,,,25686,30,2.2623890924365884,Category,,,,,,,,,,,Feature,,Subject,,,
346,,,,25676,40,1.9582926579857296,Category,,,,,,,,,,,Feature,,Subject,,,
347,,,,25666,50,1.8352192810529122,Category,,,,,,,,,,,Feature,,Subject,,,
348,,,,25656,60,1.7582801099964835,Category,,,,,,,,,,,Feature,,Subject,,,
349,,,,25646,70,1.7507294931963326,Category,,,,,,,,,,,Feature,,Subject,,,
350,,,,25715,1,0.3339099058236981,,Feature,,,,,,,,,,,Category,Subject,,,
351,,,,25711,5,1.6618233115130219,,Feature,,,,,,,,,,,Category,Subject,,,
352,,,,25706,10,3.305697531460624,,Feature,,,,,,,,,,,Category,Subject,,,
353,,,,25701,15,4.895246723119181,,Feature,,,,,,,,,,,Category,Subject,,,
354,,,,25696,20,6.391820927300951,,Feature,,,,,,,,,,,Category,Subject,,,
355,,,,25686,30,8.958852303924866,,Feature,,,,,,,,,,,Category,Subject,,,
356,,,,25676,40,6.118821550605333,,Feature,,,,,,,,,,,Category,Subject,,,
357,,,,25666,50,3.7253375236549715,,Feature,,,,,,,,,,,Category,Subject,,,
358,,,,25656,60,2.3026134108917136,,Feature,,,,,,,,,,,Category,Subject,,,
359,,,,25646,70,1.8951593965331632,,Feature,,,,,,,,,,,Category,Subject,,,
360,,,,25715,1,0.37727794219261324,,,Feature,,,,,,,,,,Category,Subject,,,
361,,,,25711,5,1.8842333376745963,,,Feature,,,,,,,,,,Category,Subject,,,
362,,,,25706,10,3.7556346035728736,,,Feature,,,,,,,,,,Category,Subject,,,
363,,,,25701,15,5.5727765534877145,,,Feature,,,,,,,,,,Category,Subject,,,
364,,,,25696,20,7.273540466944846,,,Feature,,,,,,,,,,Category,Subject,,,
365,,,,25686,30,10.101230176734099,,,Feature,,,,,,,,,,Category,Subject,,,
366,,,,25676,40,6.054540032749259,,,Feature,,,,,,,,,,Category,Subject,,,
367,,,,25666,50,3.2188596247901673,,,Feature,,,,,,,,,,Category,Subject,,,
368,,,,25656,60,1.7492226449242572,,,Feature,,,,,,,,,,Category,Subject,,,
369,,,,25646,70,1.3799430994706503,,,Feature,,,,,,,,,,Category,Subject,,,
370,,,,25715,1,0.12602940679054725,,,,Feature,,,,,,,,,Category,Subject,,,
371,,,,25711,5,0.6159392832998458,,,,Feature,,,,,,,,,Category,Subject,,,
372,,,,25706,10,1.2129527040499117,,,,Feature,,,,,,,,,Category,Subject,,,
373,,,,25701,15,1.7873134374875306,,,,Feature,,,,,,,,,Category,Subject,,,
374,,,,25696,20,2.334323523703221,,,,Feature,,,,,,,,,Category,Subject,,,
375,,,,25686,30,3.3477729581915754,,,,Feature,,,,,,,,,Category,Subject,,,
376,,,,25676,40,3.120791070005337,,,,Feature,,,,,,,,,Category,Subject,,,
377,,,,25666,50,2.7679279967064456,,,,Feature,,,,,,,,,Category,Subject,,,
378,,,,25656,60,2.4642634329512894,,,,Feature,,,,,,,,,Category,Subject,,,
379,,,,25646,70,2.3604783348785054,,,,Feature,,,,,,,,,Category,Subject,,,
380,,,,25715,1,0.2341018220691677,,,,,Feature,,,,,,,,Category,Subject,,,
381,,,,25711,5,1.1680529854058443,,,,,Feature,,,,,,,,Category,Subject,,,
382,,,,25706,10,2.3249197945545386,,,,,Feature,,,,,,,,Category,Subject,,,
383,,,,25701,15,3.4587778070904935,,,,,Feature,,,,,,,,Category,Subject,,,
384,,,,25696,20,4.552519168291771,,,,,Feature,,,,,,,,Category,Subject,,,
385,,,,25686,30,6.564199886854476,,,,,Feature,,,,,,,,Category,Subject,,,
386,,,,25676,40,5.513505947823232,,,,,Feature,,,,,,,,Category,Subject,,,
387,,,,25666,50,4.244608475247697,,,,,Feature,,,,,,,,Category,Subject,,,
388,,,,25656,60,3.2241520498785876,,,,,Feature,,,,,,,,Category,Subject,,,
389,,,,25646,70,2.8895513756220668,,,,,Feature,,,,,,,,Category,Subject,,,
390,,,,25715,1,0.9612791883379175,,,,,,Feature,,,,,,,Category,Subject,,,
391,,,,25711,5,4.785851967930724,,,,,,Feature,,,,,,,Category,Subject,,,
392,,,,25706,10,9.525660330569025,,,,,,Feature,,,,,,,Category,Subject,,,
393,,,,25701,15,13.417099062095959,,,,,,Feature,,,,,,,Category,Subject,,,
394,,,,25696,20,14.500724007213186,,,,,,Feature,,,,,,,Category,Subject,,,
395,,,,25686,30,14.647448806087386,,,,,,Feature,,,,,,,Category,Subject,,,
396,,,,25676,40,0.5143897732801039,,,,,,Feature,,,,,,,Category,Subject,,,
397,,,,25666,50,0.0357302958961339,,,,,,Feature,,,,,,,Category,Subject,,,
398,,,,25656,60,0.0012542600129093978,,,,,,Feature,,,,,,,Category,Subject,,,
399,,,,25646,70,0.0,,,,,,Feature,,,,,,,Category,Subject,,,
400,,,,25715,1,0.3924863201603497,,,,,,,Feature,,,,,,Category,Subject,,,
401,,,,25711,5,1.9556641716907337,,,,,,,Feature,,,,,,Category,Subject,,,
402,,,,25706,10,3.8923424071256174,,,,,,,Feature,,,,,,Category,Subject,,,
403,,,,25701,15,5.756007091939637,,,,,,,Feature,,,,,,Category,Subject,,,
404,,,,25696,20,7.475535980495876,,,,,,,Feature,,,,,,Category,Subject,,,
405,,,,25686,30,10.255548207677984,,,,,,,Feature,,,,,,Category,Subject,,,
406,,,,25676,40,6.035587427265738,,,,,,,Feature,,,,,,Category,Subject,,,
407,,,,25666,50,3.2132990499412935,,,,,,,Feature,,,,,,Category,Subject,,,
408,,,,25656,60,1.7487399782848507,,,,,,,Feature,,,,,,Category,Subject,,,
409,,,,25646,70,1.3950071003906206,,,,,,,Feature,,,,,,Category,Subject,,,
410,,,,25715,1,0.31261755824036347,,,,,,,,Feature,,,,,Category,Subject,,,
411,,,,25711,5,1.5596396482075239,,,,,,,,Feature,,,,,Category,Subject,,,
412,,,,25706,10,3.1056949934974765,,,,,,,,Feature,,,,,Category,Subject,,,
413,,,,25701,15,4.60823192122975,,,,,,,,Feature,,,,,Category,Subject,,,
414,,,,25696,20,6.036123327748557,,,,,,,,Feature,,,,,Category,Subject,,,
415,,,,25686,30,8.539362361669337,,,,,,,,Feature,,,,,Category,Subject,,,
416,,,,25676,40,6.077909820281838,,,,,,,,Feature,,,,,Category,Subject,,,
417,,,,25666,50,3.8872524323328923,,,,,,,,Feature,,,,,Category,Subject,,,
418,,,,25656,60,2.505014917474114,,,,,,,,Feature,,,,,Category,Subject,,,
419,,,,25646,70,2.105882552395746,,,,,,,,Feature,,,,,Category,Subject,,,
420,,,,25715,1,0.3349783164655592,,,,,,,,,Feature,,,,Category,Subject,,,
421,,,,25711,5,1.6693055656502525,,,,,,,,,Feature,,,,Category,Subject,,,
422,,,,25706,10,3.321911190220369,,,,,,,,,Feature,,,,Category,Subject,,,
423,,,,25701,15,4.916052156256946,,,,,,,,,Feature,,,,Category,Subject,,,
424,,,,25696,20,6.415016812272985,,,,,,,,,Feature,,,,Category,Subject,,,
425,,,,25686,30,8.98837173955929,,,,,,,,,Feature,,,,Category,Subject,,,
426,,,,25676,40,6.116808717079724,,,,,,,,,Feature,,,,Category,Subject,,,
427,,,,25666,50,3.8385992587671978,,,,,,,,,Feature,,,,Category,Subject,,,
428,,,,25656,60,2.466617931572667,,,,,,,,,Feature,,,,Category,Subject,,,
429,,,,25646,70,2.060145583381273,,,,,,,,,Feature,,,,Category,Subject,,,
430,,,,25715,1,0.252259436911599,,,,,,,,,,Feature,,,Category,Subject,,,
431,,,,25711,5,1.2601619646183861,,,,,,,,,,Feature,,,Category,Subject,,,
432,,,,25706,10,2.512533941528622,,,,,,,,,,Feature,,,Category,Subject,,,
433,,,,25701,15,3.743492026909956,,,,,,,,,,Feature,,,Category,Subject,,,
434,,,,25696,20,4.93403840372965,,,,,,,,,,Feature,,,Category,Subject,,,
435,,,,25686,30,7.145033705313263,,,,,,,,,,Feature,,,Category,Subject,,,
436,,,,25676,40,5.863035554782198,,,,,,,,,,Feature,,,Category,Subject,,,
437,,,,25666,50,4.2351691561577,,,,,,,,,,Feature,,,Category,Subject,,,
438,,,,25656,60,2.9341709790327437,,,,,,,,,,Feature,,,Category,Subject,,,
439,,,,25646,70,2.534485555624062,,,,,,,,,,Feature,,,Category,Subject,,,
440,,,,25715,1,0.4469803131560228,,,,,,,,,,,Feature,,Category,Subject,,,
441,,,,25711,5,2.232522127365784,,,,,,,,,,,Feature,,Category,Subject,,,
442,,,,25706,10,4.445123056027527,,,,,,,,,,,Feature,,Category,Subject,,,
443,,,,25701,15,6.572150173036646,,,,,,,,,,,Feature,,Category,Subject,,,
444,,,,25696,20,8.507954022421329,,,,,,,,,,,Feature,,Category,Subject,,,
445,,,,25686,30,11.481908682821583,,,,,,,,,,,Feature,,Category,Subject,,,
446,,,,25676,40,5.737492717677523,,,,,,,,,,,Feature,,Category,Subject,,,
447,,,,25666,50,2.5327202187590965,,,,,,,,,,,Feature,,Category,Subject,,,
448,,,,25656,60,1.1348855679023178,,,,,,,,,,,Feature,,Category,Subject,,,
449,,,,25646,70,0.8359616810862612,,,,,,,,,,,Feature,,Category,Subject,,,
450,,,,25715,1,0.975234934990558,,,,,,,,,,,,Feature,Category,Subject,,,
451,,,,25711,5,4.846412758137625,,,,,,,,,,,,Feature,Category,Subject,,,
452,,,,25706,10,9.642238923496848,,,,,,,,,,,,Feature,Category,Subject,,,
453,,,,25701,15,13.54659565403827,,,,,,,,,,,,Feature,Category,Subject,,,
454,,,,25696,20,14.520466175967112,,,,,,,,,,,,Feature,Category,Subject,,,
455,,,,25686,30,14.647370942659835,,,,,,,,,,,,Feature,Category,Subject,,,
456,,,,25676,40,0.47564415975278596,,,,,,,,,,,,Feature,Category,Subject,,,
457,,,,25666,50,0.027581908225716475,,,,,,,,,,,,Feature,Category,Subject,,,
458,,,,25656,60,0.0,,,,,,,,,,,,Feature,Category,Subject,,,
459,,,,25646,70,0.0,,,,,,,,,,,,Feature,Category,Subject,,,
460,,Category,Feature,25715,1,0.3924863201603497,,,,,,,,,,,,,,,Subject,,
461,,Category,Feature,25711,5,1.9556641716907337,,,,,,,,,,,,,,,Subject,,
462,,Category,Feature,25706,10,3.8923424071256174,,,,,,,,,,,,,,,Subject,,
463,,Category,Feature,25701,15,5.756007091939637,,,,,,,,,,,,,,,Subject,,
464,,Category,Feature,25696,20,7.475535980495876,,,,,,,,,,,,,,,Subject,,
465,,Category,Feature,25686,30,10.255548207677984,,,,,,,,,,,,,,,Subject,,
466,,Category,Feature,25676,40,6.035587427265738,,,,,,,,,,,,,,,Subject,,
467,,Category,Feature,25666,50,3.2132990499412935,,,,,,,,,,,,,,,Subject,,
468,,Category,Feature,25656,60,1.7487399782848507,,,,,,,,,,,,,,,Subject,,
469,,Category,Feature,25646,70,1.3950071003906206,,,,,,,,,,,,,,,Subject,,
470,,,,25715,1,0.024102455053585086,Category,Feature,,,,,,,,,,,,,Subject,,
471,,,,25711,5,0.11772734216912728,Category,Feature,,,,,,,,,,,,,Subject,,
472,,,,25706,10,0.2319621965753116,Category,Feature,,,,,,,,,,,,,Subject,,
473,,,,25701,15,0.3427006618477069,Category,Feature,,,,,,,,,,,,,Subject,,
474,,,,25696,20,0.4476179069189874,Category,Feature,,,,,,,,,,,,,Subject,,
475,,,,25686,30,0.6493340622421498,Category,Feature,,,,,,,,,,,,,Subject,,
476,,,,25676,40,0.727630981010897,Category,Feature,,,,,,,,,,,,,Subject,,
477,,,,25666,50,0.7620995785083141,Category,Feature,,,,,,,,,,,,,Subject,,
478,,,,25656,60,0.793633847857822,Category,Feature,,,,,,,,,,,,,Subject,,
479,,,,25646,70,0.8074290970451331,Category,Feature,,,,,,,,,,,,,Subject,,
480,,,,25715,1,0.3349783164655592,Category,,Feature,,,,,,,,,,,,Subject,,
481,,,,25711,5,1.6693055656502525,Category,,Feature,,,,,,,,,,,,Subject,,
482,,,,25706,10,3.321911190220369,Category,,Feature,,,,,,,,,,,,Subject,,
483,,,,25701,15,4.916052156256946,Category,,Feature,,,,,,,,,,,,Subject,,
484,,,,25696,20,6.415016812272985,Category,,Feature,,,,,,,,,,,,Subject,,
485,,,,25686,30,8.98837173955929,Category,,Feature,,,,,,,,,,,,Subject,,
486,,,,25676,40,6.116808717079724,Category,,Feature,,,,,,,,,,,,Subject,,
487,,,,25666,50,3.8385992587671978,Category,,Feature,,,,,,,,,,,,Subject,,
488,,,,25656,60,2.466617931572667,Category,,Feature,,,,,,,,,,,,Subject,,
489,,,,25646,70,2.060145583381273,Category,,Feature,,,,,,,,,,,,Subject,,
490,,,,25715,1,0.08536055526269325,Category,,,Feature,,,,,,,,,,,Subject,,
491,,,,25711,5,0.3864770260726661,Category,,,Feature,,,,,,,,,,,Subject,,
492,,,,25706,10,0.7298507792950052,Category,,,Feature,,,,,,,,,,,Subject,,
493,,,,25701,15,1.035176404756218,Category,,,Feature,,,,,,,,,,,Subject,,
494,,,,25696,20,1.3040927247940164,Category,,,Feature,,,,,,,,,,,Subject,,
495,,,,25686,30,1.7912128329174957,Category,,,Feature,,,,,,,,,,,Subject,,
496,,,,25676,40,1.6827569110801717,Category,,,Feature,,,,,,,,,,,Subject,,
497,,,,25666,50,1.6173306889875527,Category,,,Feature,,,,,,,,,,,Subject,,
498,,,,25656,60,1.5788620591049272,Category,,,Feature,,,,,,,,,,,Subject,,
499,,,,25646,70,1.5773706477077938,Category,,,Feature,,,,,,,,,,,Subject,,
500,,,,25715,1,0.02711739611709494,Category,,,,Feature,,,,,,,,,,Subject,,
501,,,,25711,5,0.12926066931066116,Category,,,,Feature,,,,,,,,,,Subject,,
502,,,,25706,10,0.25176660578337995,Category,,,,Feature,,,,,,,,,,Subject,,
503,,,,25701,15,0.36805592379443663,Category,,,,Feature,,,,,,,,,,Subject,,
504,,,,25696,20,0.4828883549526124,Category,,,,Feature,,,,,,,,,,Subject,,
505,,,,25686,30,0.7077891578063593,Category,,,,Feature,,,,,,,,,,Subject,,
506,,,,25676,40,0.8026484434790123,Category,,,,Feature,,,,,,,,,,Subject,,
507,,,,25666,50,0.8551656091278198,Category,,,,Feature,,,,,,,,,,Subject,,
508,,,,25656,60,0.8841031379871379,Category,,,,Feature,,,,,,,,,,Subject,,
509,,,,25646,70,0.8955522562812204,Category,,,,Feature,,,,,,,,,,Subject,,
510,,,,25715,1,0.122844053201014,Category,,,,,Feature,,,,,,,,,Subject,,
511,,,,25711,5,0.5191520873068957,Category,,,,,Feature,,,,,,,,,Subject,,
512,,,,25706,10,0.9566368968057795,Category,,,,,Feature,,,,,,,,,Subject,,
513,,,,25701,15,1.3293907452965088,Category,,,,,Feature,,,,,,,,,Subject,,
514,,,,25696,20,1.6522870384343116,Category,,,,,Feature,,,,,,,,,Subject,,
515,,,,25686,30,2.2303632819087365,Category,,,,,Feature,,,,,,,,,Subject,,
516,,,,25676,40,1.999080287461165,Category,,,,,Feature,,,,,,,,,Subject,,
517,,,,25666,50,1.90483062382503,Category,,,,,Feature,,,,,,,,,Subject,,
518,,,,25656,60,1.852055364360319,Category,,,,,Feature,,,,,,,,,Subject,,
519,,,,25646,70,1.8455200754641286,Category,,,,,Feature,,,,,,,,,Subject,,
520,,,,25715,1,0.03232094267880215,Category,,,,,,Feature,,,,,,,,Subject,,
521,,,,25711,5,0.15741651990336106,Category,,,,,,Feature,,,,,,,,Subject,,
522,,,,25706,10,0.3101767562577058,Category,,,,,,Feature,,,,,,,,Subject,,
523,,,,25701,15,0.458279060943217,Category,,,,,,Feature,,,,,,,,Subject,,
524,,,,25696,20,0.6002139678193363,Category,,,,,,Feature,,,,,,,,Subject,,
525,,,,25686,30,0.8709360620972058,Category,,,,,,Feature,,,,,,,,Subject,,
526,,,,25676,40,0.9591280287846969,Category,,,,,,Feature,,,,,,,,Subject,,
527,,,,25666,50,0.9933845673905329,Category,,,,,,Feature,,,,,,,,Subject,,
528,,,,25656,60,1.0290884381957415,Category,,,,,,Feature,,,,,,,,Subject,,
529,,,,25646,70,1.0426538458489114,Category,,,,,,Feature,,,,,,,,Subject,,
530,,,,25715,1,0.023763039246719485,Category,,,,,,,Feature,,,,,,,Subject,,
531,,,,25711,5,0.1160605151310777,Category,,,,,,,Feature,,,,,,,Subject,,
532,,,,25706,10,0.2289255711975324,Category,,,,,,,Feature,,,,,,,Subject,,
533,,,,25701,15,0.34109678144547145,Category,,,,,,,Feature,,,,,,,Subject,,
534,,,,25696,20,0.4506215581511524,Category,,,,,,,Feature,,,,,,,Subject,,
535,,,,25686,30,0.6570557738221099,Category,,,,,,,Feature,,,,,,,Subject,,
536,,,,25676,40,0.766985060215415,Category,,,,,,,Feature,,,,,,,Subject,,
537,,,,25666,50,0.8258272151841529,Category,,,,,,,Feature,,,,,,,Subject,,
538,,,,25656,60,0.8832491428552276,Category,,,,,,,Feature,,,,,,,Subject,,
539,,,,25646,70,0.9053667140211216,Category,,,,,,,Feature,,,,,,,Subject,,
540,,,,25715,1,0.02645335005400984,Category,,,,,,,,Feature,,,,,,Subject,,
541,,,,25711,5,0.1303595371007012,Category,,,,,,,,Feature,,,,,,Subject,,
542,,,,25706,10,0.2576015734259908,Category,,,,,,,,Feature,,,,,,Subject,,
543,,,,25701,15,0.3810330615830475,Category,,,,,,,,Feature,,,,,,Subject,,
544,,,,25696,20,0.5005910808291727,Category,,,,,,,,Feature,,,,,,Subject,,
545,,,,25686,30,0.7243964560347496,Category,,,,,,,,Feature,,,,,,Subject,,
546,,,,25676,40,0.8105791617128618,Category,,,,,,,,Feature,,,,,,Subject,,
547,,,,25666,50,0.8490906030401782,Category,,,,,,,,Feature,,,,,,Subject,,
548,,,,25656,60,0.8877573068201932,Category,,,,,,,,Feature,,,,,,Subject,,
549,,,,25646,70,0.902998426958003,Category,,,,,,,,Feature,,,,,,Subject,,
550,,,,25715,1,0.020664094625018083,Category,,,,,,,,,Feature,,,,,Subject,,
551,,,,25711,5,0.10282920164493844,Category,,,,,,,,,Feature,,,,,Subject,,
552,,,,25706,10,0.20174026574749584,Category,,,,,,,,,Feature,,,,,Subject,,
553,,,,25701,15,0.29930201240051013,Category,,,,,,,,,Feature,,,,,Subject,,
554,,,,25696,20,0.39430196316208727,Category,,,,,,,,,Feature,,,,,Subject,,
555,,,,25686,30,0.5739747065250883,Category,,,,,,,,,Feature,,,,,Subject,,
556,,,,25676,40,0.6592346861405033,Category,,,,,,,,,Feature,,,,,Subject,,
557,,,,25666,50,0.7038010150516942,Category,,,,,,,,,Feature,,,,,Subject,,
558,,,,25656,60,0.7502101654205583,Category,,,,,,,,,Feature,,,,,Subject,,
559,,,,25646,70,0.7686191567392945,Category,,,,,,,,,Feature,,,,,Subject,,
560,,,,25715,1,0.033276913670545444,Category,,,,,,,,,,Feature,,,,Subject,,
561,,,,25711,5,0.1582369272028199,Category,,,,,,,,,,Feature,,,,Subject,,
562,,,,25706,10,0.3076784074702598,Category,,,,,,,,,,Feature,,,,Subject,,
563,,,,25701,15,0.4514832493726644,Category,,,,,,,,,,Feature,,,,Subject,,
564,,,,25696,20,0.5905019698871093,Category,,,,,,,,,,Feature,,,,Subject,,
565,,,,25686,30,0.8558860993950637,Category,,,,,,,,,,Feature,,,,Subject,,
566,,,,25676,40,0.9634533123095027,Category,,,,,,,,,,Feature,,,,Subject,,
567,,,,25666,50,1.0176518944943833,Category,,,,,,,,,,Feature,,,,Subject,,
568,,,,25656,60,1.0653358129398167,Category,,,,,,,,,,Feature,,,,Subject,,
569,,,,25646,70,1.081364180470001,Category,,,,,,,,,,Feature,,,,Subject,,
570,,,,25715,1,0.252259436911599,Category,,,,,,,,,,,Feature,,,Subject,,
571,,,,25711,5,1.2601619646183861,Category,,,,,,,,,,,Feature,,,Subject,,
572,,,,25706,10,2.512533941528622,Category,,,,,,,,,,,Feature,,,Subject,,
573,,,,25701,15,3.743492026909956,Category,,,,,,,,,,,Feature,,,Subject,,
574,,,,25696,20,4.93403840372965,Category,,,,,,,,,,,Feature,,,Subject,,
575,,,,25686,30,7.145033705313263,Category,,,,,,,,,,,Feature,,,Subject,,
576,,,,25676,40,5.863035554782198,Category,,,,,,,,,,,Feature,,,Subject,,
577,,,,25666,50,4.2351691561577,Category,,,,,,,,,,,Feature,,,Subject,,
578,,,,25656,60,2.9341709790327437,Category,,,,,,,,,,,Feature,,,Subject,,
579,,,,25646,70,2.534485555624062,Category,,,,,,,,,,,Feature,,,Subject,,
580,,,,25715,1,0.3334514501708367,,Feature,,,,,,,,,,,Category,,Subject,,
581,,,,25711,5,1.6589530266509183,,Feature,,,,,,,,,,,Category,,Subject,,
582,,,,25706,10,3.3006804296079886,,Feature,,,,,,,,,,,Category,,Subject,,
583,,,,25701,15,4.88758384968866,,Feature,,,,,,,,,,,Category,,Subject,,
584,,,,25696,20,6.377367345235191,,Feature,,,,,,,,,,,Category,,Subject,,
585,,,,25686,30,8.93238421403596,,Feature,,,,,,,,,,,Category,,Subject,,
586,,,,25676,40,6.141586383405522,,Feature,,,,,,,,,,,Category,,Subject,,
587,,,,25666,50,3.7546973249592672,,Feature,,,,,,,,,,,Category,,Subject,,
588,,,,25656,60,2.2985252309484645,,Feature,,,,,,,,,,,Category,,Subject,,
589,,,,25646,70,1.8911781021833842,,Feature,,,,,,,,,,,Category,,Subject,,
590,,,,25715,1,0.3742777288986532,,,Feature,,,,,,,,,,Category,,Subject,,
591,,,,25711,5,1.8693872271958483,,,Feature,,,,,,,,,,Category,,Subject,,
592,,,,25706,10,3.7260115823738387,,,Feature,,,,,,,,,,Category,,Subject,,
593,,,,25701,15,5.52994094445402,,,Feature,,,,,,,,,,Category,,Subject,,
594,,,,25696,20,7.222129247884212,,,Feature,,,,,,,,,,Category,,Subject,,
595,,,,25686,30,10.072578087172337,,,Feature,,,,,,,,,,Category,,Subject,,
596,,,,25676,40,6.1371607648255475,,,Feature,,,,,,,,,,Category,,Subject,,
597,,,,25666,50,3.2866087653499236,,,Feature,,,,,,,,,,Category,,Subject,,
598,,,,25656,60,1.740970294701009,,,Feature,,,,,,,,,,Category,,Subject,,
599,,,,25646,70,1.3505208634978367,,,Feature,,,,,,,,,,Category,,Subject,,
600,,,,25715,1,0.833999142831494,,,,Feature,,,,,,,,,Category,,Subject,,
601,,,,25711,5,4.1518139237257365,,,,Feature,,,,,,,,,Category,,Subject,,
602,,,,25706,10,8.265428910582294,,,,Feature,,,,,,,,,Category,,Subject,,
603,,,,25701,15,11.827425106422943,,,,Feature,,,,,,,,,Category,,Subject,,
604,,,,25696,20,13.743979881299857,,,,Feature,,,,,,,,,Category,,Subject,,
605,,,,25686,30,14.596088737966896,,,,Feature,,,,,,,,,Category,,Subject,,
606,,,,25676,40,1.589448559925271,,,,Feature,,,,,,,,,Category,,Subject,,
607,,,,25666,50,0.17795372299961051,,,,Feature,,,,,,,,,Category,,Subject,,
608,,,,25656,60,0.01191511605381199,,,,Feature,,,,,,,,,Category,,Subject,,
609,,,,25646,70,0.0012547052165162382,,,,Feature,,,,,,,,,Category,,Subject,,
610,,,,25715,1,0.23464439530844078,,,,,Feature,,,,,,,,Category,,Subject,,
611,,,,25711,5,1.1704342004247652,,,,,Feature,,,,,,,,Category,,Subject,,
612,,,,25706,10,2.3299516073275814,,,,,Feature,,,,,,,,Category,,Subject,,
613,,,,25701,15,3.4675307910472677,,,,,Feature,,,,,,,,Category,,Subject,,
614,,,,25696,20,4.5639994135313176,,,,,Feature,,,,,,,,Category,,Subject,,
615,,,,25686,30,6.578941097178191,,,,,Feature,,,,,,,,Category,,Subject,,
616,,,,25676,40,5.524853949730587,,,,,Feature,,,,,,,,Category,,Subject,,
617,,,,25666,50,4.236764494118746,,,,,Feature,,,,,,,,Category,,Subject,,
618,,,,25656,60,3.192771256831295,,,,,Feature,,,,,,,,Category,,Subject,,
619,,,,25646,70,2.852420009423703,,,,,Feature,,,,,,,,Category,,Subject,,
620,,,,25715,1,0.9607768012510962,,,,,,Feature,,,,,,,Category,,Subject,,
621,,,,25711,5,4.782891571384103,,,,,,Feature,,,,,,,Category,,Subject,,
622,,,,25706,10,9.518690427742332,,,,,,Feature,,,,,,,Category,,Subject,,
623,,,,25701,15,13.408340963145111,,,,,,Feature,,,,,,,Category,,Subject,,
624,,,,25696,20,14.488113313925952,,,,,,Feature,,,,,,,Category,,Subject,,
625,,,,25686,30,14.646066349690729,,,,,,Feature,,,,,,,Category,,Subject,,
626,,,,25676,40,0.5543761297449027,,,,,,Feature,,,,,,,Category,,Subject,,
627,,,,25666,50,0.03886419239172403,,,,,,Feature,,,,,,,Category,,Subject,,
628,,,,25656,60,0.0012542600129093978,,,,,,Feature,,,,,,,Category,,Subject,,
629,,,,25646,70,0.0,,,,,,Feature,,,,,,,Category,,Subject,,
630,,,,25715,1,0.3906749388224722,,,,,,,Feature,,,,,,Category,,Subject,,
631,,,,25711,5,1.9464739376133164,,,,,,,Feature,,,,,,Category,,Subject,,
632,,,,25706,10,3.8731753421604362,,,,,,,Feature,,,,,,Category,,Subject,,
633,,,,25701,15,5.725830073023546,,,,,,,Feature,,,,,,Category,,Subject,,
634,,,,25696,20,7.433580943911911,,,,,,,Feature,,,,,,Category,,Subject,,
635,,,,25686,30,10.206157274967996,,,,,,,Feature,,,,,,Category,,Subject,,
636,,,,25676,40,6.06956614846459,,,,,,,Feature,,,,,,Category,,Subject,,
637,,,,25666,50,3.2665725945707926,,,,,,,Feature,,,,,,Category,,Subject,,
638,,,,25656,60,1.7582440474964363,,,,,,,Feature,,,,,,Category,,Subject,,
639,,,,25646,70,1.3837224882591648,,,,,,,Feature,,,,,,Category,,Subject,,
640,,,,25715,1,0.31055811139668926,,,,,,,,Feature,,,,,Category,,Subject,,
641,,,,25711,5,1.549136065436072,,,,,,,,Feature,,,,,Category,,Subject,,
642,,,,25706,10,3.0834870086657697,,,,,,,,Feature,,,,,Category,,Subject,,
643,,,,25701,15,4.575056527419862,,,,,,,,Feature,,,,,Category,,Subject,,
644,,,,25696,20,5.993402015560354,,,,,,,,Feature,,,,,Category,,Subject,,
645,,,,25686,30,8.486728909827923,,,,,,,,Feature,,,,,Category,,Subject,,
646,,,,25676,40,6.072683552654799,,,,,,,,Feature,,,,,Category,,Subject,,
647,,,,25666,50,3.8809007299852905,,,,,,,,Feature,,,,,Category,,Subject,,
648,,,,25656,60,2.4928923656863953,,,,,,,,Feature,,,,,Category,,Subject,,
649,,,,25646,70,2.0945049350814924,,,,,,,,Feature,,,,,Category,,Subject,,
650,,,,25715,1,0.33421535428139976,,,,,,,,,Feature,,,,Category,,Subject,,
651,,,,25711,5,1.665396691930889,,,,,,,,,Feature,,,,Category,,Subject,,
652,,,,25706,10,3.313213355597762,,,,,,,,,Feature,,,,Category,,Subject,,
653,,,,25701,15,4.902438506296434,,,,,,,,,Feature,,,,Category,,Subject,,
654,,,,25696,20,6.395823889592934,,,,,,,,,Feature,,,,Category,,Subject,,
655,,,,25686,30,8.974946108137852,,,,,,,,,Feature,,,,Category,,Subject,,
656,,,,25676,40,6.140353772194746,,,,,,,,,Feature,,,,Category,,Subject,,
657,,,,25666,50,3.834260900153725,,,,,,,,,Feature,,,,Category,,Subject,,
658,,,,25656,60,2.421418282375226,,,,,,,,,Feature,,,,Category,,Subject,,
659,,,,25646,70,2.0151852110333213,,,,,,,,,Feature,,,,Category,,Subject,,
660,,,,25715,1,0.25085629764957323,,,,,,,,,,Feature,,,Category,,Subject,,
661,,,,25711,5,1.2530595308321728,,,,,,,,,,Feature,,,Category,,Subject,,
662,,,,25706,10,2.4984153483122054,,,,,,,,,,Feature,,,Category,,Subject,,
663,,,,25701,15,3.723394665824118,,,,,,,,,,Feature,,,Category,,Subject,,
664,,,,25696,20,4.909087125684686,,,,,,,,,,Feature,,,Category,,Subject,,
665,,,,25686,30,7.1137669286474825,,,,,,,,,,Feature,,,Category,,Subject,,
666,,,,25676,40,5.867285789570853,,,,,,,,,,Feature,,,Category,,Subject,,
667,,,,25666,50,4.253069522885346,,,,,,,,,,Feature,,,Category,,Subject,,
668,,,,25656,60,2.9304828275579986,,,,,,,,,,Feature,,,Category,,Subject,,
669,,,,25646,70,2.528721154469648,,,,,,,,,,Feature,,,Category,,Subject,,
670,,,,25715,1,0.4468526391079023,,,,,,,,,,,Feature,,Category,,Subject,,
671,,,,25711,5,2.2322055701370838,,,,,,,,,,,Feature,,Category,,Subject,,
672,,,,25706,10,4.445734105188116,,,,,,,,,,,Feature,,Category,,Subject,,
673,,,,25701,15,6.577724239349946,,,,,,,,,,,Feature,,Category,,Subject,,
674,,,,25696,20,8.522306459580674,,,,,,,,,,,Feature,,Category,,Subject,,
675,,,,25686,30,11.52736128759649,,,,,,,,,,,Feature,,Category,,Subject,,
676,,,,25676,40,5.760908551553674,,,,,,,,,,,Feature,,Category,,Subject,,
677,,,,25666,50,2.5062835145973827,,,,,,,,,,,Feature,,Category,,Subject,,
678,,,,25656,60,1.0887746993089547,,,,,,,,,,,Feature,,Category,,Subject,,
679,,,,25646,70,0.7890307217769451,,,,,,,,,,,Feature,,Category,,Subject,,
680,,,,25715,1,0.9751719793684281,,,,,,,,,,,,Feature,Category,,Subject,,
681,,,,25711,5,4.844644824073711,,,,,,,,,,,,Feature,Category,,Subject,,
682,,,,25706,10,9.634203683168893,,,,,,,,,,,,Feature,Category,,Subject,,
683,,,,25701,15,13.53050362330346,,,,,,,,,,,,Feature,Category,,Subject,,
684,,,,25696,20,14.516267714309539,,,,,,,,,,,,Feature,Category,,Subject,,
685,,,,25686,30,14.646436581529255,,,,,,,,,,,,Feature,Category,,Subject,,
686,,,,25676,40,0.5093908271388478,,,,,,,,,,,,Feature,Category,,Subject,,
687,,,,25666,50,0.028208720442675844,,,,,,,,,,,,Feature,Category,,Subject,,
688,,,,25656,60,0.0,,,,,,,,,,,,Feature,Category,,Subject,,
689,,,,25646,70,0.0,,,,,,,,,,,,Feature,Category,,Subject,,
690,,Category,Feature,25715,1,0.9607768012510962,,,,,,,,,,,,,,,,Subject,
691,,Category,Feature,25711,5,4.782891571384103,,,,,,,,,,,,,,,,Subject,
692,,Category,Feature,25706,10,9.518690427742332,,,,,,,,,,,,,,,,Subject,
693,,Category,Feature,25701,15,13.408340963145111,,,,,,,,,,,,,,,,Subject,
694,,Category,Feature,25696,20,14.488113313925952,,,,,,,,,,,,,,,,Subject,
695,,Category,Feature,25686,30,14.646066349690729,,,,,,,,,,,,,,,,Subject,
696,,Category,Feature,25676,40,0.5543761297449027,,,,,,,,,,,,,,,,Subject,
697,,Category,Feature,25666,50,0.03886419239172403,,,,,,,,,,,,,,,,Subject,
698,,Category,Feature,25656,60,0.0012542600129093978,,,,,,,,,,,,,,,,Subject,
699,,Category,Feature,25646,70,0.0,,,,,,,,,,,,,,,,Subject,
700,,,,25715,1,0.122844053201014,Category,Feature,,,,,,,,,,,,,,Subject,
701,,,,25711,5,0.5191520873068957,Category,Feature,,,,,,,,,,,,,,Subject,
702,,,,25706,10,0.9566368968057795,Category,Feature,,,,,,,,,,,,,,Subject,
703,,,,25701,15,1.3293907452965088,Category,Feature,,,,,,,,,,,,,,Subject,
704,,,,25696,20,1.6522870384343116,Category,Feature,,,,,,,,,,,,,,Subject,
705,,,,25686,30,2.2303632819087365,Category,Feature,,,,,,,,,,,,,,Subject,
706,,,,25676,40,1.999080287461165,Category,Feature,,,,,,,,,,,,,,Subject,
707,,,,25666,50,1.90483062382503,Category,Feature,,,,,,,,,,,,,,Subject,
708,,,,25656,60,1.852055364360319,Category,Feature,,,,,,,,,,,,,,Subject,
709,,,,25646,70,1.8455200754641286,Category,Feature,,,,,,,,,,,,,,Subject,
710,,,,25715,1,0.31055811139668926,Category,,Feature,,,,,,,,,,,,,Subject,
711,,,,25711,5,1.549136065436072,Category,,Feature,,,,,,,,,,,,,Subject,
712,,,,25706,10,3.0834870086657697,Category,,Feature,,,,,,,,,,,,,Subject,
713,,,,25701,15,4.575056527419862,Category,,Feature,,,,,,,,,,,,,Subject,
714,,,,25696,20,5.993402015560354,Category,,Feature,,,,,,,,,,,,,Subject,
715,,,,25686,30,8.486728909827923,Category,,Feature,,,,,,,,,,,,,Subject,
716,,,,25676,40,6.072683552654799,Category,,Feature,,,,,,,,,,,,,Subject,
717,,,,25666,50,3.8809007299852905,Category,,Feature,,,,,,,,,,,,,Subject,
718,,,,25656,60,2.4928923656863953,Category,,Feature,,,,,,,,,,,,,Subject,
719,,,,25646,70,2.0945049350814924,Category,,Feature,,,,,,,,,,,,,Subject,
720,,,,25715,1,0.25085629764957323,Category,,,Feature,,,,,,,,,,,,Subject,
721,,,,25711,5,1.2530595308321728,Category,,,Feature,,,,,,,,,,,,Subject,
722,,,,25706,10,2.4984153483122054,Category,,,Feature,,,,,,,,,,,,Subject,
723,,,,25701,15,3.723394665824118,Category,,,Feature,,,,,,,,,,,,Subject,
724,,,,25696,20,4.909087125684686,Category,,,Feature,,,,,,,,,,,,Subject,
725,,,,25686,30,7.1137669286474825,Category,,,Feature,,,,,,,,,,,,Subject,
726,,,,25676,40,5.867285789570853,Category,,,Feature,,,,,,,,,,,,Subject,
727,,,,25666,50,4.253069522885346,Category,,,Feature,,,,,,,,,,,,Subject,
728,,,,25656,60,2.9304828275579986,Category,,,Feature,,,,,,,,,,,,Subject,
729,,,,25646,70,2.528721154469648,Category,,,Feature,,,,,,,,,,,,Subject,
730,,,,25715,1,0.0026776101909446355,Category,,,,Feature,,,,,,,,,,,Subject,
731,,,,25711,5,0.01304429811150724,Category,,,,Feature,,,,,,,,,,,Subject,
732,,,,25706,10,0.024683203123799485,Category,,,,Feature,,,,,,,,,,,Subject,
733,,,,25701,15,0.03628277391709075,Category,,,,Feature,,,,,,,,,,,Subject,
734,,,,25696,20,0.047885544735059106,Category,,,,Feature,,,,,,,,,,,Subject,
735,,,,25686,30,0.07035364823515552,Category,,,,Feature,,,,,,,,,,,Subject,
736,,,,25676,40,0.08205779438375975,Category,,,,Feature,,,,,,,,,,,Subject,
737,,,,25666,50,0.09054497946804223,Category,,,,Feature,,,,,,,,,,,Subject,
738,,,,25656,60,0.09807636301956427,Category,,,,Feature,,,,,,,,,,,Subject,
739,,,,25646,70,0.10169828604711044,Category,,,,Feature,,,,,,,,,,,Subject,
740,,,,25715,1,0.03859166527894684,Category,,,,,Feature,,,,,,,,,,Subject,
741,,,,25711,5,0.16561436524025727,Category,,,,,Feature,,,,,,,,,,Subject,
742,,,,25706,10,0.2904507713573087,Category,,,,,Feature,,,,,,,,,,Subject,
743,,,,25701,15,0.39137104891342855,Category,,,,,Feature,,,,,,,,,,Subject,
744,,,,25696,20,0.47301989191143823,Category,,,,,Feature,,,,,,,,,,Subject,
745,,,,25686,30,0.6035555463404482,Category,,,,,Feature,,,,,,,,,,Subject,
746,,,,25676,40,0.5328708248994511,Category,,,,,Feature,,,,,,,,,,Subject,
747,,,,25666,50,0.5156788736499964,Category,,,,,Feature,,,,,,,,,,Subject,
748,,,,25656,60,0.5220373440680257,Category,,,,,Feature,,,,,,,,,,Subject,
749,,,,25646,70,0.5208868862243924,Category,,,,,Feature,,,,,,,,,,Subject,
750,,,,25715,1,0.03232094267880215,Category,,,,,,Feature,,,,,,,,,Subject,
751,,,,25711,5,0.15741651990336106,Category,,,,,,Feature,,,,,,,,,Subject,
752,,,,25706,10,0.3101767562577058,Category,,,,,,Feature,,,,,,,,,Subject,
753,,,,25701,15,0.458279060943217,Category,,,,,,Feature,,,,,,,,,Subject,
754,,,,25696,20,0.6002139678193363,Category,,,,,,Feature,,,,,,,,,Subject,
755,,,,25686,30,0.8709360620972058,Category,,,,,,Feature,,,,,,,,,Subject,
756,,,,25676,40,0.9591280287846969,Category,,,,,,Feature,,,,,,,,,Subject,
757,,,,25666,50,0.9933845673905329,Category,,,,,,Feature,,,,,,,,,Subject,
758,,,,25656,60,1.0290884381957415,Category,,,,,,Feature,,,,,,,,,Subject,
759,,,,25646,70,1.0426538458489114,Category,,,,,,Feature,,,,,,,,,Subject,
760,,,,25715,1,0.008751568423940094,Category,,,,,,,Feature,,,,,,,,Subject,
761,,,,25711,5,0.04300235949172768,Category,,,,,,,Feature,,,,,,,,Subject,
762,,,,25706,10,0.0840060677865538,Category,,,,,,,Feature,,,,,,,,Subject,
763,,,,25701,15,0.12214828724191604,Category,,,,,,,Feature,,,,,,,,Subject,
764,,,,25696,20,0.15863664807613406,Category,,,,,,,Feature,,,,,,,,Subject,
765,,,,25686,30,0.2301479130128274,Category,,,,,,,Feature,,,,,,,,Subject,
766,,,,25676,40,0.2663783831370249,Category,,,,,,,Feature,,,,,,,,Subject,
767,,,,25666,50,0.2904481574965488,Category,,,,,,,Feature,,,,,,,,Subject,
768,,,,25656,60,0.3036229157202541,Category,,,,,,,Feature,,,,,,,,Subject,
769,,,,25646,70,0.3082817624293676,Category,,,,,,,Feature,,,,,,,,Subject,
770,,,,25715,1,0.0071081311232642965,Category,,,,,,,,Feature,,,,,,,Subject,
771,,,,25711,5,0.03445332111171638,Category,,,,,,,,Feature,,,,,,,Subject,
772,,,,25706,10,0.06703964789956904,Category,,,,,,,,Feature,,,,,,,Subject,
773,,,,25701,15,0.099080373742394,Category,,,,,,,,Feature,,,,,,,Subject,
774,,,,25696,20,0.13085241919461993,Category,,,,,,,,Feature,,,,,,,Subject,
775,,,,25686,30,0.1801859229752401,Category,,,,,,,,Feature,,,,,,,Subject,
776,,,,25676,40,0.1977750329485515,Category,,,,,,,,Feature,,,,,,,Subject,
777,,,,25666,50,0.20331764497144225,Category,,,,,,,,Feature,,,,,,,Subject,
778,,,,25656,60,0.21724839625273368,Category,,,,,,,,Feature,,,,,,,Subject,
779,,,,25646,70,0.22412024726041577,Category,,,,,,,,Feature,,,,,,,Subject,
780,,,,25715,1,0.005404085194624765,Category,,,,,,,,,Feature,,,,,,Subject,
781,,,,25711,5,0.027021506512028663,Category,,,,,,,,,Feature,,,,,,Subject,
782,,,,25706,10,0.05404570428364653,Category,,,,,,,,,Feature,,,,,,Subject,
783,,,,25701,15,0.08032387898808306,Category,,,,,,,,,Feature,,,,,,Subject,
784,,,,25696,20,0.10610620342965678,Category,,,,,,,,,Feature,,,,,,Subject,
785,,,,25686,30,0.15764735673095898,Category,,,,,,,,,Feature,,,,,,Subject,
786,,,,25676,40,0.19481945260878217,Category,,,,,,,,,Feature,,,,,,Subject,
787,,,,25666,50,0.21889132233971584,Category,,,,,,,,,Feature,,,,,,Subject,
788,,,,25656,60,0.2399418455427845,Category,,,,,,,,,Feature,,,,,,Subject,
789,,,,25646,70,0.246225067845488,Category,,,,,,,,,Feature,,,,,,Subject,
790,,,,25715,1,0.01190391036935528,Category,,,,,,,,,,Feature,,,,,Subject,
791,,,,25711,5,0.05854051724051717,Category,,,,,,,,,,Feature,,,,,Subject,
792,,,,25706,10,0.11382780324298385,Category,,,,,,,,,,Feature,,,,,Subject,
793,,,,25701,15,0.16359927863784754,Category,,,,,,,,,,Feature,,,,,Subject,
794,,,,25696,20,0.20909685446126447,Category,,,,,,,,,,Feature,,,,,Subject,
795,,,,25686,30,0.28750834852959206,Category,,,,,,,,,,Feature,,,,,Subject,
796,,,,25676,40,0.29787525402476606,Category,,,,,,,,,,Feature,,,,,Subject,
797,,,,25666,50,0.30415031274045257,Category,,,,,,,,,,Feature,,,,,Subject,
798,,,,25656,60,0.31445556828897253,Category,,,,,,,,,,Feature,,,,,Subject,
799,,,,25646,70,0.3194475258706403,Category,,,,,,,,,,Feature,,,,,Subject,
800,,,,25715,1,0.041644418107986414,Category,,,,,,,,,,,Feature,,,,Subject,
801,,,,25711,5,0.17510860473308396,Category,,,,,,,,,,,Feature,,,,Subject,
802,,,,25706,10,0.30381961883583475,Category,,,,,,,,,,,Feature,,,,Subject,
803,,,,25701,15,0.40650611807285625,Category,,,,,,,,,,,Feature,,,,Subject,
804,,,,25696,20,0.48695785743069797,Category,,,,,,,,,,,Feature,,,,Subject,
805,,,,25686,30,0.6148921172543748,Category,,,,,,,,,,,Feature,,,,Subject,
806,,,,25676,40,0.5315417615339788,Category,,,,,,,,,,,Feature,,,,Subject,
807,,,,25666,50,0.5141937226697867,Category,,,,,,,,,,,Feature,,,,Subject,
808,,,,25656,60,0.5196703869263759,Category,,,,,,,,,,,Feature,,,,Subject,
809,,,,25646,70,0.5205256060845828,Category,,,,,,,,,,,Feature,,,,Subject,
810,,,,25715,1,0.33968782544970416,,Feature,,,,,,,,,,,Category,,,Subject,
811,,,,25711,5,1.6903961446403624,,Feature,,,,,,,,,,,Category,,,Subject,
812,,,,25706,10,3.3631882208123005,,Feature,,,,,,,,,,,Category,,,Subject,
813,,,,25701,15,4.980198170333365,,Feature,,,,,,,,,,,Category,,,Subject,
814,,,,25696,20,6.499622073247855,,Feature,,,,,,,,,,,Category,,,Subject,
815,,,,25686,30,9.093934636869646,,Feature,,,,,,,,,,,Category,,,Subject,
816,,,,25676,40,6.124799311283491,,Feature,,,,,,,,,,,Category,,,Subject,
817,,,,25666,50,3.6714140273448006,,Feature,,,,,,,,,,,Category,,,Subject,
818,,,,25656,60,2.244413346891612,,Feature,,,,,,,,,,,Category,,,Subject,
819,,,,25646,70,1.8408884378273123,,Feature,,,,,,,,,,,Category,,,Subject,
820,,,,25715,1,0.380405788807522,,,Feature,,,,,,,,,,Category,,,Subject,
821,,,,25711,5,1.9000298178948856,,,Feature,,,,,,,,,,Category,,,Subject,
822,,,,25706,10,3.7871301652706206,,,Feature,,,,,,,,,,Category,,,Subject,
823,,,,25701,15,5.620723811070033,,,Feature,,,,,,,,,,Category,,,Subject,
824,,,,25696,20,7.341620740107953,,,Feature,,,,,,,,,,Category,,,Subject,
825,,,,25686,30,10.22190265865359,,,Feature,,,,,,,,,,Category,,,Subject,
826,,,,25676,40,6.105773461671241,,,Feature,,,,,,,,,,Category,,,Subject,
827,,,,25666,50,3.1923934146674644,,,Feature,,,,,,,,,,Category,,,Subject,
828,,,,25656,60,1.6828133303058097,,,Feature,,,,,,,,,,Category,,,Subject,
829,,,,25646,70,1.3015721869244925,,,Feature,,,,,,,,,,Category,,,Subject,
830,,,,25715,1,0.8420193139347629,,,,Feature,,,,,,,,,Category,,,Subject,
831,,,,25711,5,4.193110367061438,,,,Feature,,,,,,,,,Category,,,Subject,
832,,,,25706,10,8.34954559901778,,,,Feature,,,,,,,,,Category,,,Subject,
833,,,,25701,15,11.939957468486535,,,,Feature,,,,,,,,,Category,,,Subject,
834,,,,25696,20,13.829803342418135,,,,Feature,,,,,,,,,Category,,,Subject,
835,,,,25686,30,14.609914313064136,,,,Feature,,,,,,,,,Category,,,Subject,
836,,,,25676,40,1.4478397822732838,,,,Feature,,,,,,,,,Category,,,Subject,
837,,,,25666,50,0.14413114354377748,,,,Feature,,,,,,,,,Category,,,Subject,
838,,,,25656,60,0.010033834566666705,,,,Feature,,,,,,,,,Category,,,Subject,
839,,,,25646,70,0.0012547052165162382,,,,Feature,,,,,,,,,Category,,,Subject,
840,,,,25715,1,0.23842758367983918,,,,,Feature,,,,,,,,Category,,,Subject,
841,,,,25711,5,1.1893827475463208,,,,,Feature,,,,,,,,Category,,,Subject,
842,,,,25706,10,2.367176244998829,,,,,Feature,,,,,,,,Category,,,Subject,
843,,,,25701,15,3.5222824594472786,,,,,Feature,,,,,,,,Category,,,Subject,
844,,,,25696,20,4.635677787213351,,,,,Feature,,,,,,,,Category,,,Subject,
845,,,,25686,30,6.675737717170936,,,,,Feature,,,,,,,,Category,,,Subject,
846,,,,25676,40,5.566098478562463,,,,,Feature,,,,,,,,Category,,,Subject,
847,,,,25666,50,4.245595729264235,,,,,Feature,,,,,,,,Category,,,Subject,
848,,,,25656,60,3.1844832999014927,,,,,Feature,,,,,,,,Category,,,Subject,
849,,,,25646,70,2.839855786857232,,,,,Feature,,,,,,,,Category,,,Subject,
850,,,,25715,1,0.9673394381105955,,,,,,Feature,,,,,,,Category,,,Subject,
851,,,,25711,5,4.818263595142356,,,,,,Feature,,,,,,,Category,,,Subject,
852,,,,25706,10,9.591508502621998,,,,,,Feature,,,,,,,Category,,,Subject,
853,,,,25701,15,13.503749715443751,,,,,,Feature,,,,,,,Category,,,Subject,
854,,,,25696,20,14.525928929114938,,,,,,Feature,,,,,,,Category,,,Subject,
855,,,,25686,30,14.648383167217965,,,,,,Feature,,,,,,,Category,,,Subject,
856,,,,25676,40,0.4612685814650604,,,,,,Feature,,,,,,,Category,,,Subject,
857,,,,25666,50,0.028208720442675844,,,,,,Feature,,,,,,,Category,,,Subject,
858,,,,25656,60,0.0012542600129093978,,,,,,Feature,,,,,,,Category,,,Subject,
859,,,,25646,70,0.0,,,,,,Feature,,,,,,,Category,,,Subject,
860,,,,25715,1,0.3977515888113586,,,,,,,Feature,,,,,,Category,,,Subject,
861,,,,25711,5,1.981933265736133,,,,,,,Feature,,,,,,Category,,,Subject,
862,,,,25706,10,3.944450911296157,,,,,,,Feature,,,,,,Category,,,Subject,
863,,,,25701,15,5.829673964021069,,,,,,,Feature,,,,,,Category,,,Subject,
864,,,,25696,20,7.565701018637855,,,,,,,Feature,,,,,,Category,,,Subject,
865,,,,25686,30,10.3629491101642,,,,,,,Feature,,,,,,Category,,,Subject,
866,,,,25676,40,6.0415942066953985,,,,,,,Feature,,,,,,Category,,,Subject,
867,,,,25666,50,3.1804030682382196,,,,,,,Feature,,,,,,Category,,,Subject,
868,,,,25656,60,1.6799626376542538,,,,,,,Feature,,,,,,Category,,,Subject,
869,,,,25646,70,1.3246244379460796,,,,,,,Feature,,,,,,Category,,,Subject,
870,,,,25715,1,0.31467006632032557,,,,,,,,Feature,,,,,Category,,,Subject,
871,,,,25711,5,1.5698336058109374,,,,,,,,Feature,,,,,Category,,,Subject,
872,,,,25706,10,3.125510342247811,,,,,,,,Feature,,,,,Category,,,Subject,
873,,,,25701,15,4.637247020863854,,,,,,,,Feature,,,,,Category,,,Subject,
874,,,,25696,20,6.073529320236289,,,,,,,,Feature,,,,,Category,,,Subject,
875,,,,25686,30,8.586335940601808,,,,,,,,Feature,,,,,Category,,,Subject,
876,,,,25676,40,6.0958288980879445,,,,,,,,Feature,,,,,Category,,,Subject,
877,,,,25666,50,3.862326254700339,,,,,,,,Feature,,,,,Category,,,Subject,
878,,,,25656,60,2.4487465165048055,,,,,,,,Feature,,,,,Category,,,Subject,
879,,,,25646,70,2.0482148928936064,,,,,,,,Feature,,,,,Category,,,Subject,
880,,,,25715,1,0.33999044033075926,,,,,,,,,Feature,,,,Category,,,Subject,
881,,,,25711,5,1.6943789516952776,,,,,,,,,Feature,,,,Category,,,Subject,
882,,,,25706,10,3.371189759128555,,,,,,,,,Feature,,,,Category,,,Subject,
883,,,,25701,15,4.987900739292027,,,,,,,,,Feature,,,,Category,,,Subject,
884,,,,25696,20,6.504405998708305,,,,,,,,,Feature,,,,Category,,,Subject,
885,,,,25686,30,9.10830086282617,,,,,,,,,Feature,,,,Category,,,Subject,
886,,,,25676,40,6.145497407518618,,,,,,,,,Feature,,,,Category,,,Subject,
887,,,,25666,50,3.7981989418767617,,,,,,,,,Feature,,,,Category,,,Subject,
888,,,,25656,60,2.381478155076422,,,,,,,,,Feature,,,,Category,,,Subject,
889,,,,25646,70,1.9729399910935426,,,,,,,,,Feature,,,,Category,,,Subject,
890,,,,25715,1,0.2550553742270379,,,,,,,,,,Feature,,,Category,,,Subject,
891,,,,25711,5,1.274233022887446,,,,,,,,,,Feature,,,Category,,,Subject,
892,,,,25706,10,2.5405574031342,,,,,,,,,,Feature,,,Category,,,Subject,
893,,,,25701,15,3.7856183816967843,,,,,,,,,,Feature,,,Category,,,Subject,
894,,,,25696,20,4.990736013245744,,,,,,,,,,Feature,,,Category,,,Subject,
895,,,,25686,30,7.228683180308404,,,,,,,,,,Feature,,,Category,,,Subject,
896,,,,25676,40,5.903312472472719,,,,,,,,,,Feature,,,Category,,,Subject,
897,,,,25666,50,4.2109231040722666,,,,,,,,,,Feature,,,Category,,,Subject,
898,,,,25656,60,2.8649582249703363,,,,,,,,,,Feature,,,Category,,,Subject,
899,,,,25646,70,2.4537559926769505,,,,,,,,,,Feature,,,Category,,,Subject,
900,,,,25715,1,0.45219282705940045,,,,,,,,,,,Feature,,Category,,,Subject,
901,,,,25711,5,2.2587638283392018,,,,,,,,,,,Feature,,Category,,,Subject,
902,,,,25706,10,4.498127144261786,,,,,,,,,,,Feature,,Category,,,Subject,
903,,,,25701,15,6.651884139761948,,,,,,,,,,,Feature,,Category,,,Subject,
904,,,,25696,20,8.61029217453506,,,,,,,,,,,Feature,,Category,,,Subject,
905,,,,25686,30,11.612212808425188,,,,,,,,,,,Feature,,Category,,,Subject,
906,,,,25676,40,5.726578045091747,,,,,,,,,,,Feature,,Category,,,Subject,
907,,,,25666,50,2.459187824889339,,,,,,,,,,,Feature,,Category,,,Subject,
908,,,,25656,60,1.0488212527451501,,,,,,,,,,,Feature,,Category,,,Subject,
909,,,,25646,70,0.7544845048090117,,,,,,,,,,,Feature,,Category,,,Subject,
910,,,,25715,1,0.980345653070962,,,,,,,,,,,,Feature,Category,,,Subject,
911,,,,25711,5,4.8730711679963035,,,,,,,,,,,,Feature,Category,,,Subject,
912,,,,25706,10,9.694025687733932,,,,,,,,,,,,Feature,Category,,,Subject,
913,,,,25701,15,13.611247213328921,,,,,,,,,,,,Feature,Category,,,Subject,
914,,,,25696,20,14.540950215187396,,,,,,,,,,,,Feature,Category,,,Subject,
915,,,,25686,30,14.647915986652675,,,,,,,,,,,,Feature,Category,,,Subject,
916,,,,25676,40,0.43313900389966375,,,,,,,,,,,,Feature,Category,,,Subject,
917,,,,25666,50,0.023820988856490095,,,,,,,,,,,,Feature,Category,,,Subject,
918,,,,25656,60,0.0,,,,,,,,,,,,Feature,Category,,,Subject,
919,,,,25646,70,0.0,,,,,,,,,,,,Feature,Category,,,Subject,
920,,Category,Feature,25715,1,0.3977515888113586,,,,,,,,,,,,,,,,,Subject
921,,Category,Feature,25711,5,1.981933265736133,,,,,,,,,,,,,,,,,Subject
922,,Category,Feature,25706,10,3.944450911296157,,,,,,,,,,,,,,,,,Subject
923,,Category,Feature,25701,15,5.829673964021069,,,,,,,,,,,,,,,,,Subject
924,,Category,Feature,25696,20,7.565701018637855,,,,,,,,,,,,,,,,,Subject
925,,Category,Feature,25686,30,10.3629491101642,,,,,,,,,,,,,,,,,Subject
926,,Category,Feature,25676,40,6.0415942066953985,,,,,,,,,,,,,,,,,Subject
927,,Category,Feature,25666,50,3.1804030682382196,,,,,,,,,,,,,,,,,Subject
928,,Category,Feature,25656,60,1.6799626376542538,,,,,,,,,,,,,,,,,Subject
929,,Category,Feature,25646,70,1.3246244379460796,,,,,,,,,,,,,,,,,Subject
930,,,,25715,1,0.018192628547367362,Category,Feature,,,,,,,,,,,,,,,Subject
931,,,,25711,5,0.08481977418108695,Category,Feature,,,,,,,,,,,,,,,Subject
932,,,,25706,10,0.15959327691691777,Category,Feature,,,,,,,,,,,,,,,Subject
933,,,,25701,15,0.23125468697619675,Category,Feature,,,,,,,,,,,,,,,Subject
934,,,,25696,20,0.29814676158056697,Category,Feature,,,,,,,,,,,,,,,Subject
935,,,,25686,30,0.41778311747619806,Category,Feature,,,,,,,,,,,,,,,Subject
936,,,,25676,40,0.4575154295958282,Category,Feature,,,,,,,,,,,,,,,Subject
937,,,,25666,50,0.48134448554394277,Category,Feature,,,,,,,,,,,,,,,Subject
938,,,,25656,60,0.5081804256581628,Category,Feature,,,,,,,,,,,,,,,Subject
939,,,,25646,70,0.5176386344074845,Category,Feature,,,,,,,,,,,,,,,Subject
940,,,,25715,1,0.33999044033075926,Category,,Feature,,,,,,,,,,,,,,Subject
941,,,,25711,5,1.6943789516952776,Category,,Feature,,,,,,,,,,,,,,Subject
942,,,,25706,10,3.371189759128555,Category,,Feature,,,,,,,,,,,,,,Subject
943,,,,25701,15,4.987900739292027,Category,,Feature,,,,,,,,,,,,,,Subject
944,,,,25696,20,6.504405998708305,Category,,Feature,,,,,,,,,,,,,,Subject
945,,,,25686,30,9.10830086282617,Category,,Feature,,,,,,,,,,,,,,Subject
946,,,,25676,40,6.145497407518618,Category,,Feature,,,,,,,,,,,,,,Subject
947,,,,25666,50,3.7981989418767617,Category,,Feature,,,,,,,,,,,,,,Subject
948,,,,25656,60,2.381478155076422,Category,,Feature,,,,,,,,,,,,,,Subject
949,,,,25646,70,1.9729399910935426,Category,,Feature,,,,,,,,,,,,,,Subject
950,,,,25715,1,0.055398494733442646,Category,,,Feature,,,,,,,,,,,,,Subject
951,,,,25711,5,0.22667877369352293,Category,,,Feature,,,,,,,,,,,,,Subject
952,,,,25706,10,0.4062272575287215,Category,,,Feature,,,,,,,,,,,,,Subject
953,,,,25701,15,0.5592973062650294,Category,,,Feature,,,,,,,,,,,,,Subject
954,,,,25696,20,0.6896649543914503,Category,,,Feature,,,,,,,,,,,,,Subject
955,,,,25686,30,0.9105920051193536,Category,,,Feature,,,,,,,,,,,,,Subject
956,,,,25676,40,0.8489357615679477,Category,,,Feature,,,,,,,,,,,,,Subject
957,,,,25666,50,0.8290599501060754,Category,,,Feature,,,,,,,,,,,,,Subject
958,,,,25656,60,0.8200697092221175,Category,,,Feature,,,,,,,,,,,,,Subject
959,,,,25646,70,0.8154205894295361,Category,,,Feature,,,,,,,,,,,,,Subject
960,,,,25715,1,0.011518104412341293,Category,,,,Feature,,,,,,,,,,,,Subject
961,,,,25711,5,0.05442246646849889,Category,,,,Feature,,,,,,,,,,,,Subject
962,,,,25706,10,0.10433799085741645,Category,,,,Feature,,,,,,,,,,,,Subject
963,,,,25701,15,0.1516105795302583,Category,,,,Feature,,,,,,,,,,,,Subject
964,,,,25696,20,0.19747746418014456,Category,,,,Feature,,,,,,,,,,,,Subject
965,,,,25686,30,0.27777647901083263,Category,,,,Feature,,,,,,,,,,,,Subject
966,,,,25676,40,0.306230452025386,Category,,,,Feature,,,,,,,,,,,,Subject
967,,,,25666,50,0.32330763823192893,Category,,,,Feature,,,,,,,,,,,,Subject
968,,,,25656,60,0.3461111446804629,Category,,,,Feature,,,,,,,,,,,,Subject
969,,,,25646,70,0.3566107864725562,Category,,,,Feature,,,,,,,,,,,,Subject
970,,,,25715,1,0.06971950225331011,Category,,,,,Feature,,,,,,,,,,,Subject
971,,,,25711,5,0.28749815528856115,Category,,,,,Feature,,,,,,,,,,,Subject
972,,,,25706,10,0.5082114533998678,Category,,,,,Feature,,,,,,,,,,,Subject
973,,,,25701,15,0.6875937819758793,Category,,,,,Feature,,,,,,,,,,,Subject
974,,,,25696,20,0.8389469284608013,Category,,,,,Feature,,,,,,,,,,,Subject
975,,,,25686,30,1.098638431584088,Category,,,,,Feature,,,,,,,,,,,Subject
976,,,,25676,40,0.9801547102930017,Category,,,,,Feature,,,,,,,,,,,Subject
977,,,,25666,50,0.9477120507896252,Category,,,,,Feature,,,,,,,,,,,Subject
978,,,,25656,60,0.9238471116656656,Category,,,,,Feature,,,,,,,,,,,Subject
979,,,,25646,70,0.918824653274519,Category,,,,,Feature,,,,,,,,,,,Subject
980,,,,25715,1,0.25085629764957323,Category,,,,,,Feature,,,,,,,,,,Subject
981,,,,25711,5,1.2530595308321728,Category,,,,,,Feature,,,,,,,,,,Subject
982,,,,25706,10,2.4984153483122054,Category,,,,,,Feature,,,,,,,,,,Subject
983,,,,25701,15,3.723394665824118,Category,,,,,,Feature,,,,,,,,,,Subject
984,,,,25696,20,4.909087125684686,Category,,,,,,Feature,,,,,,,,,,Subject
985,,,,25686,30,7.1137669286474825,Category,,,,,,Feature,,,,,,,,,,Subject
986,,,,25676,40,5.867285789570853,Category,,,,,,Feature,,,,,,,,,,Subject
987,,,,25666,50,4.253069522885346,Category,,,,,,Feature,,,,,,,,,,Subject
988,,,,25656,60,2.9304828275579986,Category,,,,,,Feature,,,,,,,,,,Subject
989,,,,25646,70,2.528721154469648,Category,,,,,,Feature,,,,,,,,,,Subject
990,,,,25715,1,0.012287635768925309,Category,,,,,,,Feature,,,,,,,,,Subject
991,,,,25711,5,0.057927272894839434,Category,,,,,,,Feature,,,,,,,,,Subject
992,,,,25706,10,0.10990950377060914,Category,,,,,,,Feature,,,,,,,,,Subject
993,,,,25701,15,0.16010899808819323,Category,,,,,,,Feature,,,,,,,,,Subject
994,,,,25696,20,0.20873262263824097,Category,,,,,,,Feature,,,,,,,,,Subject
995,,,,25686,30,0.2991200759195488,Category,,,,,,,Feature,,,,,,,,,Subject
996,,,,25676,40,0.3328494041420274,Category,,,,,,,Feature,,,,,,,,,Subject
997,,,,25666,50,0.3520057857635408,Category,,,,,,,Feature,,,,,,,,,Subject
998,,,,25656,60,0.37341368397949515,Category,,,,,,,Feature,,,,,,,,,Subject
999,,,,25646,70,0.3829866263806147,Category,,,,,,,Feature,,,,,,,,,Subject
1000,,,,25715,1,0.015290490403830612,Category,,,,,,,,Feature,,,,,,,,Subject
1001,,,,25711,5,0.06865102604607212,Category,,,,,,,,Feature,,,,,,,,Subject
1002,,,,25706,10,0.13168532101133992,Category,,,,,,,,Feature,,,,,,,,Subject
1003,,,,25701,15,0.19009560507498227,Category,,,,,,,,Feature,,,,,,,,Subject
1004,,,,25696,20,0.24636083012552198,Category,,,,,,,,Feature,,,,,,,,Subject
1005,,,,25686,30,0.3492705637466579,Category,,,,,,,,Feature,,,,,,,,Subject
1006,,,,25676,40,0.38861593596789373,Category,,,,,,,,Feature,,,,,,,,Subject
1007,,,,25666,50,0.4129844335267468,Category,,,,,,,,Feature,,,,,,,,Subject
1008,,,,25656,60,0.433586615287492,Category,,,,,,,,Feature,,,,,,,,Subject
1009,,,,25646,70,0.4397243077445315,Category,,,,,,,,Feature,,,,,,,,Subject
1010,,,,25715,1,0.0071081311232642965,Category,,,,,,,,,Feature,,,,,,,Subject
1011,,,,25711,5,0.03511372614274096,Category,,,,,,,,,Feature,,,,,,,Subject
1012,,,,25706,10,0.06912914064926835,Category,,,,,,,,,Feature,,,,,,,Subject
1013,,,,25701,15,0.10244383945574446,Category,,,,,,,,,Feature,,,,,,,Subject
1014,,,,25696,20,0.1350440465095469,Category,,,,,,,,,Feature,,,,,,,Subject
1015,,,,25686,30,0.1991803857581941,Category,,,,,,,,,Feature,,,,,,,Subject
1016,,,,25676,40,0.24207863560585433,Category,,,,,,,,,Feature,,,,,,,Subject
1017,,,,25666,50,0.26989271317902536,Category,,,,,,,,,Feature,,,,,,,Subject
1018,,,,25656,60,0.2847359205682138,Category,,,,,,,,,Feature,,,,,,,Subject
1019,,,,25646,70,0.2899189028740932,Category,,,,,,,,,Feature,,,,,,,Subject
1020,,,,25715,1,0.017834667503294186,Category,,,,,,,,,,Feature,,,,,,Subject
1021,,,,25711,5,0.08322866122605171,Category,,,,,,,,,,Feature,,,,,,Subject
1022,,,,25706,10,0.15994200759282057,Category,,,,,,,,,,Feature,,,,,,Subject
1023,,,,25701,15,0.23280772571896713,Category,,,,,,,,,,Feature,,,,,,Subject
1024,,,,25696,20,0.3009830336480075,Category,,,,,,,,,,Feature,,,,,,Subject
1025,,,,25686,30,0.42968264628412356,Category,,,,,,,,,,Feature,,,,,,Subject
1026,,,,25676,40,0.4828162310776917,Category,,,,,,,,,,Feature,,,,,,Subject
1027,,,,25666,50,0.5088372622855858,Category,,,,,,,,,,Feature,,,,,,Subject
1028,,,,25656,60,0.5269298199146644,Category,,,,,,,,,,Feature,,,,,,Subject
1029,,,,25646,70,0.5329921080051125,Category,,,,,,,,,,Feature,,,,,,Subject
1030,,,,25715,1,0.07158868703880689,Category,,,,,,,,,,,Feature,,,,,Subject
1031,,,,25711,5,0.29302157749073804,Category,,,,,,,,,,,Feature,,,,,Subject
1032,,,,25706,10,0.5198402145822418,Category,,,,,,,,,,,Feature,,,,,Subject
1033,,,,25701,15,0.7012091746268362,Category,,,,,,,,,,,Feature,,,,,Subject
1034,,,,25696,20,0.8565020599590139,Category,,,,,,,,,,,Feature,,,,,Subject
1035,,,,25686,30,1.126402520870692,Category,,,,,,,,,,,Feature,,,,,Subject
1036,,,,25676,40,0.999534749354156,Category,,,,,,,,,,,Feature,,,,,Subject
1037,,,,25666,50,0.9577960706965152,Category,,,,,,,,,,,Feature,,,,,Subject
1038,,,,25656,60,0.9193451476048735,Category,,,,,,,,,,,Feature,,,,,Subject
1039,,,,25646,70,0.9102358725833035,Category,,,,,,,,,,,Feature,,,,,Subject
1040,,,,25715,1,0.3343680219836539,,Feature,,,,,,,,,,,Category,,,,Subject
1041,,,,25711,5,1.6638077621283318,,Feature,,,,,,,,,,,Category,,,,Subject
1042,,,,25706,10,3.310539890223149,,Feature,,,,,,,,,,,Category,,,,Subject
1043,,,,25701,15,4.90391101516373,,Feature,,,,,,,,,,,Category,,,,Subject
1044,,,,25696,20,6.398651046375268,,Feature,,,,,,,,,,,Category,,,,Subject
1045,,,,25686,30,8.970858379818747,,Feature,,,,,,,,,,,Category,,,,Subject
1046,,,,25676,40,6.147106441461053,,Feature,,,,,,,,,,,Category,,,,Subject
1047,,,,25666,50,3.757611493392052,,Feature,,,,,,,,,,,Category,,,,Subject
1048,,,,25656,60,2.3251703494507368,,Feature,,,,,,,,,,,Category,,,,Subject
1049,,,,25646,70,1.9112598692964091,,Feature,,,,,,,,,,,Category,,,,Subject
1050,,,,25715,1,0.45219282705940045,,,Feature,,,,,,,,,,Category,,,,Subject
1051,,,,25711,5,2.2587638283392018,,,Feature,,,,,,,,,,Category,,,,Subject
1052,,,,25706,10,4.498127144261786,,,Feature,,,,,,,,,,Category,,,,Subject
1053,,,,25701,15,6.651884139761948,,,Feature,,,,,,,,,,Category,,,,Subject
1054,,,,25696,20,8.61029217453506,,,Feature,,,,,,,,,,Category,,,,Subject
1055,,,,25686,30,11.612212808425188,,,Feature,,,,,,,,,,Category,,,,Subject
1056,,,,25676,40,5.726578045091747,,,Feature,,,,,,,,,,Category,,,,Subject
1057,,,,25666,50,2.459187824889339,,,Feature,,,,,,,,,,Category,,,,Subject
1058,,,,25656,60,1.0488212527451501,,,Feature,,,,,,,,,,Category,,,,Subject
1059,,,,25646,70,0.7544845048090117,,,Feature,,,,,,,,,,Category,,,,Subject
1060,,,,25715,1,0.8374153398131824,,,,Feature,,,,,,,,,Category,,,,Subject
1061,,,,25711,5,4.168866981171633,,,,Feature,,,,,,,,,Category,,,,Subject
1062,,,,25706,10,8.300465048809368,,,,Feature,,,,,,,,,Category,,,,Subject
1063,,,,25701,15,11.868714356061279,,,,Feature,,,,,,,,,Category,,,,Subject
1064,,,,25696,20,13.761702311903033,,,,Feature,,,,,,,,,Category,,,,Subject
1065,,,,25686,30,14.587263521865028,,,,Feature,,,,,,,,,Category,,,,Subject
1066,,,,25676,40,1.5680385623571398,,,,Feature,,,,,,,,,Category,,,,Subject
1067,,,,25666,50,0.1917314417993243,,,,Feature,,,,,,,,,Category,,,,Subject
1068,,,,25656,60,0.020067107687885746,,,,Feature,,,,,,,,,Category,,,,Subject
1069,,,,25646,70,0.008782752224293882,,,,Feature,,,,,,,,,Category,,,,Subject
1070,,,,25715,1,0.23518643602979833,,,,,Feature,,,,,,,,Category,,,,Subject
1071,,,,25711,5,1.1732552298416197,,,,,Feature,,,,,,,,Category,,,,Subject
1072,,,,25706,10,2.3349355464921984,,,,,Feature,,,,,,,,Category,,,,Subject
1073,,,,25701,15,3.474558433613879,,,,,Feature,,,,,,,,Category,,,,Subject
1074,,,,25696,20,4.5727730239957,,,,,Feature,,,,,,,,Category,,,,Subject
1075,,,,25686,30,6.592902494285713,,,,,Feature,,,,,,,,Category,,,,Subject
1076,,,,25676,40,5.552979282880329,,,,,Feature,,,,,,,,Category,,,,Subject
1077,,,,25666,50,4.275221639255721,,,,,Feature,,,,,,,,Category,,,,Subject
1078,,,,25656,60,3.2325282471052277,,,,,Feature,,,,,,,,Category,,,,Subject
1079,,,,25646,70,2.8899046590799946,,,,,Feature,,,,,,,,Category,,,,Subject
1080,,,,25715,1,0.9647531058242574,,,,,,Feature,,,,,,,Category,,,,Subject
1081,,,,25711,5,4.801535766292971,,,,,,Feature,,,,,,,Category,,,,Subject
1082,,,,25706,10,9.555225874419762,,,,,,Feature,,,,,,,Category,,,,Subject
1083,,,,25701,15,13.4510109352982,,,,,,Feature,,,,,,,Category,,,,Subject
1084,,,,25696,20,14.488097039701033,,,,,,Feature,,,,,,,Category,,,,Subject
1085,,,,25686,30,14.640748798116322,,,,,,Feature,,,,,,,Category,,,,Subject
1086,,,,25676,40,0.5470367722520161,,,,,,Feature,,,,,,,Category,,,,Subject
1087,,,,25666,50,0.04387831262075644,,,,,,Feature,,,,,,,Category,,,,Subject
1088,,,,25656,60,0.0012542600129093978,,,,,,Feature,,,,,,,Category,,,,Subject
1089,,,,25646,70,0.0,,,,,,Feature,,,,,,,Category,,,,Subject
1090,,,,25715,1,0.392764534439848,,,,,,,Feature,,,,,,Category,,,,Subject
1091,,,,25711,5,1.9571717466641656,,,,,,,Feature,,,,,,Category,,,,Subject
1092,,,,25706,10,3.8955858660513294,,,,,,,Feature,,,,,,Category,,,,Subject
1093,,,,25701,15,5.758694461756819,,,,,,,Feature,,,,,,Category,,,,Subject
1094,,,,25696,20,7.475145756219879,,,,,,,Feature,,,,,,Category,,,,Subject
1095,,,,25686,30,10.26053308835211,,,,,,,Feature,,,,,,Category,,,,Subject
1096,,,,25676,40,6.071582612276786,,,,,,,Feature,,,,,,Category,,,,Subject
1097,,,,25666,50,3.2535120765819348,,,,,,,Feature,,,,,,Category,,,,Subject
1098,,,,25656,60,1.7381670193083703,,,,,,,Feature,,,,,,Category,,,,Subject
1099,,,,25646,70,1.3744350826206213,,,,,,,Feature,,,,,,Category,,,,Subject
1100,,,,25715,1,0.3130918276868845,,,,,,,,Feature,,,,,Category,,,,Subject
1101,,,,25711,5,1.5618329994315474,,,,,,,,Feature,,,,,Category,,,,Subject
1102,,,,25706,10,3.109126304328314,,,,,,,,Feature,,,,,Category,,,,Subject
1103,,,,25701,15,4.612329076425095,,,,,,,,Feature,,,,,Category,,,,Subject
1104,,,,25696,20,6.040716796500872,,,,,,,,Feature,,,,,Category,,,,Subject
1105,,,,25686,30,8.53885643681746,,,,,,,,Feature,,,,,Category,,,,Subject
1106,,,,25676,40,6.074007233500539,,,,,,,,Feature,,,,,Category,,,,Subject
1107,,,,25666,50,3.8759209953938383,,,,,,,,Feature,,,,,Category,,,,Subject
1108,,,,25656,60,2.482188280664656,,,,,,,,Feature,,,,,Category,,,,Subject
1109,,,,25646,70,2.0870151123028955,,,,,,,,Feature,,,,,Category,,,,Subject
1110,,,,25715,1,0.3368055991494098,,,,,,,,,Feature,,,,Category,,,,Subject
1111,,,,25711,5,1.678787283370399,,,,,,,,,Feature,,,,Category,,,,Subject
1112,,,,25706,10,3.3400983163607303,,,,,,,,,Feature,,,,Category,,,,Subject
1113,,,,25701,15,4.943186685968534,,,,,,,,,Feature,,,,Category,,,,Subject
1114,,,,25696,20,6.448413390668142,,,,,,,,,Feature,,,,Category,,,,Subject
1115,,,,25686,30,9.031499145922115,,,,,,,,,Feature,,,,Category,,,,Subject
1116,,,,25676,40,6.098857842165272,,,,,,,,,Feature,,,,Category,,,,Subject
1117,,,,25666,50,3.7757494421245617,,,,,,,,,Feature,,,,Category,,,,Subject
1118,,,,25656,60,2.3925037175465134,,,,,,,,,Feature,,,,Category,,,,Subject
1119,,,,25646,70,2.0025740686930793,,,,,,,,,Feature,,,,Category,,,,Subject
1120,,,,25715,1,0.253659121045694,,,,,,,,,,Feature,,,Category,,,,Subject
1121,,,,25711,5,1.2673322955207058,,,,,,,,,,Feature,,,Category,,,,Subject
1122,,,,25706,10,2.526445703294812,,,,,,,,,,Feature,,,Category,,,,Subject
1123,,,,25701,15,3.7637091658784625,,,,,,,,,,Feature,,,Category,,,,Subject
1124,,,,25696,20,4.961467459437152,,,,,,,,,,Feature,,,Category,,,,Subject
1125,,,,25686,30,7.19017863287841,,,,,,,,,,Feature,,,Category,,,,Subject
1126,,,,25676,40,5.893674914677952,,,,,,,,,,Feature,,,Category,,,,Subject
1127,,,,25666,50,4.213026279979755,,,,,,,,,,Feature,,,Category,,,,Subject
1128,,,,25656,60,2.880346450382565,,,,,,,,,,Feature,,,Category,,,,Subject
1129,,,,25646,70,2.4744891634146047,,,,,,,,,,Feature,,,Category,,,,Subject
1130,,,,25715,1,0.45029080326598625,,,,,,,,,,,Feature,,Category,,,,Subject
1131,,,,25711,5,2.2491339831614825,,,,,,,,,,,Feature,,Category,,,,Subject
1132,,,,25706,10,4.478250130779874,,,,,,,,,,,Feature,,Category,,,,Subject
1133,,,,25701,15,6.622396698103046,,,,,,,,,,,Feature,,Category,,,,Subject
1134,,,,25696,20,8.577001036979189,,,,,,,,,,,Feature,,Category,,,,Subject
1135,,,,25686,30,11.578151189798643,,,,,,,,,,,Feature,,Category,,,,Subject
1136,,,,25676,40,5.7220168541226455,,,,,,,,,,,Feature,,Category,,,,Subject
1137,,,,25666,50,2.4773042674986807,,,,,,,,,,,Feature,,Category,,,,Subject
1138,,,,25656,60,1.0829300913125175,,,,,,,,,,,Feature,,Category,,,,Subject
1139,,,,25646,70,0.7896746317316404,,,,,,,,,,,Feature,,Category,,,,Subject
1140,,,,25715,1,0.9783575891644642,,,,,,,,,,,,Feature,Category,,,,Subject
1141,,,,25711,5,4.857941126186953,,,,,,,,,,,,Feature,Category,,,,Subject
1142,,,,25706,10,9.658836353873324,,,,,,,,,,,,Feature,Category,,,,Subject
1143,,,,25701,15,13.554681366667019,,,,,,,,,,,,Feature,Category,,,,Subject
1144,,,,25696,20,14.50780551812402,,,,,,,,,,,,Feature,Category,,,,Subject
1145,,,,25686,30,14.644858705448394,,,,,,,,,,,,Feature,Category,,,,Subject
1146,,,,25676,40,0.513140050307419,,,,,,,,,,,,Feature,Category,,,,Subject
1147,,,,25666,50,0.030715947370482468,,,,,,,,,,,,Feature,Category,,,,Subject
1148,,,,25656,60,0.0,,,,,,,,,,,,Feature,Category,,,,Subject
1149,,,,25646,70,0.0,,,,,,,,,,,,Feature,Category,,,,Subject
