,NARRATOR,Other,Unknown,n,k,be,Response,Anger,Anticipation,Arousal,Disgust,Dominance,Fear,Joy,Sadness,Surprise,Trust,Valence,Stimulus,READER,belcour,montraville
0,Subject,Category,Feature,6801,1,0.1280023344598409,,,,,,,,,,,,,,,,
1,Subject,Category,Feature,6797,5,0.5710380674604252,,,,,,,,,,,,,,,,
2,Subject,Category,Feature,6792,10,1.0591987721258291,,,,,,,,,,,,,,,,
3,Subject,Category,Feature,6787,15,1.5141424123654514,,,,,,,,,,,,,,,,
4,Subject,Category,Feature,6782,20,1.9550506014495639,,,,,,,,,,,,,,,,
5,Subject,Category,Feature,6772,30,2.8069857043025874,,,,,,,,,,,,,,,,
6,Subject,Category,Feature,6762,40,2.9376986159850174,,,,,,,,,,,,,,,,
7,Subject,Category,Feature,6752,50,2.9225412941336915,,,,,,,,,,,,,,,,
8,Subject,Category,Feature,6742,60,2.7708767908612018,,,,,,,,,,,,,,,,
9,Subject,Category,Feature,6732,70,2.7103981782757565,,,,,,,,,,,,,,,,
10,Subject,,,6801,1,0.04985236096936017,Category,Feature,,,,,,,,,,,,,,
11,Subject,,,6797,5,0.24175776057125004,Category,Feature,,,,,,,,,,,,,,
12,Subject,,,6792,10,0.46864399939769835,Category,Feature,,,,,,,,,,,,,,
13,Subject,,,6787,15,0.6803099750820397,Category,Feature,,,,,,,,,,,,,,
14,Subject,,,6782,20,0.8798902085260099,Category,Feature,,,,,,,,,,,,,,
15,Subject,,,6772,30,1.2527776609158774,Category,Feature,,,,,,,,,,,,,,
16,Subject,,,6762,40,1.3085276306159954,Category,Feature,,,,,,,,,,,,,,
17,Subject,,,6752,50,1.284734105076878,Category,Feature,,,,,,,,,,,,,,
18,Subject,,,6742,60,1.2710349121504012,Category,Feature,,,,,,,,,,,,,,
19,Subject,,,6732,70,1.2669632077329327,Category,Feature,,,,,,,,,,,,,,
20,Subject,,,6801,1,0.08369379095919031,Category,,Feature,,,,,,,,,,,,,
21,Subject,,,6797,5,0.404073276935112,Category,,Feature,,,,,,,,,,,,,
22,Subject,,,6792,10,0.7732676344457743,Category,,Feature,,,,,,,,,,,,,
23,Subject,,,6787,15,1.102871903134115,Category,,Feature,,,,,,,,,,,,,
24,Subject,,,6782,20,1.3951113848964751,Category,,Feature,,,,,,,,,,,,,
25,Subject,,,6772,30,1.9167168202185816,Category,,Feature,,,,,,,,,,,,,
26,Subject,,,6762,40,1.8802182317689662,Category,,Feature,,,,,,,,,,,,,
27,Subject,,,6752,50,1.8530016488008016,Category,,Feature,,,,,,,,,,,,,
28,Subject,,,6742,60,1.8734620922204501,Category,,Feature,,,,,,,,,,,,,
29,Subject,,,6732,70,1.8901704770923742,Category,,Feature,,,,,,,,,,,,,
30,Subject,,,6801,1,0.16786367845701547,Category,,,Feature,,,,,,,,,,,,
31,Subject,,,6797,5,0.7754698133242707,Category,,,Feature,,,,,,,,,,,,
32,Subject,,,6792,10,1.4321887679273586,Category,,,Feature,,,,,,,,,,,,
33,Subject,,,6787,15,1.9757419672660155,Category,,,Feature,,,,,,,,,,,,
34,Subject,,,6782,20,2.4155322666433108,Category,,,Feature,,,,,,,,,,,,
35,Subject,,,6772,30,3.1667674296623685,Category,,,Feature,,,,,,,,,,,,
36,Subject,,,6762,40,2.673668151786731,Category,,,Feature,,,,,,,,,,,,
37,Subject,,,6752,50,2.534709775083115,Category,,,Feature,,,,,,,,,,,,
38,Subject,,,6742,60,2.483036472837088,Category,,,Feature,,,,,,,,,,,,
39,Subject,,,6732,70,2.4659692508525564,Category,,,Feature,,,,,,,,,,,,
40,Subject,,,6801,1,0.03502321404768747,Category,,,,Feature,,,,,,,,,,,
41,Subject,,,6797,5,0.17185371900536642,Category,,,,Feature,,,,,,,,,,,
42,Subject,,,6792,10,0.33488058119316144,Category,,,,Feature,,,,,,,,,,,
43,Subject,,,6787,15,0.4868716615741461,Category,,,,Feature,,,,,,,,,,,
44,Subject,,,6782,20,0.6312607778411496,Category,,,,Feature,,,,,,,,,,,
45,Subject,,,6772,30,0.906799460171601,Category,,,,Feature,,,,,,,,,,,
46,Subject,,,6762,40,0.9902216859730857,Category,,,,Feature,,,,,,,,,,,
47,Subject,,,6752,50,1.0309884205338042,Category,,,,Feature,,,,,,,,,,,
48,Subject,,,6742,60,1.0459683016090524,Category,,,,Feature,,,,,,,,,,,
49,Subject,,,6732,70,1.0397328400915336,Category,,,,Feature,,,,,,,,,,,
50,Subject,,,6801,1,0.2388840443859413,Category,,,,,Feature,,,,,,,,,,
51,Subject,,,6797,5,1.0463664165588669,Category,,,,,Feature,,,,,,,,,,
52,Subject,,,6792,10,1.894248683247123,Category,,,,,Feature,,,,,,,,,,
53,Subject,,,6787,15,2.542518324391155,Category,,,,,Feature,,,,,,,,,,
54,Subject,,,6782,20,3.0279503877640246,Category,,,,,Feature,,,,,,,,,,
55,Subject,,,6772,30,3.8360397275554186,Category,,,,,Feature,,,,,,,,,,
56,Subject,,,6762,40,2.9414987409797857,Category,,,,,Feature,,,,,,,,,,
57,Subject,,,6752,50,2.752789932572023,Category,,,,,Feature,,,,,,,,,,
58,Subject,,,6742,60,2.6581860029703743,Category,,,,,Feature,,,,,,,,,,
59,Subject,,,6732,70,2.628484117718444,Category,,,,,Feature,,,,,,,,,,
60,Subject,,,6801,1,0.06267500174499258,Category,,,,,,Feature,,,,,,,,,
61,Subject,,,6797,5,0.301156149217897,Category,,,,,,Feature,,,,,,,,,
62,Subject,,,6792,10,0.5832321454294637,Category,,,,,,Feature,,,,,,,,,
63,Subject,,,6787,15,0.8447894451011165,Category,,,,,,Feature,,,,,,,,,
64,Subject,,,6782,20,1.0887132665430501,Category,,,,,,Feature,,,,,,,,,
65,Subject,,,6772,30,1.5292586239678994,Category,,,,,,Feature,,,,,,,,,
66,Subject,,,6762,40,1.565189789725233,Category,,,,,,Feature,,,,,,,,,
67,Subject,,,6752,50,1.5651927351864905,Category,,,,,,Feature,,,,,,,,,
68,Subject,,,6742,60,1.5601194374966842,Category,,,,,,Feature,,,,,,,,,
69,Subject,,,6732,70,1.5602155260888253,Category,,,,,,Feature,,,,,,,,,
70,Subject,,,6801,1,0.07187665381675847,Category,,,,,,,Feature,,,,,,,,
71,Subject,,,6797,5,0.3481131734545036,Category,,,,,,,Feature,,,,,,,,
72,Subject,,,6792,10,0.666724930776441,Category,,,,,,,Feature,,,,,,,,
73,Subject,,,6787,15,0.9487696516263556,Category,,,,,,,Feature,,,,,,,,
74,Subject,,,6782,20,1.1894437375532168,Category,,,,,,,Feature,,,,,,,,
75,Subject,,,6772,30,1.6311150002547596,Category,,,,,,,Feature,,,,,,,,
76,Subject,,,6762,40,1.6704782378239618,Category,,,,,,,Feature,,,,,,,,
77,Subject,,,6752,50,1.7439892403020505,Category,,,,,,,Feature,,,,,,,,
78,Subject,,,6742,60,1.7999648944211382,Category,,,,,,,Feature,,,,,,,,
79,Subject,,,6732,70,1.815073677223537,Category,,,,,,,Feature,,,,,,,,
80,Subject,,,6801,1,0.0657778991473791,Category,,,,,,,,Feature,,,,,,,
81,Subject,,,6797,5,0.31670118492888527,Category,,,,,,,,Feature,,,,,,,
82,Subject,,,6792,10,0.6109138902092591,Category,,,,,,,,Feature,,,,,,,
83,Subject,,,6787,15,0.8833201683799002,Category,,,,,,,,Feature,,,,,,,
84,Subject,,,6782,20,1.146051016623158,Category,,,,,,,,Feature,,,,,,,
85,Subject,,,6772,30,1.6126479535285192,Category,,,,,,,,Feature,,,,,,,
86,Subject,,,6762,40,1.6234889193129098,Category,,,,,,,,Feature,,,,,,,
87,Subject,,,6752,50,1.5831294157099383,Category,,,,,,,,Feature,,,,,,,
88,Subject,,,6742,60,1.595649929645529,Category,,,,,,,,Feature,,,,,,,
89,Subject,,,6732,70,1.6092723606639987,Category,,,,,,,,Feature,,,,,,,
90,Subject,,,6801,1,0.0476425732173893,Category,,,,,,,,,Feature,,,,,,
91,Subject,,,6797,5,0.23514653642542782,Category,,,,,,,,,Feature,,,,,,
92,Subject,,,6792,10,0.4536152072757919,Category,,,,,,,,,Feature,,,,,,
93,Subject,,,6787,15,0.6593458407488496,Category,,,,,,,,,Feature,,,,,,
94,Subject,,,6782,20,0.8574982143436852,Category,,,,,,,,,Feature,,,,,,
95,Subject,,,6772,30,1.2439785015365716,Category,,,,,,,,,Feature,,,,,,
96,Subject,,,6762,40,1.3770479952661878,Category,,,,,,,,,Feature,,,,,,
97,Subject,,,6752,50,1.4400348601321846,Category,,,,,,,,,Feature,,,,,,
98,Subject,,,6742,60,1.4750294767272407,Category,,,,,,,,,Feature,,,,,,
99,Subject,,,6732,70,1.491284569062187,Category,,,,,,,,,Feature,,,,,,
100,Subject,,,6801,1,0.08848460162735396,Category,,,,,,,,,,Feature,,,,,
101,Subject,,,6797,5,0.4335372810812304,Category,,,,,,,,,,Feature,,,,,
102,Subject,,,6792,10,0.8186406926178899,Category,,,,,,,,,,Feature,,,,,
103,Subject,,,6787,15,1.1703213570775381,Category,,,,,,,,,,Feature,,,,,
104,Subject,,,6782,20,1.4822427985649096,Category,,,,,,,,,,Feature,,,,,
105,Subject,,,6772,30,2.050067114969457,Category,,,,,,,,,,Feature,,,,,
106,Subject,,,6762,40,2.0389802589212946,Category,,,,,,,,,,Feature,,,,,
107,Subject,,,6752,50,2.025102951032923,Category,,,,,,,,,,Feature,,,,,
108,Subject,,,6742,60,2.032243648273001,Category,,,,,,,,,,Feature,,,,,
109,Subject,,,6732,70,2.0372699568143564,Category,,,,,,,,,,Feature,,,,,
110,Subject,,,6801,1,0.2621376400062179,Category,,,,,,,,,,,Feature,,,,
111,Subject,,,6797,5,1.1382450931159453,Category,,,,,,,,,,,Feature,,,,
112,Subject,,,6792,10,2.051110325131371,Category,,,,,,,,,,,Feature,,,,
113,Subject,,,6787,15,2.718350572242307,Category,,,,,,,,,,,Feature,,,,
114,Subject,,,6782,20,3.2099621954413218,Category,,,,,,,,,,,Feature,,,,
115,Subject,,,6772,30,4.028717290157846,Category,,,,,,,,,,,Feature,,,,
116,Subject,,,6762,40,2.9917988904857404,Category,,,,,,,,,,,Feature,,,,
117,Subject,,,6752,50,2.7577773049504914,Category,,,,,,,,,,,Feature,,,,
118,Subject,,,6742,60,2.6341491755320776,Category,,,,,,,,,,,Feature,,,,
119,Subject,,,6732,70,2.5951653383746582,Category,,,,,,,,,,,Feature,,,,
120,Subject,,,6801,1,0.3250705950104703,,Feature,,,,,,,,,,,Category,,,
121,Subject,,,6797,5,1.6174177836539423,,Feature,,,,,,,,,,,Category,,,
122,Subject,,,6792,10,3.1882265202052444,,Feature,,,,,,,,,,,Category,,,
123,Subject,,,6787,15,4.6539387745690926,,Feature,,,,,,,,,,,Category,,,
124,Subject,,,6782,20,5.968823082817771,,Feature,,,,,,,,,,,Category,,,
125,Subject,,,6772,30,8.141077691025881,,Feature,,,,,,,,,,,Category,,,
126,Subject,,,6762,40,5.679500918933582,,Feature,,,,,,,,,,,Category,,,
127,Subject,,,6752,50,3.755502976242442,,Feature,,,,,,,,,,,Category,,,
128,Subject,,,6742,60,2.5100437668705133,,Feature,,,,,,,,,,,Category,,,
129,Subject,,,6732,70,2.1763969225382707,,Feature,,,,,,,,,,,Category,,,
130,Subject,,,6801,1,0.4413149452548131,,,Feature,,,,,,,,,,Category,,,
131,Subject,,,6797,5,2.2020799172304426,,,Feature,,,,,,,,,,Category,,,
132,Subject,,,6792,10,4.359769714425033,,,Feature,,,,,,,,,,Category,,,
133,Subject,,,6787,15,6.3674777216430165,,,Feature,,,,,,,,,,Category,,,
134,Subject,,,6782,20,8.086888050461246,,,Feature,,,,,,,,,,Category,,,
135,Subject,,,6772,30,10.51320983551559,,,Feature,,,,,,,,,,Category,,,
136,Subject,,,6762,40,5.4046885519900565,,,Feature,,,,,,,,,,Category,,,
137,Subject,,,6752,50,2.400539566746278,,,Feature,,,,,,,,,,Category,,,
138,Subject,,,6742,60,1.1011839142280646,,,Feature,,,,,,,,,,Category,,,
139,Subject,,,6732,70,0.7876237161008723,,,Feature,,,,,,,,,,Category,,,
140,Subject,,,6801,1,0.8384376825292563,,,,Feature,,,,,,,,,Category,,,
141,Subject,,,6797,5,4.166634942356212,,,,Feature,,,,,,,,,Category,,,
142,Subject,,,6792,10,8.200057378417709,,,,Feature,,,,,,,,,Category,,,
143,Subject,,,6787,15,11.087916604745812,,,,Feature,,,,,,,,,Category,,,
144,Subject,,,6782,20,12.257237338928839,,,,Feature,,,,,,,,,Category,,,
145,Subject,,,6772,30,12.702204438057477,,,,Feature,,,,,,,,,Category,,,
146,Subject,,,6762,40,1.5060785170715698,,,,Feature,,,,,,,,,Category,,,
147,Subject,,,6752,50,0.25359086307913165,,,,Feature,,,,,,,,,Category,,,
148,Subject,,,6742,60,0.03570412402391339,,,,Feature,,,,,,,,,Category,,,
149,Subject,,,6732,70,0.01682549845056847,,,,Feature,,,,,,,,,Category,,,
150,Subject,,,6801,1,0.22930553764553013,,,,,Feature,,,,,,,,Category,,,
151,Subject,,,6797,5,1.1391546360107676,,,,,Feature,,,,,,,,Category,,,
152,Subject,,,6792,10,2.255574808834133,,,,,Feature,,,,,,,,Category,,,
153,Subject,,,6787,15,3.3214221174835328,,,,,Feature,,,,,,,,Category,,,
154,Subject,,,6782,20,4.334374915604358,,,,,Feature,,,,,,,,Category,,,
155,Subject,,,6772,30,6.167224328088331,,,,,Feature,,,,,,,,Category,,,
156,Subject,,,6762,40,5.245151446343462,,,,,Feature,,,,,,,,Category,,,
157,Subject,,,6752,50,3.983116193485192,,,,,Feature,,,,,,,,Category,,,
158,Subject,,,6742,60,3.0065111238182123,,,,,Feature,,,,,,,,Category,,,
159,Subject,,,6732,70,2.7025145590966893,,,,,Feature,,,,,,,,Category,,,
160,Subject,,,7939,1,0.12867421843184987,,,,,,Feature,,,,,,,Category,,,
161,Subject,,,7935,5,0.5763237286515588,,,,,,Feature,,,,,,,Category,,,
162,Subject,,,7930,10,1.0648846975759176,,,,,,Feature,,,,,,,Category,,,
163,Subject,,,7925,15,1.5162788266996796,,,,,,Feature,,,,,,,Category,,,
164,Subject,,,7920,20,1.9437598237021925,,,,,,Feature,,,,,,,Category,,,
165,Subject,,,7910,30,2.7517450889463944,,,,,,Feature,,,,,,,Category,,,
166,Subject,,,7900,40,2.8115456755008794,,,,,,Feature,,,,,,,Category,,,
167,Subject,,,7890,50,2.821164142983088,,,,,,Feature,,,,,,,Category,,,
168,Subject,,,7880,60,2.7420306565519184,,,,,,Feature,,,,,,,Category,,,
169,Subject,,,7870,70,2.6970422157694114,,,,,,Feature,,,,,,,Category,,,
170,Subject,,,6801,1,0.37243597332969197,,,,,,,Feature,,,,,,Category,,,
171,Subject,,,6797,5,1.8524023084463193,,,,,,,Feature,,,,,,Category,,,
172,Subject,,,6792,10,3.6563756144366697,,,,,,,Feature,,,,,,Category,,,
173,Subject,,,6787,15,5.321383162314801,,,,,,,Feature,,,,,,Category,,,
174,Subject,,,6782,20,6.790905305943698,,,,,,,Feature,,,,,,Category,,,
175,Subject,,,6772,30,9.088098584399336,,,,,,,Feature,,,,,,Category,,,
176,Subject,,,6762,40,5.755389667805133,,,,,,,Feature,,,,,,Category,,,
177,Subject,,,6752,50,3.4362168349155793,,,,,,,Feature,,,,,,Category,,,
178,Subject,,,6742,60,2.058212724346439,,,,,,,Feature,,,,,,Category,,,
179,Subject,,,6732,70,1.6863361154885805,,,,,,,Feature,,,,,,Category,,,
180,Subject,,,6801,1,0.4108852548770129,,,,,,,,Feature,,,,,Category,,,
181,Subject,,,6797,5,2.044841347647956,,,,,,,,Feature,,,,,Category,,,
182,Subject,,,6792,10,4.046205895533958,,,,,,,,Feature,,,,,Category,,,
183,Subject,,,6787,15,5.900350923238179,,,,,,,,Feature,,,,,Category,,,
184,Subject,,,6782,20,7.48818779886631,,,,,,,,Feature,,,,,Category,,,
185,Subject,,,6772,30,9.85457304680273,,,,,,,,Feature,,,,,Category,,,
186,Subject,,,6762,40,5.617368969816212,,,,,,,,Feature,,,,,Category,,,
187,Subject,,,6752,50,2.9618726326461946,,,,,,,,Feature,,,,,Category,,,
188,Subject,,,6742,60,1.6801013145788917,,,,,,,,Feature,,,,,Category,,,
189,Subject,,,6732,70,1.3606931159366442,,,,,,,,Feature,,,,,Category,,,
190,Subject,,,6801,1,0.39431772376397034,,,,,,,,,Feature,,,,Category,,,
191,Subject,,,6797,5,1.96403014771037,,,,,,,,,Feature,,,,Category,,,
192,Subject,,,6792,10,3.8709740610903913,,,,,,,,,Feature,,,,Category,,,
193,Subject,,,6787,15,5.623008312371545,,,,,,,,,Feature,,,,Category,,,
194,Subject,,,6782,20,7.152794474367024,,,,,,,,,Feature,,,,Category,,,
195,Subject,,,6772,30,9.469084191608419,,,,,,,,,Feature,,,,Category,,,
196,Subject,,,6762,40,5.6407765282610445,,,,,,,,,Feature,,,,Category,,,
197,Subject,,,6752,50,3.0314916144113204,,,,,,,,,Feature,,,,Category,,,
198,Subject,,,6742,60,1.7496402931851014,,,,,,,,,Feature,,,,Category,,,
199,Subject,,,6732,70,1.3931293711175836,,,,,,,,,Feature,,,,Category,,,
200,Subject,,,6801,1,0.30904238168565706,,,,,,,,,,Feature,,,Category,,,
201,Subject,,,6797,5,1.5404355319375944,,,,,,,,,,Feature,,,Category,,,
202,Subject,,,6792,10,3.055284112241132,,,,,,,,,,Feature,,,Category,,,
203,Subject,,,6787,15,4.493679724048178,,,,,,,,,,Feature,,,Category,,,
204,Subject,,,6782,20,5.821200502410701,,,,,,,,,,Feature,,,Category,,,
205,Subject,,,6772,30,8.025030029705642,,,,,,,,,,Feature,,,Category,,,
206,Subject,,,6762,40,5.706821525387224,,,,,,,,,,Feature,,,Category,,,
207,Subject,,,6752,50,3.606434551525126,,,,,,,,,,Feature,,,Category,,,
208,Subject,,,6742,60,2.186439513697081,,,,,,,,,,Feature,,,Category,,,
209,Subject,,,6732,70,1.7958249064532739,,,,,,,,,,Feature,,,Category,,,
210,Subject,,,6801,1,0.47636302644780326,,,,,,,,,,,Feature,,Category,,,
211,Subject,,,6797,5,2.376795617839593,,,,,,,,,,,Feature,,Category,,,
212,Subject,,,6792,10,4.702353169859517,,,,,,,,,,,Feature,,Category,,,
213,Subject,,,6787,15,6.83229902323209,,,,,,,,,,,Feature,,Category,,,
214,Subject,,,6782,20,8.591739303069248,,,,,,,,,,,Feature,,Category,,,
215,Subject,,,6772,30,10.868031105172298,,,,,,,,,,,Feature,,Category,,,
216,Subject,,,6762,40,5.049354195338199,,,,,,,,,,,Feature,,Category,,,
217,Subject,,,6752,50,2.133614493310801,,,,,,,,,,,Feature,,Category,,,
218,Subject,,,6742,60,0.8991262470557229,,,,,,,,,,,Feature,,Category,,,
219,Subject,,,6732,70,0.6024545395183794,,,,,,,,,,,Feature,,Category,,,
220,Subject,,,6801,1,0.987861306775704,,,,,,,,,,,,Feature,Category,,,
221,Subject,,,6797,5,4.890342590280859,,,,,,,,,,,,Feature,Category,,,
222,Subject,,,6792,10,9.6239621473668,,,,,,,,,,,,Feature,Category,,,
223,Subject,,,6787,15,12.289178366873031,,,,,,,,,,,,Feature,Category,,,
224,Subject,,,6782,20,12.655251490084963,,,,,,,,,,,,Feature,Category,,,
225,Subject,,,6772,30,12.724664118569606,,,,,,,,,,,,Feature,Category,,,
226,Subject,,,6762,40,0.5289951298540652,,,,,,,,,,,,Feature,Category,,,
227,Subject,,,6752,50,0.09646148657076375,,,,,,,,,,,,Feature,Category,,,
228,Subject,,,6742,60,0.00840179643772535,,,,,,,,,,,,Feature,Category,,,
229,Subject,,,6732,70,0.0,,,,,,,,,,,,Feature,Category,,,
230,,Category,Feature,6801,1,0.8384376825292563,,,,,,,,,,,,,,Subject,,
231,,Category,Feature,6797,5,4.166634942356212,,,,,,,,,,,,,,Subject,,
232,,Category,Feature,6792,10,8.200057378417709,,,,,,,,,,,,,,Subject,,
233,,Category,Feature,6787,15,11.087916604745812,,,,,,,,,,,,,,Subject,,
234,,Category,Feature,6782,20,12.257237338928839,,,,,,,,,,,,,,Subject,,
235,,Category,Feature,6772,30,12.702204438057477,,,,,,,,,,,,,,Subject,,
236,,Category,Feature,6762,40,1.5060785170715698,,,,,,,,,,,,,,Subject,,
237,,Category,Feature,6752,50,0.25359086307913165,,,,,,,,,,,,,,Subject,,
238,,Category,Feature,6742,60,0.03570412402391339,,,,,,,,,,,,,,Subject,,
239,,Category,Feature,6732,70,0.01682549845056847,,,,,,,,,,,,,,Subject,,
240,,,,6801,1,0.47636302644780326,Category,Feature,,,,,,,,,,,,Subject,,
241,,,,6797,5,2.376795617839593,Category,Feature,,,,,,,,,,,,Subject,,
242,,,,6792,10,4.702353169859517,Category,Feature,,,,,,,,,,,,Subject,,
243,,,,6787,15,6.83229902323209,Category,Feature,,,,,,,,,,,,Subject,,
244,,,,6782,20,8.591739303069248,Category,Feature,,,,,,,,,,,,Subject,,
245,,,,6772,30,10.868031105172298,Category,Feature,,,,,,,,,,,,Subject,,
246,,,,6762,40,5.049354195338199,Category,Feature,,,,,,,,,,,,Subject,,
247,,,,6752,50,2.133614493310801,Category,Feature,,,,,,,,,,,,Subject,,
248,,,,6742,60,0.8991262470557229,Category,Feature,,,,,,,,,,,,Subject,,
249,,,,6732,70,0.6024545395183794,Category,Feature,,,,,,,,,,,,Subject,,
250,,,,6801,1,0.0476425732173893,Category,,Feature,,,,,,,,,,,Subject,,
251,,,,6797,5,0.23514653642542782,Category,,Feature,,,,,,,,,,,Subject,,
252,,,,6792,10,0.4536152072757919,Category,,Feature,,,,,,,,,,,Subject,,
253,,,,6787,15,0.6593458407488496,Category,,Feature,,,,,,,,,,,Subject,,
254,,,,6782,20,0.8574982143436852,Category,,Feature,,,,,,,,,,,Subject,,
255,,,,6772,30,1.2439785015365716,Category,,Feature,,,,,,,,,,,Subject,,
256,,,,6762,40,1.3770479952661878,Category,,Feature,,,,,,,,,,,Subject,,
257,,,,6752,50,1.4400348601321846,Category,,Feature,,,,,,,,,,,Subject,,
258,,,,6742,60,1.4750294767272407,Category,,Feature,,,,,,,,,,,Subject,,
259,,,,6732,70,1.491284569062187,Category,,Feature,,,,,,,,,,,Subject,,
260,,,,6801,1,0.39431772376397034,Category,,,Feature,,,,,,,,,,Subject,,
261,,,,6797,5,1.96403014771037,Category,,,Feature,,,,,,,,,,Subject,,
262,,,,6792,10,3.8709740610903913,Category,,,Feature,,,,,,,,,,Subject,,
263,,,,6787,15,5.623008312371545,Category,,,Feature,,,,,,,,,,Subject,,
264,,,,6782,20,7.152794474367024,Category,,,Feature,,,,,,,,,,Subject,,
265,,,,6772,30,9.469084191608419,Category,,,Feature,,,,,,,,,,Subject,,
266,,,,6762,40,5.6407765282610445,Category,,,Feature,,,,,,,,,,Subject,,
267,,,,6752,50,3.0314916144113204,Category,,,Feature,,,,,,,,,,Subject,,
268,,,,6742,60,1.7496402931851014,Category,,,Feature,,,,,,,,,,Subject,,
269,,,,6732,70,1.3931293711175836,Category,,,Feature,,,,,,,,,,Subject,,
270,,,,6801,1,0.4108852548770129,Category,,,,Feature,,,,,,,,,Subject,,
271,,,,6797,5,2.044841347647956,Category,,,,Feature,,,,,,,,,Subject,,
272,,,,6792,10,4.046205895533958,Category,,,,Feature,,,,,,,,,Subject,,
273,,,,6787,15,5.900350923238179,Category,,,,Feature,,,,,,,,,Subject,,
274,,,,6782,20,7.48818779886631,Category,,,,Feature,,,,,,,,,Subject,,
275,,,,6772,30,9.85457304680273,Category,,,,Feature,,,,,,,,,Subject,,
276,,,,6762,40,5.617368969816212,Category,,,,Feature,,,,,,,,,Subject,,
277,,,,6752,50,2.9618726326461946,Category,,,,Feature,,,,,,,,,Subject,,
278,,,,6742,60,1.6801013145788917,Category,,,,Feature,,,,,,,,,Subject,,
279,,,,6732,70,1.3606931159366442,Category,,,,Feature,,,,,,,,,Subject,,
280,,,,6801,1,0.12371621478857614,Category,,,,,Feature,,,,,,,,Subject,,
281,,,,6797,5,0.5599291739100175,Category,,,,,Feature,,,,,,,,Subject,,
282,,,,6792,10,1.039738555387212,Category,,,,,Feature,,,,,,,,Subject,,
283,,,,6787,15,1.4787727254421734,Category,,,,,Feature,,,,,,,,Subject,,
284,,,,6782,20,1.8802728571114988,Category,,,,,Feature,,,,,,,,Subject,,
285,,,,6772,30,2.6182780600197,Category,,,,,Feature,,,,,,,,Subject,,
286,,,,6762,40,2.507697137960814,Category,,,,,Feature,,,,,,,,Subject,,
287,,,,6752,50,2.410105494598857,Category,,,,,Feature,,,,,,,,Subject,,
288,,,,6742,60,2.3260700538277828,Category,,,,,Feature,,,,,,,,Subject,,
289,,,,6732,70,2.2814491498080085,Category,,,,,Feature,,,,,,,,Subject,,
290,,,,6801,1,0.026473022569399013,Category,,,,,,Feature,,,,,,,Subject,,
291,,,,6797,5,0.12195860201288243,Category,,,,,,Feature,,,,,,,Subject,,
292,,,,6792,10,0.22491584740305848,Category,,,,,,Feature,,,,,,,Subject,,
293,,,,6787,15,0.325551419268242,Category,,,,,,Feature,,,,,,,Subject,,
294,,,,6782,20,0.4249661507465097,Category,,,,,,Feature,,,,,,,Subject,,
295,,,,6772,30,0.614548601423106,Category,,,,,,Feature,,,,,,,Subject,,
296,,,,6762,40,0.6929534409496665,Category,,,,,,Feature,,,,,,,Subject,,
297,,,,6752,50,0.7358146752240434,Category,,,,,,Feature,,,,,,,Subject,,
298,,,,6742,60,0.7657816700707916,Category,,,,,,Feature,,,,,,,Subject,,
299,,,,6732,70,0.7725905169065859,Category,,,,,,Feature,,,,,,,Subject,,
300,,,,6801,1,0.987861306775704,Category,,,,,,,Feature,,,,,,Subject,,
301,,,,6797,5,4.890342590280859,Category,,,,,,,Feature,,,,,,Subject,,
302,,,,6792,10,9.6239621473668,Category,,,,,,,Feature,,,,,,Subject,,
303,,,,6787,15,12.289178366873031,Category,,,,,,,Feature,,,,,,Subject,,
304,,,,6782,20,12.655251490084963,Category,,,,,,,Feature,,,,,,Subject,,
305,,,,6772,30,12.724664118569606,Category,,,,,,,Feature,,,,,,Subject,,
306,,,,6762,40,0.5289951298540652,Category,,,,,,,Feature,,,,,,Subject,,
307,,,,6752,50,0.09646148657076375,Category,,,,,,,Feature,,,,,,Subject,,
308,,,,6742,60,0.00840179643772535,Category,,,,,,,Feature,,,,,,Subject,,
309,,,,6732,70,0.0,Category,,,,,,,Feature,,,,,,Subject,,
310,,,,6801,1,0.3250705950104703,Category,,,,,,,,Feature,,,,,Subject,,
311,,,,6797,5,1.6174177836539423,Category,,,,,,,,Feature,,,,,Subject,,
312,,,,6792,10,3.1882265202052444,Category,,,,,,,,Feature,,,,,Subject,,
313,,,,6787,15,4.6539387745690926,Category,,,,,,,,Feature,,,,,Subject,,
314,,,,6782,20,5.968823082817771,Category,,,,,,,,Feature,,,,,Subject,,
315,,,,6772,30,8.141077691025881,Category,,,,,,,,Feature,,,,,Subject,,
316,,,,6762,40,5.679500918933582,Category,,,,,,,,Feature,,,,,Subject,,
317,,,,6752,50,3.755502976242442,Category,,,,,,,,Feature,,,,,Subject,,
318,,,,6742,60,2.5100437668705133,Category,,,,,,,,Feature,,,,,Subject,,
319,,,,6732,70,2.1763969225382707,Category,,,,,,,,Feature,,,,,Subject,,
320,,,,6801,1,0.026473022569399013,Category,,,,,,,,,Feature,,,,Subject,,
321,,,,6797,5,0.12855437086958274,Category,,,,,,,,,Feature,,,,Subject,,
322,,,,6792,10,0.24707780225415943,Category,,,,,,,,,Feature,,,,Subject,,
323,,,,6787,15,0.36129885987196647,Category,,,,,,,,,Feature,,,,Subject,,
324,,,,6782,20,0.47549041440251,Category,,,,,,,,,Feature,,,,Subject,,
325,,,,6772,30,0.7003829734084757,Category,,,,,,,,,Feature,,,,Subject,,
326,,,,6762,40,0.8186366613289987,Category,,,,,,,,,Feature,,,,Subject,,
327,,,,6752,50,0.88698929983565,Category,,,,,,,,,Feature,,,,Subject,,
328,,,,6742,60,0.9430627388503889,Category,,,,,,,,,Feature,,,,Subject,,
329,,,,6732,70,0.9663684500798362,Category,,,,,,,,,Feature,,,,Subject,,
330,,,,6801,1,0.04086523592920775,Category,,,,,,,,,,Feature,,,Subject,,
331,,,,6797,5,0.1884058180473772,Category,,,,,,,,,,Feature,,,Subject,,
332,,,,6792,10,0.3616663756362595,Category,,,,,,,,,,Feature,,,Subject,,
333,,,,6787,15,0.5337059844800973,Category,,,,,,,,,,Feature,,,Subject,,
334,,,,6782,20,0.7005073236929394,Category,,,,,,,,,,Feature,,,Subject,,
335,,,,6772,30,1.0181483559402749,Category,,,,,,,,,,Feature,,,Subject,,
336,,,,6762,40,1.1606239405001912,Category,,,,,,,,,,Feature,,,Subject,,
337,,,,6752,50,1.2118320737328072,Category,,,,,,,,,,Feature,,,Subject,,
338,,,,6742,60,1.2367005276011658,Category,,,,,,,,,,Feature,,,Subject,,
339,,,,6732,70,1.242960908594335,Category,,,,,,,,,,Feature,,,Subject,,
340,,,,6801,1,0.22930553764553013,Category,,,,,,,,,,,Feature,,Subject,,
341,,,,6797,5,1.1391546360107676,Category,,,,,,,,,,,Feature,,Subject,,
342,,,,6792,10,2.255574808834133,Category,,,,,,,,,,,Feature,,Subject,,
343,,,,6787,15,3.3214221174835328,Category,,,,,,,,,,,Feature,,Subject,,
344,,,,6782,20,4.334374915604358,Category,,,,,,,,,,,Feature,,Subject,,
345,,,,6772,30,6.167224328088331,Category,,,,,,,,,,,Feature,,Subject,,
346,,,,6762,40,5.245151446343462,Category,,,,,,,,,,,Feature,,Subject,,
347,,,,6752,50,3.983116193485192,Category,,,,,,,,,,,Feature,,Subject,,
348,,,,6742,60,3.0065111238182123,Category,,,,,,,,,,,Feature,,Subject,,
349,,,,6732,70,2.7025145590966893,Category,,,,,,,,,,,Feature,,Subject,,
350,,,,6801,1,0.30904238168565706,,Feature,,,,,,,,,,,Category,Subject,,
351,,,,6797,5,1.5404355319375944,,Feature,,,,,,,,,,,Category,Subject,,
352,,,,6792,10,3.055284112241132,,Feature,,,,,,,,,,,Category,Subject,,
353,,,,6787,15,4.493679724048178,,Feature,,,,,,,,,,,Category,Subject,,
354,,,,6782,20,5.821200502410701,,Feature,,,,,,,,,,,Category,Subject,,
355,,,,6772,30,8.025030029705642,,Feature,,,,,,,,,,,Category,Subject,,
356,,,,6762,40,5.706821525387224,,Feature,,,,,,,,,,,Category,Subject,,
357,,,,6752,50,3.606434551525126,,Feature,,,,,,,,,,,Category,Subject,,
358,,,,6742,60,2.186439513697081,,Feature,,,,,,,,,,,Category,Subject,,
359,,,,6732,70,1.7958249064532739,,Feature,,,,,,,,,,,Category,Subject,,
360,,,,6801,1,0.2621376400062179,,,Feature,,,,,,,,,,Category,Subject,,
361,,,,6797,5,1.1382450931159453,,,Feature,,,,,,,,,,Category,Subject,,
362,,,,6792,10,2.051110325131371,,,Feature,,,,,,,,,,Category,Subject,,
363,,,,6787,15,2.718350572242307,,,Feature,,,,,,,,,,Category,Subject,,
364,,,,6782,20,3.2099621954413218,,,Feature,,,,,,,,,,Category,Subject,,
365,,,,6772,30,4.028717290157846,,,Feature,,,,,,,,,,Category,Subject,,
366,,,,6762,40,2.9917988904857404,,,Feature,,,,,,,,,,Category,Subject,,
367,,,,6752,50,2.7577773049504914,,,Feature,,,,,,,,,,Category,Subject,,
368,,,,6742,60,2.6341491755320776,,,Feature,,,,,,,,,,Category,Subject,,
369,,,,6732,70,2.5951653383746582,,,Feature,,,,,,,,,,Category,Subject,,
370,,,,6801,1,0.857390896742085,,,,Feature,,,,,,,,,Category,Subject,,
371,,,,6797,5,4.269844873723059,,,,Feature,,,,,,,,,Category,Subject,,
372,,,,6792,10,8.408815401869939,,,,Feature,,,,,,,,,Category,Subject,,
373,,,,6787,15,11.34672000777419,,,,Feature,,,,,,,,,Category,Subject,,
374,,,,6782,20,12.445430828447028,,,,Feature,,,,,,,,,Category,Subject,,
375,,,,6772,30,12.71562024489893,,,,Feature,,,,,,,,,Category,Subject,,
376,,,,6762,40,1.1410747518004798,,,,Feature,,,,,,,,,Category,Subject,,
377,,,,6752,50,0.14047586470006426,,,,Feature,,,,,,,,,Category,Subject,,
378,,,,6742,60,0.021003538256352462,,,,Feature,,,,,,,,,Category,Subject,,
379,,,,6732,70,0.010516175437714683,,,,Feature,,,,,,,,,Category,Subject,,
380,,,,6801,1,0.23548219159710526,,,,,Feature,,,,,,,,Category,Subject,,
381,,,,6797,5,1.1715213385873553,,,,,Feature,,,,,,,,Category,Subject,,
382,,,,6792,10,2.3210515557692943,,,,,Feature,,,,,,,,Category,Subject,,
383,,,,6787,15,3.4186023750603765,,,,,Feature,,,,,,,,Category,Subject,,
384,,,,6782,20,4.449462944729964,,,,,Feature,,,,,,,,Category,Subject,,
385,,,,6772,30,6.300290242213864,,,,,Feature,,,,,,,,Category,Subject,,
386,,,,6762,40,5.20477871531785,,,,,Feature,,,,,,,,Category,Subject,,
387,,,,6752,50,3.890367867320405,,,,,Feature,,,,,,,,Category,Subject,,
388,,,,6742,60,2.92066099211061,,,,,Feature,,,,,,,,Category,Subject,,
389,,,,6732,70,2.6224394655450647,,,,,Feature,,,,,,,,Category,Subject,,
390,,,,6801,1,0.9697863692777412,,,,,,Feature,,,,,,,Category,Subject,,
391,,,,6797,5,4.824504360436264,,,,,,Feature,,,,,,,Category,Subject,,
392,,,,6792,10,9.530215965267786,,,,,,Feature,,,,,,,Category,Subject,,
393,,,,6787,15,12.257515785479352,,,,,,Feature,,,,,,,Category,Subject,,
394,,,,6782,20,12.682740860314002,,,,,,Feature,,,,,,,Category,Subject,,
395,,,,6772,30,12.725366257893612,,,,,,Feature,,,,,,,Category,Subject,,
396,,,,6762,40,0.42670286901439164,,,,,,Feature,,,,,,,Category,Subject,,
397,,,,6752,50,0.018878182851403854,,,,,,Feature,,,,,,,Category,Subject,,
398,,,,6742,60,0.0,,,,,,Feature,,,,,,,Category,Subject,,
399,,,,6732,70,0.0,,,,,,Feature,,,,,,,Category,Subject,,
400,,,,6801,1,0.3874613201175276,,,,,,,Feature,,,,,,Category,Subject,,
401,,,,6797,5,1.9293501475723072,,,,,,,Feature,,,,,,Category,Subject,,
402,,,,6792,10,3.8122021178223795,,,,,,,Feature,,,,,,Category,Subject,,
403,,,,6787,15,5.555828757957681,,,,,,,Feature,,,,,,Category,Subject,,
404,,,,6782,20,7.076879706046697,,,,,,,Feature,,,,,,Category,Subject,,
405,,,,6772,30,9.417548592086517,,,,,,,Feature,,,,,,Category,Subject,,
406,,,,6762,40,5.705884790633216,,,,,,,Feature,,,,,,Category,Subject,,
407,,,,6752,50,3.232033840446708,,,,,,,Feature,,,,,,Category,Subject,,
408,,,,6742,60,1.864708660131407,,,,,,,Feature,,,,,,Category,Subject,,
409,,,,6732,70,1.496698172611425,,,,,,,Feature,,,,,,Category,Subject,,
410,,,,6801,1,0.42603344553639716,,,,,,,,Feature,,,,,Category,Subject,,
411,,,,6797,5,2.1210878886894173,,,,,,,,Feature,,,,,Category,Subject,,
412,,,,6792,10,4.195388495514107,,,,,,,,Feature,,,,,Category,Subject,,
413,,,,6787,15,6.097711006236254,,,,,,,,Feature,,,,,Category,Subject,,
414,,,,6782,20,7.697695007137394,,,,,,,,Feature,,,,,Category,Subject,,
415,,,,6772,30,10.017629719065694,,,,,,,,Feature,,,,,Category,Subject,,
416,,,,6762,40,5.497270675780328,,,,,,,,Feature,,,,,Category,Subject,,
417,,,,6752,50,2.809140033058053,,,,,,,,Feature,,,,,Category,Subject,,
418,,,,6742,60,1.5464445730759364,,,,,,,,Feature,,,,,Category,Subject,,
419,,,,6732,70,1.2417038024299274,,,,,,,,Feature,,,,,Category,Subject,,
420,,,,6801,1,0.4078116692278153,,,,,,,,,Feature,,,,Category,Subject,,
421,,,,6797,5,2.033267680580133,,,,,,,,,Feature,,,,Category,Subject,,
422,,,,6792,10,4.014230009445799,,,,,,,,,Feature,,,,Category,Subject,,
423,,,,6787,15,5.833279518660088,,,,,,,,,Feature,,,,Category,Subject,,
424,,,,6782,20,7.414434542550958,,,,,,,,,Feature,,,,Category,Subject,,
425,,,,6772,30,9.757116048362088,,,,,,,,,Feature,,,,Category,Subject,,
426,,,,6762,40,5.569575105918869,,,,,,,,,Feature,,,,Category,Subject,,
427,,,,6752,50,2.806418879918426,,,,,,,,,Feature,,,,Category,Subject,,
428,,,,6742,60,1.545464601730818,,,,,,,,,Feature,,,,Category,Subject,,
429,,,,6732,70,1.2302513199913818,,,,,,,,,Feature,,,,Category,Subject,,
430,,,,6801,1,0.31859120627187487,,,,,,,,,,Feature,,,Category,Subject,,
431,,,,6797,5,1.5883463330501952,,,,,,,,,,Feature,,,Category,Subject,,
432,,,,6792,10,3.1520971743121056,,,,,,,,,,Feature,,,Category,Subject,,
433,,,,6787,15,4.633409155239285,,,,,,,,,,Feature,,,Category,Subject,,
434,,,,6782,20,6.001455478243905,,,,,,,,,,Feature,,,Category,Subject,,
435,,,,6772,30,8.263599193595944,,,,,,,,,,Feature,,,Category,Subject,,
436,,,,6762,40,5.7175232642861875,,,,,,,,,,Feature,,,Category,Subject,,
437,,,,6752,50,3.4763409063863926,,,,,,,,,,Feature,,,Category,Subject,,
438,,,,6742,60,2.033475913011017,,,,,,,,,,Feature,,,Category,Subject,,
439,,,,6732,70,1.68541409520435,,,,,,,,,,Feature,,,Category,Subject,,
440,,,,6801,1,0.4927294285476891,,,,,,,,,,,Feature,,Category,Subject,,
441,,,,6797,5,2.459749130383123,,,,,,,,,,,Feature,,Category,Subject,,
442,,,,6792,10,4.866210587353526,,,,,,,,,,,Feature,,Category,Subject,,
443,,,,6787,15,7.0608796225070005,,,,,,,,,,,Feature,,Category,Subject,,
444,,,,6782,20,8.878522469594001,,,,,,,,,,,Feature,,Category,Subject,,
445,,,,6772,30,11.162961005014287,,,,,,,,,,,Feature,,Category,Subject,,
446,,,,6762,40,4.811333571559976,,,,,,,,,,,Feature,,Category,Subject,,
447,,,,6752,50,1.8494574117036573,,,,,,,,,,,Feature,,Category,Subject,,
448,,,,6742,60,0.7325645915685964,,,,,,,,,,,Feature,,Category,Subject,,
449,,,,6732,70,0.4886941047484597,,,,,,,,,,,Feature,,Category,Subject,,
450,,,,6801,1,0.995015787603182,,,,,,,,,,,,Feature,Category,Subject,,
451,,,,6797,5,4.952125237567354,,,,,,,,,,,,Feature,Category,Subject,,
452,,,,6792,10,9.775734480628698,,,,,,,,,,,,Feature,Category,Subject,,
453,,,,6787,15,12.432817737743909,,,,,,,,,,,,Feature,Category,Subject,,
454,,,,6782,20,12.700425796106842,,,,,,,,,,,,Feature,Category,Subject,,
455,,,,6772,30,12.725366257893612,,,,,,,,,,,,Feature,Category,Subject,,
456,,,,6762,40,0.26998199960759495,,,,,,,,,,,,Feature,Category,Subject,,
457,,,,6752,50,0.020975600348543996,,,,,,,,,,,,Feature,Category,Subject,,
458,,,,6742,60,0.0,,,,,,,,,,,,Feature,Category,Subject,,
459,,,,6732,70,0.0,,,,,,,,,,,,Feature,Category,Subject,,
460,,Category,Feature,30295,1,0.650622452065587,,,,,,,,,,,,,,,Subject,
461,,Category,Feature,30291,5,3.252374871638697,,,,,,,,,,,,,,,Subject,
462,,Category,Feature,30286,10,6.484734403833573,,,,,,,,,,,,,,,Subject,
463,,Category,Feature,30281,15,9.518497003664262,,,,,,,,,,,,,,,Subject,
464,,Category,Feature,30276,20,11.934761501788882,,,,,,,,,,,,,,,Subject,
465,,Category,Feature,30266,30,14.302628482558838,,,,,,,,,,,,,,,Subject,
466,,Category,Feature,30256,40,3.1301856186867827,,,,,,,,,,,,,,,Subject,
467,,Category,Feature,30246,50,0.559494733335368,,,,,,,,,,,,,,,Subject,
468,,Category,Feature,30236,60,0.1382793448597693,,,,,,,,,,,,,,,Subject,
469,,Category,Feature,30226,70,0.09104769691425141,,,,,,,,,,,,,,,Subject,
470,,,,6801,1,0.857390896742085,Category,Feature,,,,,,,,,,,,,Subject,
471,,,,6797,5,4.269844873723059,Category,Feature,,,,,,,,,,,,,Subject,
472,,,,6792,10,8.408815401869939,Category,Feature,,,,,,,,,,,,,Subject,
473,,,,6787,15,11.34672000777419,Category,Feature,,,,,,,,,,,,,Subject,
474,,,,6782,20,12.445430828447028,Category,Feature,,,,,,,,,,,,,Subject,
475,,,,6772,30,12.71562024489893,Category,Feature,,,,,,,,,,,,,Subject,
476,,,,6762,40,1.1410747518004798,Category,Feature,,,,,,,,,,,,,Subject,
477,,,,6752,50,0.14047586470006426,Category,Feature,,,,,,,,,,,,,Subject,
478,,,,6742,60,0.021003538256352462,Category,Feature,,,,,,,,,,,,,Subject,
479,,,,6732,70,0.010516175437714683,Category,Feature,,,,,,,,,,,,,Subject,
480,,,,6801,1,0.04315048635950708,Category,,Feature,,,,,,,,,,,,Subject,
481,,,,6797,5,0.20414454220052738,Category,,Feature,,,,,,,,,,,,Subject,
482,,,,6792,10,0.39795222568482197,Category,,Feature,,,,,,,,,,,,Subject,
483,,,,6787,15,0.5742578170659524,Category,,Feature,,,,,,,,,,,,Subject,
484,,,,6782,20,0.7361878644364268,Category,,Feature,,,,,,,,,,,,Subject,
485,,,,6772,30,0.988957991069168,Category,,Feature,,,,,,,,,,,,Subject,
486,,,,6762,40,0.9206713706025977,Category,,Feature,,,,,,,,,,,,Subject,
487,,,,6752,50,0.8273212785544157,Category,,Feature,,,,,,,,,,,,Subject,
488,,,,6742,60,0.7959446533265123,Category,,Feature,,,,,,,,,,,,Subject,
489,,,,6732,70,0.798395339018193,Category,,Feature,,,,,,,,,,,,Subject,
490,,,,6801,1,0.0476425732173893,Category,,,Feature,,,,,,,,,,,Subject,
491,,,,6797,5,0.23514653642542782,Category,,,Feature,,,,,,,,,,,Subject,
492,,,,6792,10,0.4536152072757919,Category,,,Feature,,,,,,,,,,,Subject,
493,,,,6787,15,0.6593458407488496,Category,,,Feature,,,,,,,,,,,Subject,
494,,,,6782,20,0.8574982143436852,Category,,,Feature,,,,,,,,,,,Subject,
495,,,,6772,30,1.2439785015365716,Category,,,Feature,,,,,,,,,,,Subject,
496,,,,6762,40,1.3770479952661878,Category,,,Feature,,,,,,,,,,,Subject,
497,,,,6752,50,1.4400348601321846,Category,,,Feature,,,,,,,,,,,Subject,
498,,,,6742,60,1.4750294767272407,Category,,,Feature,,,,,,,,,,,Subject,
499,,,,6732,70,1.491284569062187,Category,,,Feature,,,,,,,,,,,Subject,
500,,,,6801,1,0.37243597332969197,Category,,,,Feature,,,,,,,,,,Subject,
501,,,,6797,5,1.8524023084463193,Category,,,,Feature,,,,,,,,,,Subject,
502,,,,6792,10,3.6563756144366697,Category,,,,Feature,,,,,,,,,,Subject,
503,,,,6787,15,5.321383162314801,Category,,,,Feature,,,,,,,,,,Subject,
504,,,,6782,20,6.790905305943698,Category,,,,Feature,,,,,,,,,,Subject,
505,,,,6772,30,9.088098584399336,Category,,,,Feature,,,,,,,,,,Subject,
506,,,,6762,40,5.755389667805133,Category,,,,Feature,,,,,,,,,,Subject,
507,,,,6752,50,3.4362168349155793,Category,,,,Feature,,,,,,,,,,Subject,
508,,,,6742,60,2.058212724346439,Category,,,,Feature,,,,,,,,,,Subject,
509,,,,6732,70,1.6863361154885805,Category,,,,Feature,,,,,,,,,,Subject,
510,,,,6801,1,0.12371621478857614,Category,,,,,Feature,,,,,,,,,Subject,
511,,,,6797,5,0.5599291739100175,Category,,,,,Feature,,,,,,,,,Subject,
512,,,,6792,10,1.039738555387212,Category,,,,,Feature,,,,,,,,,Subject,
513,,,,6787,15,1.4787727254421734,Category,,,,,Feature,,,,,,,,,Subject,
514,,,,6782,20,1.8802728571114988,Category,,,,,Feature,,,,,,,,,Subject,
515,,,,6772,30,2.6182780600197,Category,,,,,Feature,,,,,,,,,Subject,
516,,,,6762,40,2.507697137960814,Category,,,,,Feature,,,,,,,,,Subject,
517,,,,6752,50,2.410105494598857,Category,,,,,Feature,,,,,,,,,Subject,
518,,,,6742,60,2.3260700538277828,Category,,,,,Feature,,,,,,,,,Subject,
519,,,,6732,70,2.2814491498080085,Category,,,,,Feature,,,,,,,,,Subject,
520,,,,6801,1,0.4927294285476891,Category,,,,,,Feature,,,,,,,,Subject,
521,,,,6797,5,2.459749130383123,Category,,,,,,Feature,,,,,,,,Subject,
522,,,,6792,10,4.866210587353526,Category,,,,,,Feature,,,,,,,,Subject,
523,,,,6787,15,7.0608796225070005,Category,,,,,,Feature,,,,,,,,Subject,
524,,,,6782,20,8.878522469594001,Category,,,,,,Feature,,,,,,,,Subject,
525,,,,6772,30,11.162961005014287,Category,,,,,,Feature,,,,,,,,Subject,
526,,,,6762,40,4.811333571559976,Category,,,,,,Feature,,,,,,,,Subject,
527,,,,6752,50,1.8494574117036573,Category,,,,,,Feature,,,,,,,,Subject,
528,,,,6742,60,0.7325645915685964,Category,,,,,,Feature,,,,,,,,Subject,
529,,,,6732,70,0.4886941047484597,Category,,,,,,Feature,,,,,,,,Subject,
530,,,,6801,1,0.04086523592920775,Category,,,,,,,Feature,,,,,,,Subject,
531,,,,6797,5,0.19636449258989858,Category,,,,,,,Feature,,,,,,,Subject,
532,,,,6792,10,0.3836540127500789,Category,,,,,,,Feature,,,,,,,Subject,
533,,,,6787,15,0.5566130202661936,Category,,,,,,,Feature,,,,,,,Subject,
534,,,,6782,20,0.7202118044576955,Category,,,,,,,Feature,,,,,,,Subject,
535,,,,6772,30,1.012133584830386,Category,,,,,,,Feature,,,,,,,Subject,
536,,,,6762,40,1.0486580936151932,Category,,,,,,,Feature,,,,,,,Subject,
537,,,,6752,50,1.0075232494669004,Category,,,,,,,Feature,,,,,,,Subject,
538,,,,6742,60,0.9909784339644737,Category,,,,,,,Feature,,,,,,,Subject,
539,,,,6732,70,0.9895840387508258,Category,,,,,,,Feature,,,,,,,Subject,
540,,,,6801,1,0.03971206937063419,Category,,,,,,,,Feature,,,,,,Subject,
541,,,,6797,5,0.18599204878130213,Category,,,,,,,,Feature,,,,,,Subject,
542,,,,6792,10,0.35550086522106683,Category,,,,,,,,Feature,,,,,,Subject,
543,,,,6787,15,0.5142444102543294,Category,,,,,,,,Feature,,,,,,Subject,
544,,,,6782,20,0.6557610082262824,Category,,,,,,,,Feature,,,,,,Subject,
545,,,,6772,30,0.907042788377283,Category,,,,,,,,Feature,,,,,,Subject,
546,,,,6762,40,0.9352964152938228,Category,,,,,,,,Feature,,,,,,Subject,
547,,,,6752,50,0.9279620756403363,Category,,,,,,,,Feature,,,,,,Subject,
548,,,,6742,60,0.940178049347359,Category,,,,,,,,Feature,,,,,,Subject,
549,,,,6732,70,0.9481610907787877,Category,,,,,,,,Feature,,,,,,Subject,
550,,,,6801,1,0.028966842351429274,Category,,,,,,,,,Feature,,,,,Subject,
551,,,,6797,5,0.14357998161164934,Category,,,,,,,,,Feature,,,,,Subject,
552,,,,6792,10,0.27934347635769974,Category,,,,,,,,,Feature,,,,,Subject,
553,,,,6787,15,0.4071731906392895,Category,,,,,,,,,Feature,,,,,Subject,
554,,,,6782,20,0.5290472580131922,Category,,,,,,,,,Feature,,,,,Subject,
555,,,,6772,30,0.7576739353789942,Category,,,,,,,,,Feature,,,,,Subject,
556,,,,6762,40,0.8290656951804563,Category,,,,,,,,,Feature,,,,,Subject,
557,,,,6752,50,0.8567553166800285,Category,,,,,,,,,Feature,,,,,Subject,
558,,,,6742,60,0.8769379871296336,Category,,,,,,,,,Feature,,,,,Subject,
559,,,,6732,70,0.8817407717303768,Category,,,,,,,,,Feature,,,,,Subject,
560,,,,6801,1,0.22930553764553013,Category,,,,,,,,,,Feature,,,,Subject,
561,,,,6797,5,1.1391546360107676,Category,,,,,,,,,,Feature,,,,Subject,
562,,,,6792,10,2.255574808834133,Category,,,,,,,,,,Feature,,,,Subject,
563,,,,6787,15,3.3214221174835328,Category,,,,,,,,,,Feature,,,,Subject,
564,,,,6782,20,4.334374915604358,Category,,,,,,,,,,Feature,,,,Subject,
565,,,,6772,30,6.167224328088331,Category,,,,,,,,,,Feature,,,,Subject,
566,,,,6762,40,5.245151446343462,Category,,,,,,,,,,Feature,,,,Subject,
567,,,,6752,50,3.983116193485192,Category,,,,,,,,,,Feature,,,,Subject,
568,,,,6742,60,3.0065111238182123,Category,,,,,,,,,,Feature,,,,Subject,
569,,,,6732,70,2.7025145590966893,Category,,,,,,,,,,Feature,,,,Subject,
570,,,,6801,1,0.04086523592920775,Category,,,,,,,,,,,Feature,,,Subject,
571,,,,6797,5,0.1884058180473772,Category,,,,,,,,,,,Feature,,,Subject,
572,,,,6792,10,0.3616663756362595,Category,,,,,,,,,,,Feature,,,Subject,
573,,,,6787,15,0.5337059844800973,Category,,,,,,,,,,,Feature,,,Subject,
574,,,,6782,20,0.7005073236929394,Category,,,,,,,,,,,Feature,,,Subject,
575,,,,6772,30,1.0181483559402749,Category,,,,,,,,,,,Feature,,,Subject,
576,,,,6762,40,1.1606239405001912,Category,,,,,,,,,,,Feature,,,Subject,
577,,,,6752,50,1.2118320737328072,Category,,,,,,,,,,,Feature,,,Subject,
578,,,,6742,60,1.2367005276011658,Category,,,,,,,,,,,Feature,,,Subject,
579,,,,6732,70,1.242960908594335,Category,,,,,,,,,,,Feature,,,Subject,
580,,,,6801,1,0.33264109221405497,,Feature,,,,,,,,,,,Category,,Subject,
581,,,,6797,5,1.6573421182697852,,Feature,,,,,,,,,,,Category,,Subject,
582,,,,6792,10,3.2710395572519793,,Feature,,,,,,,,,,,Category,,Subject,
583,,,,6787,15,4.78708018037514,,Feature,,,,,,,,,,,Category,,Subject,
584,,,,6782,20,6.153067560315269,,Feature,,,,,,,,,,,Category,,Subject,
585,,,,6772,30,8.396854771673736,,Feature,,,,,,,,,,,Category,,Subject,
586,,,,6762,40,5.660759998419376,,Feature,,,,,,,,,,,Category,,Subject,
587,,,,6752,50,3.594081713691238,,Feature,,,,,,,,,,,Category,,Subject,
588,,,,6742,60,2.3881487939418684,,Feature,,,,,,,,,,,Category,,Subject,
589,,,,6732,70,2.072297903890933,,Feature,,,,,,,,,,,Category,,Subject,
590,,,,6801,1,0.026473022569399013,,,Feature,,,,,,,,,,Category,,Subject,
591,,,,6797,5,0.12855437086958274,,,Feature,,,,,,,,,,Category,,Subject,
592,,,,6792,10,0.24707780225415943,,,Feature,,,,,,,,,,Category,,Subject,
593,,,,6787,15,0.36129885987196647,,,Feature,,,,,,,,,,Category,,Subject,
594,,,,6782,20,0.47549041440251,,,Feature,,,,,,,,,,Category,,Subject,
595,,,,6772,30,0.7003829734084757,,,Feature,,,,,,,,,,Category,,Subject,
596,,,,6762,40,0.8186366613289987,,,Feature,,,,,,,,,,Category,,Subject,
597,,,,6752,50,0.88698929983565,,,Feature,,,,,,,,,,Category,,Subject,
598,,,,6742,60,0.9430627388503889,,,Feature,,,,,,,,,,Category,,Subject,
599,,,,6732,70,0.9663684500798362,,,Feature,,,,,,,,,,Category,,Subject,
600,,,,6801,1,0.08848460162735396,,,,Feature,,,,,,,,,Category,,Subject,
601,,,,6797,5,0.4335372810812304,,,,Feature,,,,,,,,,Category,,Subject,
602,,,,6792,10,0.8186406926178899,,,,Feature,,,,,,,,,Category,,Subject,
603,,,,6787,15,1.1703213570775381,,,,Feature,,,,,,,,,Category,,Subject,
604,,,,6782,20,1.4822427985649096,,,,Feature,,,,,,,,,Category,,Subject,
605,,,,6772,30,2.050067114969457,,,,Feature,,,,,,,,,Category,,Subject,
606,,,,6762,40,2.0389802589212946,,,,Feature,,,,,,,,,Category,,Subject,
607,,,,6752,50,2.025102951032923,,,,Feature,,,,,,,,,Category,,Subject,
608,,,,6742,60,2.032243648273001,,,,Feature,,,,,,,,,Category,,Subject,
609,,,,6732,70,2.0372699568143564,,,,Feature,,,,,,,,,Category,,Subject,
610,,,,6801,1,0.8384376825292563,,,,,Feature,,,,,,,,Category,,Subject,
611,,,,6797,5,4.166634942356212,,,,,Feature,,,,,,,,Category,,Subject,
612,,,,6792,10,8.200057378417709,,,,,Feature,,,,,,,,Category,,Subject,
613,,,,6787,15,11.087916604745812,,,,,Feature,,,,,,,,Category,,Subject,
614,,,,6782,20,12.257237338928839,,,,,Feature,,,,,,,,Category,,Subject,
615,,,,6772,30,12.702204438057477,,,,,Feature,,,,,,,,Category,,Subject,
616,,,,6762,40,1.5060785170715698,,,,,Feature,,,,,,,,Category,,Subject,
617,,,,6752,50,0.25359086307913165,,,,,Feature,,,,,,,,Category,,Subject,
618,,,,6742,60,0.03570412402391339,,,,,Feature,,,,,,,,Category,,Subject,
619,,,,6732,70,0.01682549845056847,,,,,Feature,,,,,,,,Category,,Subject,
620,,,,6801,1,0.9696106005287188,,,,,,Feature,,,,,,,Category,,Subject,
621,,,,6797,5,4.8201240296927494,,,,,,Feature,,,,,,,Category,,Subject,
622,,,,6792,10,9.52409681306466,,,,,,Feature,,,,,,,Category,,Subject,
623,,,,6787,15,12.277826356315321,,,,,,Feature,,,,,,,Category,,Subject,
624,,,,6782,20,12.684371877575531,,,,,,Feature,,,,,,,Category,,Subject,
625,,,,6772,30,12.725366257893612,,,,,,Feature,,,,,,,Category,,Subject,
626,,,,6762,40,0.4663765192218375,,,,,,Feature,,,,,,,Category,,Subject,
627,,,,6752,50,0.03146221235613228,,,,,,Feature,,,,,,,Category,,Subject,
628,,,,6742,60,0.0,,,,,,Feature,,,,,,,Category,,Subject,
629,,,,6732,70,0.0,,,,,,Feature,,,,,,,Category,,Subject,
630,,,,6801,1,0.3821360919298915,,,,,,,Feature,,,,,,Category,,Subject,
631,,,,6797,5,1.9051196372682575,,,,,,,Feature,,,,,,Category,,Subject,
632,,,,6792,10,3.7677396613531897,,,,,,,Feature,,,,,,Category,,Subject,
633,,,,6787,15,5.502308790740714,,,,,,,Feature,,,,,,Category,,Subject,
634,,,,6782,20,7.029009078769749,,,,,,,Feature,,,,,,Category,,Subject,
635,,,,6772,30,9.36426522927067,,,,,,,Feature,,,,,,Category,,Subject,
636,,,,6762,40,5.718100808985721,,,,,,,Feature,,,,,,Category,,Subject,
637,,,,6752,50,3.299632025247269,,,,,,,Feature,,,,,,Category,,Subject,
638,,,,6742,60,1.8975437806478157,,,,,,,Feature,,,,,,Category,,Subject,
639,,,,6732,70,1.5236123255029552,,,,,,,Feature,,,,,,Category,,Subject,
640,,,,6801,1,0.42403449183075276,,,,,,,,Feature,,,,,Category,,Subject,
641,,,,6797,5,2.111312743614647,,,,,,,,Feature,,,,,Category,,Subject,
642,,,,6792,10,4.170377523222576,,,,,,,,Feature,,,,,Category,,Subject,
643,,,,6787,15,6.051058588366537,,,,,,,,Feature,,,,,Category,,Subject,
644,,,,6782,20,7.623734893757941,,,,,,,,Feature,,,,,Category,,Subject,
645,,,,6772,30,9.928906410715443,,,,,,,,Feature,,,,,Category,,Subject,
646,,,,6762,40,5.533550752364724,,,,,,,,Feature,,,,,Category,,Subject,
647,,,,6752,50,2.939779380069916,,,,,,,,Feature,,,,,Category,,Subject,
648,,,,6742,60,1.6340406477659313,,,,,,,,Feature,,,,,Category,,Subject,
649,,,,6732,70,1.3032196669169163,,,,,,,,Feature,,,,,Category,,Subject,
650,,,,6801,1,0.4067838184923964,,,,,,,,,Feature,,,,Category,,Subject,
651,,,,6797,5,2.0282542537078943,,,,,,,,,Feature,,,,Category,,Subject,
652,,,,6792,10,4.002502711106143,,,,,,,,,Feature,,,,Category,,Subject,
653,,,,6787,15,5.8103666429715695,,,,,,,,,Feature,,,,Category,,Subject,
654,,,,6782,20,7.359653977034937,,,,,,,,,Feature,,,,Category,,Subject,
655,,,,6772,30,9.692522358548302,,,,,,,,,Feature,,,,Category,,Subject,
656,,,,6762,40,5.606045465463686,,,,,,,,,Feature,,,,Category,,Subject,
657,,,,6752,50,2.893369136326259,,,,,,,,,Feature,,,,Category,,Subject,
658,,,,6742,60,1.5597117804862375,,,,,,,,,Feature,,,,Category,,Subject,
659,,,,6732,70,1.229239353368979,,,,,,,,,Feature,,,,Category,,Subject,
660,,,,6801,1,0.9697863692777412,,,,,,,,,,Feature,,,Category,,Subject,
661,,,,6797,5,4.824504360436264,,,,,,,,,,Feature,,,Category,,Subject,
662,,,,6792,10,9.530215965267786,,,,,,,,,,Feature,,,Category,,Subject,
663,,,,6787,15,12.257515785479352,,,,,,,,,,Feature,,,Category,,Subject,
664,,,,6782,20,12.682740860314002,,,,,,,,,,Feature,,,Category,,Subject,
665,,,,6772,30,12.725366257893612,,,,,,,,,,Feature,,,Category,,Subject,
666,,,,6762,40,0.42670286901439164,,,,,,,,,,Feature,,,Category,,Subject,
667,,,,6752,50,0.018878182851403854,,,,,,,,,,Feature,,,Category,,Subject,
668,,,,6742,60,0.0,,,,,,,,,,Feature,,,Category,,Subject,
669,,,,6732,70,0.0,,,,,,,,,,Feature,,,Category,,Subject,
670,,,,6801,1,0.995015787603182,,,,,,,,,,,Feature,,Category,,Subject,
671,,,,6797,5,4.952125237567354,,,,,,,,,,,Feature,,Category,,Subject,
672,,,,6792,10,9.775734480628698,,,,,,,,,,,Feature,,Category,,Subject,
673,,,,6787,15,12.432817737743909,,,,,,,,,,,Feature,,Category,,Subject,
674,,,,6782,20,12.700425796106842,,,,,,,,,,,Feature,,Category,,Subject,
675,,,,6772,30,12.725366257893612,,,,,,,,,,,Feature,,Category,,Subject,
676,,,,6762,40,0.26998199960759495,,,,,,,,,,,Feature,,Category,,Subject,
677,,,,6752,50,0.020975600348543996,,,,,,,,,,,Feature,,Category,,Subject,
678,,,,6742,60,0.0,,,,,,,,,,,Feature,,Category,,Subject,
679,,,,6732,70,0.0,,,,,,,,,,,Feature,,Category,,Subject,
680,,,,6801,1,0.9945088917307139,,,,,,,,,,,,Feature,Category,,Subject,
681,,,,6797,5,4.945375899380497,,,,,,,,,,,,Feature,Category,,Subject,
682,,,,6792,10,9.755454356807133,,,,,,,,,,,,Feature,Category,,Subject,
683,,,,6787,15,12.423327752647806,,,,,,,,,,,,Feature,Category,,Subject,
684,,,,6782,20,12.698469435887883,,,,,,,,,,,,Feature,Category,,Subject,
685,,,,6772,30,12.725366257893612,,,,,,,,,,,,Feature,Category,,Subject,
686,,,,6762,40,0.3055213279804582,,,,,,,,,,,,Feature,Category,,Subject,
687,,,,6752,50,0.033559439629098006,,,,,,,,,,,,Feature,Category,,Subject,
688,,,,6742,60,0.0,,,,,,,,,,,,Feature,Category,,Subject,
689,,,,6732,70,0.0,,,,,,,,,,,,Feature,Category,,Subject,
690,,Category,Feature,6801,1,0.39431772376397034,,,,,,,,,,,,,,,,Subject
691,,Category,Feature,6797,5,1.96403014771037,,,,,,,,,,,,,,,,Subject
692,,Category,Feature,6792,10,3.8709740610903913,,,,,,,,,,,,,,,,Subject
693,,Category,Feature,6787,15,5.623008312371545,,,,,,,,,,,,,,,,Subject
694,,Category,Feature,6782,20,7.152794474367024,,,,,,,,,,,,,,,,Subject
695,,Category,Feature,6772,30,9.469084191608419,,,,,,,,,,,,,,,,Subject
696,,Category,Feature,6762,40,5.6407765282610445,,,,,,,,,,,,,,,,Subject
697,,Category,Feature,6752,50,3.0314916144113204,,,,,,,,,,,,,,,,Subject
698,,Category,Feature,6742,60,1.7496402931851014,,,,,,,,,,,,,,,,Subject
699,,Category,Feature,6732,70,1.3931293711175836,,,,,,,,,,,,,,,,Subject
700,,,,7939,1,0.12867421843184987,Category,Feature,,,,,,,,,,,,,,Subject
701,,,,7935,5,0.5763237286515588,Category,Feature,,,,,,,,,,,,,,Subject
702,,,,7930,10,1.0648846975759176,Category,Feature,,,,,,,,,,,,,,Subject
703,,,,7925,15,1.5162788266996796,Category,Feature,,,,,,,,,,,,,,Subject
704,,,,7920,20,1.9437598237021925,Category,Feature,,,,,,,,,,,,,,Subject
705,,,,7910,30,2.7517450889463944,Category,Feature,,,,,,,,,,,,,,Subject
706,,,,7900,40,2.8115456755008794,Category,Feature,,,,,,,,,,,,,,Subject
707,,,,7890,50,2.821164142983088,Category,Feature,,,,,,,,,,,,,,Subject
708,,,,7880,60,2.7420306565519184,Category,Feature,,,,,,,,,,,,,,Subject
709,,,,7870,70,2.6970422157694114,Category,Feature,,,,,,,,,,,,,,Subject
710,,,,6801,1,0.04315048635950708,Category,,Feature,,,,,,,,,,,,,Subject
711,,,,6797,5,0.20414454220052738,Category,,Feature,,,,,,,,,,,,,Subject
712,,,,6792,10,0.39795222568482197,Category,,Feature,,,,,,,,,,,,,Subject
713,,,,6787,15,0.5742578170659524,Category,,Feature,,,,,,,,,,,,,Subject
714,,,,6782,20,0.7361878644364268,Category,,Feature,,,,,,,,,,,,,Subject
715,,,,6772,30,0.988957991069168,Category,,Feature,,,,,,,,,,,,,Subject
716,,,,6762,40,0.9206713706025977,Category,,Feature,,,,,,,,,,,,,Subject
717,,,,6752,50,0.8273212785544157,Category,,Feature,,,,,,,,,,,,,Subject
718,,,,6742,60,0.7959446533265123,Category,,Feature,,,,,,,,,,,,,Subject
719,,,,6732,70,0.798395339018193,Category,,Feature,,,,,,,,,,,,,Subject
720,,,,6801,1,0.2621376400062179,Category,,,Feature,,,,,,,,,,,,Subject
721,,,,6797,5,1.1382450931159453,Category,,,Feature,,,,,,,,,,,,Subject
722,,,,6792,10,2.051110325131371,Category,,,Feature,,,,,,,,,,,,Subject
723,,,,6787,15,2.718350572242307,Category,,,Feature,,,,,,,,,,,,Subject
724,,,,6782,20,3.2099621954413218,Category,,,Feature,,,,,,,,,,,,Subject
725,,,,6772,30,4.028717290157846,Category,,,Feature,,,,,,,,,,,,Subject
726,,,,6762,40,2.9917988904857404,Category,,,Feature,,,,,,,,,,,,Subject
727,,,,6752,50,2.7577773049504914,Category,,,Feature,,,,,,,,,,,,Subject
728,,,,6742,60,2.6341491755320776,Category,,,Feature,,,,,,,,,,,,Subject
729,,,,6732,70,2.5951653383746582,Category,,,Feature,,,,,,,,,,,,Subject
730,,,,6801,1,0.22930553764553013,Category,,,,Feature,,,,,,,,,,,Subject
731,,,,6797,5,1.1391546360107676,Category,,,,Feature,,,,,,,,,,,Subject
732,,,,6792,10,2.255574808834133,Category,,,,Feature,,,,,,,,,,,Subject
733,,,,6787,15,3.3214221174835328,Category,,,,Feature,,,,,,,,,,,Subject
734,,,,6782,20,4.334374915604358,Category,,,,Feature,,,,,,,,,,,Subject
735,,,,6772,30,6.167224328088331,Category,,,,Feature,,,,,,,,,,,Subject
736,,,,6762,40,5.245151446343462,Category,,,,Feature,,,,,,,,,,,Subject
737,,,,6752,50,3.983116193485192,Category,,,,Feature,,,,,,,,,,,Subject
738,,,,6742,60,3.0065111238182123,Category,,,,Feature,,,,,,,,,,,Subject
739,,,,6732,70,2.7025145590966893,Category,,,,Feature,,,,,,,,,,,Subject
740,,,,6801,1,0.857390896742085,Category,,,,,Feature,,,,,,,,,,Subject
741,,,,6797,5,4.269844873723059,Category,,,,,Feature,,,,,,,,,,Subject
742,,,,6792,10,8.408815401869939,Category,,,,,Feature,,,,,,,,,,Subject
743,,,,6787,15,11.34672000777419,Category,,,,,Feature,,,,,,,,,,Subject
744,,,,6782,20,12.445430828447028,Category,,,,,Feature,,,,,,,,,,Subject
745,,,,6772,30,12.71562024489893,Category,,,,,Feature,,,,,,,,,,Subject
746,,,,6762,40,1.1410747518004798,Category,,,,,Feature,,,,,,,,,,Subject
747,,,,6752,50,0.14047586470006426,Category,,,,,Feature,,,,,,,,,,Subject
748,,,,6742,60,0.021003538256352462,Category,,,,,Feature,,,,,,,,,,Subject
749,,,,6732,70,0.010516175437714683,Category,,,,,Feature,,,,,,,,,,Subject
750,,,,6801,1,0.026473022569399013,Category,,,,,,Feature,,,,,,,,,Subject
751,,,,6797,5,0.12195860201288243,Category,,,,,,Feature,,,,,,,,,Subject
752,,,,6792,10,0.22491584740305848,Category,,,,,,Feature,,,,,,,,,Subject
753,,,,6787,15,0.325551419268242,Category,,,,,,Feature,,,,,,,,,Subject
754,,,,6782,20,0.4249661507465097,Category,,,,,,Feature,,,,,,,,,Subject
755,,,,6772,30,0.614548601423106,Category,,,,,,Feature,,,,,,,,,Subject
756,,,,6762,40,0.6929534409496665,Category,,,,,,Feature,,,,,,,,,Subject
757,,,,6752,50,0.7358146752240434,Category,,,,,,Feature,,,,,,,,,Subject
758,,,,6742,60,0.7657816700707916,Category,,,,,,Feature,,,,,,,,,Subject
759,,,,6732,70,0.7725905169065859,Category,,,,,,Feature,,,,,,,,,Subject
760,,,,6801,1,0.05203968347905126,Category,,,,,,,Feature,,,,,,,,Subject
761,,,,6797,5,0.24943903353598024,Category,,,,,,,Feature,,,,,,,,Subject
762,,,,6792,10,0.472787686768613,Category,,,,,,,Feature,,,,,,,,Subject
763,,,,6787,15,0.6712318756389044,Category,,,,,,,Feature,,,,,,,,Subject
764,,,,6782,20,0.8550200731381657,Category,,,,,,,Feature,,,,,,,,Subject
765,,,,6772,30,1.2061502862103977,Category,,,,,,,Feature,,,,,,,,Subject
766,,,,6762,40,1.2621455090717835,Category,,,,,,,Feature,,,,,,,,Subject
767,,,,6752,50,1.2582153243479937,Category,,,,,,,Feature,,,,,,,,Subject
768,,,,6742,60,1.212626391948924,Category,,,,,,,Feature,,,,,,,,Subject
769,,,,6732,70,1.197293349003814,Category,,,,,,,Feature,,,,,,,,Subject
770,,,,6801,1,0.0476425732173893,Category,,,,,,,,Feature,,,,,,,Subject
771,,,,6797,5,0.23514653642542782,Category,,,,,,,,Feature,,,,,,,Subject
772,,,,6792,10,0.4536152072757919,Category,,,,,,,,Feature,,,,,,,Subject
773,,,,6787,15,0.6593458407488496,Category,,,,,,,,Feature,,,,,,,Subject
774,,,,6782,20,0.8574982143436852,Category,,,,,,,,Feature,,,,,,,Subject
775,,,,6772,30,1.2439785015365716,Category,,,,,,,,Feature,,,,,,,Subject
776,,,,6762,40,1.3770479952661878,Category,,,,,,,,Feature,,,,,,,Subject
777,,,,6752,50,1.4400348601321846,Category,,,,,,,,Feature,,,,,,,Subject
778,,,,6742,60,1.4750294767272407,Category,,,,,,,,Feature,,,,,,,Subject
779,,,,6732,70,1.491284569062187,Category,,,,,,,,Feature,,,,,,,Subject
780,,,,30295,1,0.650622452065587,Category,,,,,,,,,Feature,,,,,,Subject
781,,,,30291,5,3.252374871638697,Category,,,,,,,,,Feature,,,,,,Subject
782,,,,30286,10,6.484734403833573,Category,,,,,,,,,Feature,,,,,,Subject
783,,,,30281,15,9.518497003664262,Category,,,,,,,,,Feature,,,,,,Subject
784,,,,30276,20,11.934761501788882,Category,,,,,,,,,Feature,,,,,,Subject
785,,,,30266,30,14.302628482558838,Category,,,,,,,,,Feature,,,,,,Subject
786,,,,30256,40,3.1301856186867827,Category,,,,,,,,,Feature,,,,,,Subject
787,,,,30246,50,0.559494733335368,Category,,,,,,,,,Feature,,,,,,Subject
788,,,,30236,60,0.1382793448597693,Category,,,,,,,,,Feature,,,,,,Subject
789,,,,30226,70,0.09104769691425141,Category,,,,,,,,,Feature,,,,,,Subject
790,,,,6801,1,0.026473022569399013,Category,,,,,,,,,,Feature,,,,,Subject
791,,,,6797,5,0.12855437086958274,Category,,,,,,,,,,Feature,,,,,Subject
792,,,,6792,10,0.24707780225415943,Category,,,,,,,,,,Feature,,,,,Subject
793,,,,6787,15,0.36129885987196647,Category,,,,,,,,,,Feature,,,,,Subject
794,,,,6782,20,0.47549041440251,Category,,,,,,,,,,Feature,,,,,Subject
795,,,,6772,30,0.7003829734084757,Category,,,,,,,,,,Feature,,,,,Subject
796,,,,6762,40,0.8186366613289987,Category,,,,,,,,,,Feature,,,,,Subject
797,,,,6752,50,0.88698929983565,Category,,,,,,,,,,Feature,,,,,Subject
798,,,,6742,60,0.9430627388503889,Category,,,,,,,,,,Feature,,,,,Subject
799,,,,6732,70,0.9663684500798362,Category,,,,,,,,,,Feature,,,,,Subject
800,,,,6801,1,0.33264109221405497,Category,,,,,,,,,,,Feature,,,,Subject
801,,,,6797,5,1.6573421182697852,Category,,,,,,,,,,,Feature,,,,Subject
802,,,,6792,10,3.2710395572519793,Category,,,,,,,,,,,Feature,,,,Subject
803,,,,6787,15,4.78708018037514,Category,,,,,,,,,,,Feature,,,,Subject
804,,,,6782,20,6.153067560315269,Category,,,,,,,,,,,Feature,,,,Subject
805,,,,6772,30,8.396854771673736,Category,,,,,,,,,,,Feature,,,,Subject
806,,,,6762,40,5.660759998419376,Category,,,,,,,,,,,Feature,,,,Subject
807,,,,6752,50,3.594081713691238,Category,,,,,,,,,,,Feature,,,,Subject
808,,,,6742,60,2.3881487939418684,Category,,,,,,,,,,,Feature,,,,Subject
809,,,,6732,70,2.072297903890933,Category,,,,,,,,,,,Feature,,,,Subject
810,,,,6801,1,0.3332196100636057,,Feature,,,,,,,,,,,Category,,,Subject
811,,,,6797,5,1.659557181108502,,Feature,,,,,,,,,,,Category,,,Subject
812,,,,6792,10,3.2711094543330357,,Feature,,,,,,,,,,,Category,,,Subject
813,,,,6787,15,4.776842742600292,,Feature,,,,,,,,,,,Category,,,Subject
814,,,,6782,20,6.123438861587651,,Feature,,,,,,,,,,,Category,,,Subject
815,,,,6772,30,8.317917785621582,,Feature,,,,,,,,,,,Category,,,Subject
816,,,,6762,40,5.603382354368267,,Feature,,,,,,,,,,,Category,,,Subject
817,,,,6752,50,3.5991296206755177,,Feature,,,,,,,,,,,Category,,,Subject
818,,,,6742,60,2.4257257176581892,,Feature,,,,,,,,,,,Category,,,Subject
819,,,,6732,70,2.1100788757243647,,Feature,,,,,,,,,,,Category,,,Subject
820,,,,6801,1,0.31859120627187487,,,Feature,,,,,,,,,,Category,,,Subject
821,,,,6797,5,1.5883463330501952,,,Feature,,,,,,,,,,Category,,,Subject
822,,,,6792,10,3.1520971743121056,,,Feature,,,,,,,,,,Category,,,Subject
823,,,,6787,15,4.633409155239285,,,Feature,,,,,,,,,,Category,,,Subject
824,,,,6782,20,6.001455478243905,,,Feature,,,,,,,,,,Category,,,Subject
825,,,,6772,30,8.263599193595944,,,Feature,,,,,,,,,,Category,,,Subject
826,,,,6762,40,5.7175232642861875,,,Feature,,,,,,,,,,Category,,,Subject
827,,,,6752,50,3.4763409063863926,,,Feature,,,,,,,,,,Category,,,Subject
828,,,,6742,60,2.033475913011017,,,Feature,,,,,,,,,,Category,,,Subject
829,,,,6732,70,1.68541409520435,,,Feature,,,,,,,,,,Category,,,Subject
830,,,,6801,1,0.37243597332969197,,,,Feature,,,,,,,,,Category,,,Subject
831,,,,6797,5,1.8524023084463193,,,,Feature,,,,,,,,,Category,,,Subject
832,,,,6792,10,3.6563756144366697,,,,Feature,,,,,,,,,Category,,,Subject
833,,,,6787,15,5.321383162314801,,,,Feature,,,,,,,,,Category,,,Subject
834,,,,6782,20,6.790905305943698,,,,Feature,,,,,,,,,Category,,,Subject
835,,,,6772,30,9.088098584399336,,,,Feature,,,,,,,,,Category,,,Subject
836,,,,6762,40,5.755389667805133,,,,Feature,,,,,,,,,Category,,,Subject
837,,,,6752,50,3.4362168349155793,,,,Feature,,,,,,,,,Category,,,Subject
838,,,,6742,60,2.058212724346439,,,,Feature,,,,,,,,,Category,,,Subject
839,,,,6732,70,1.6863361154885805,,,,Feature,,,,,,,,,Category,,,Subject
840,,,,6801,1,0.08848460162735396,,,,,Feature,,,,,,,,Category,,,Subject
841,,,,6797,5,0.4335372810812304,,,,,Feature,,,,,,,,Category,,,Subject
842,,,,6792,10,0.8186406926178899,,,,,Feature,,,,,,,,Category,,,Subject
843,,,,6787,15,1.1703213570775381,,,,,Feature,,,,,,,,Category,,,Subject
844,,,,6782,20,1.4822427985649096,,,,,Feature,,,,,,,,Category,,,Subject
845,,,,6772,30,2.050067114969457,,,,,Feature,,,,,,,,Category,,,Subject
846,,,,6762,40,2.0389802589212946,,,,,Feature,,,,,,,,Category,,,Subject
847,,,,6752,50,2.025102951032923,,,,,Feature,,,,,,,,Category,,,Subject
848,,,,6742,60,2.032243648273001,,,,,Feature,,,,,,,,Category,,,Subject
849,,,,6732,70,2.0372699568143564,,,,,Feature,,,,,,,,Category,,,Subject
850,,,,6801,1,0.9656116786770554,,,,,,Feature,,,,,,,Category,,,Subject
851,,,,6797,5,4.7990579627437535,,,,,,Feature,,,,,,,Category,,,Subject
852,,,,6792,10,9.482437921296366,,,,,,Feature,,,,,,,Category,,,Subject
853,,,,6787,15,12.258421183147556,,,,,,Feature,,,,,,,Category,,,Subject
854,,,,6782,20,12.689074481434957,,,,,,Feature,,,,,,,Category,,,Subject
855,,,,6772,30,12.725366257893612,,,,,,Feature,,,,,,,Category,,,Subject
856,,,,6762,40,0.47263970393978433,,,,,,Feature,,,,,,,Category,,,Subject
857,,,,6752,50,0.020975600348543996,,,,,,Feature,,,,,,,Category,,,Subject
858,,,,6742,60,0.0,,,,,,Feature,,,,,,,Category,,,Subject
859,,,,6732,70,0.0,,,,,,Feature,,,,,,,Category,,,Subject
860,,,,6801,1,0.9697863692777412,,,,,,,Feature,,,,,,Category,,,Subject
861,,,,6797,5,4.824504360436264,,,,,,,Feature,,,,,,Category,,,Subject
862,,,,6792,10,9.530215965267786,,,,,,,Feature,,,,,,Category,,,Subject
863,,,,6787,15,12.257515785479352,,,,,,,Feature,,,,,,Category,,,Subject
864,,,,6782,20,12.682740860314002,,,,,,,Feature,,,,,,Category,,,Subject
865,,,,6772,30,12.725366257893612,,,,,,,Feature,,,,,,Category,,,Subject
866,,,,6762,40,0.42670286901439164,,,,,,,Feature,,,,,,Category,,,Subject
867,,,,6752,50,0.018878182851403854,,,,,,,Feature,,,,,,Category,,,Subject
868,,,,6742,60,0.0,,,,,,,Feature,,,,,,Category,,,Subject
869,,,,6732,70,0.0,,,,,,,Feature,,,,,,Category,,,Subject
870,,,,6801,1,0.987861306775704,,,,,,,,Feature,,,,,Category,,,Subject
871,,,,6797,5,4.890342590280859,,,,,,,,Feature,,,,,Category,,,Subject
872,,,,6792,10,9.6239621473668,,,,,,,,Feature,,,,,Category,,,Subject
873,,,,6787,15,12.289178366873031,,,,,,,,Feature,,,,,Category,,,Subject
874,,,,6782,20,12.655251490084963,,,,,,,,Feature,,,,,Category,,,Subject
875,,,,6772,30,12.724664118569606,,,,,,,,Feature,,,,,Category,,,Subject
876,,,,6762,40,0.5289951298540652,,,,,,,,Feature,,,,,Category,,,Subject
877,,,,6752,50,0.09646148657076375,,,,,,,,Feature,,,,,Category,,,Subject
878,,,,6742,60,0.00840179643772535,,,,,,,,Feature,,,,,Category,,,Subject
879,,,,6732,70,0.0,,,,,,,,Feature,,,,,Category,,,Subject
880,,,,6801,1,0.04985236096936017,,,,,,,,,Feature,,,,Category,,,Subject
881,,,,6797,5,0.24175776057125004,,,,,,,,,Feature,,,,Category,,,Subject
882,,,,6792,10,0.46864399939769835,,,,,,,,,Feature,,,,Category,,,Subject
883,,,,6787,15,0.6803099750820397,,,,,,,,,Feature,,,,Category,,,Subject
884,,,,6782,20,0.8798902085260099,,,,,,,,,Feature,,,,Category,,,Subject
885,,,,6772,30,1.2527776609158774,,,,,,,,,Feature,,,,Category,,,Subject
886,,,,6762,40,1.3085276306159954,,,,,,,,,Feature,,,,Category,,,Subject
887,,,,6752,50,1.284734105076878,,,,,,,,,Feature,,,,Category,,,Subject
888,,,,6742,60,1.2710349121504012,,,,,,,,,Feature,,,,Category,,,Subject
889,,,,6732,70,1.2669632077329327,,,,,,,,,Feature,,,,Category,,,Subject
890,,,,6801,1,0.31323840623658217,,,,,,,,,,Feature,,,Category,,,Subject
891,,,,6797,5,1.561994841691668,,,,,,,,,,Feature,,,Category,,,Subject
892,,,,6792,10,3.10212190928438,,,,,,,,,,Feature,,,Category,,,Subject
893,,,,6787,15,4.571914001578481,,,,,,,,,,Feature,,,Category,,,Subject
894,,,,6782,20,5.926630367406732,,,,,,,,,,Feature,,,Category,,,Subject
895,,,,6772,30,8.150047558768787,,,,,,,,,,Feature,,,Category,,,Subject
896,,,,6762,40,5.689017702232407,,,,,,,,,,Feature,,,Category,,,Subject
897,,,,6752,50,3.538338389147816,,,,,,,,,,Feature,,,Category,,,Subject
898,,,,6742,60,2.102490906122977,,,,,,,,,,Feature,,,Category,,,Subject
899,,,,6732,70,1.7341815027158425,,,,,,,,,,Feature,,,Category,,,Subject
900,,,,6801,1,0.4891294801066167,,,,,,,,,,,Feature,,Category,,,Subject
901,,,,6797,5,2.442520512428853,,,,,,,,,,,Feature,,Category,,,Subject
902,,,,6792,10,4.83515614883856,,,,,,,,,,,Feature,,Category,,,Subject
903,,,,6787,15,7.024345959145366,,,,,,,,,,,Feature,,Category,,,Subject
904,,,,6782,20,8.834828147828912,,,,,,,,,,,Feature,,Category,,,Subject
905,,,,6772,30,11.11416496343402,,,,,,,,,,,Feature,,Category,,,Subject
906,,,,6762,40,4.8298829723159376,,,,,,,,,,,Feature,,Category,,,Subject
907,,,,6752,50,1.8880881578372883,,,,,,,,,,,Feature,,Category,,,Subject
908,,,,6742,60,0.7555135606163564,,,,,,,,,,,Feature,,Category,,,Subject
909,,,,6732,70,0.5055729619032667,,,,,,,,,,,Feature,,Category,,,Subject
910,,,,6801,1,0.9918775707820902,,,,,,,,,,,,Feature,Category,,,Subject
911,,,,6797,5,4.9299949789398605,,,,,,,,,,,,Feature,Category,,,Subject
912,,,,6792,10,9.72830181344835,,,,,,,,,,,,Feature,Category,,,Subject
913,,,,6787,15,12.413998505260082,,,,,,,,,,,,Feature,Category,,,Subject
914,,,,6782,20,12.702745957931304,,,,,,,,,,,,Feature,Category,,,Subject
915,,,,6772,30,12.725366257893612,,,,,,,,,,,,Feature,Category,,,Subject
916,,,,6762,40,0.29925035832521535,,,,,,,,,,,,Feature,Category,,,Subject
917,,,,6752,50,0.020975600348543996,,,,,,,,,,,,Feature,Category,,,Subject
918,,,,6742,60,0.0,,,,,,,,,,,,Feature,Category,,,Subject
919,,,,6732,70,0.0,,,,,,,,,,,,Feature,Category,,,Subject
