,index,Source,Target,n,k,apparent_te,apparent_te_p_value,apparent_te_p_value_analytical
0,0,"('Other', 'Unknown')","('Other', 'Unknown')",9623,7,0.0,1.0,1.0
1,1,"('Other', 'Unknown')","('Response', 'Anger')",9623,7,8.824841250167378e-05,0.1,1.0
2,2,"('Other', 'Unknown')","('Response', 'Anticipation')",9623,7,0.00011488876320186416,0.1,1.0
3,3,"('Other', 'Unknown')","('Response', 'Arousal')",9623,7,0.0010362520289511604,0.01,1.0
4,4,"('Other', 'Unknown')","('Response', 'Disgust')",9623,7,0.00011909323380966352,0.13,1.0
5,5,"('Other', 'Unknown')","('Response', 'Dominance')",9623,7,0.0012533989211047085,0.01,1.0
6,6,"('Other', 'Unknown')","('Response', 'Fear')",9623,7,7.92374728965162e-05,0.07,1.0
7,7,"('Other', 'Unknown')","('Response', 'Joy')",9623,7,0.0004183795905204365,0.02,1.0
8,8,"('Other', 'Unknown')","('Response', 'Sadness')",9623,7,0.00011555324253611242,0.08,1.0
9,9,"('Other', 'Unknown')","('Response', 'Surprise')",9623,7,5.235582232615141e-05,0.41,1.0
10,10,"('Other', 'Unknown')","('Response', 'Trust')",9623,7,0.000858694356417692,0.01,1.0
11,11,"('Other', 'Unknown')","('Response', 'Valence')",9623,7,0.0011722020054933085,0.02,1.0
12,12,"('Other', 'Unknown')","('Stimulus', 'Anger')",9623,7,0.003523686921405607,0.18,0.9999974096092114
13,13,"('Other', 'Unknown')","('Stimulus', 'Anticipation')",9623,7,0.004143072998642016,0.36,0.9997413290336201
14,14,"('Other', 'Unknown')","('Stimulus', 'Arousal')",9623,7,0.012153881958687928,0.04,3.4624122347004516e-08
15,15,"('Other', 'Unknown')","('Stimulus', 'Disgust')",9623,7,0.0014016704471470649,0.62,1.0
16,16,"('Other', 'Unknown')","('Stimulus', 'Dominance')",9623,7,0.004701441383874455,0.59,0.9951409878268828
17,17,"('Other', 'Unknown')","('Stimulus', 'Fear')",9623,7,0.003286604756789353,0.87,0.9999997255810342
18,18,"('Other', 'Unknown')","('Stimulus', 'Joy')",9623,7,0.004154857804868023,0.01,0.9997218665197795
19,19,"('Other', 'Unknown')","('Stimulus', 'Sadness')",9623,7,0.0030242286044176803,0.42,0.9999999844615081
20,20,"('Other', 'Unknown')","('Stimulus', 'Surprise')",9623,7,0.001766672436463496,0.73,1.0
21,21,"('Other', 'Unknown')","('Stimulus', 'Trust')",9623,7,0.005575559146562266,0.06,0.9088366346920468
22,22,"('Other', 'Unknown')","('Stimulus', 'Valence')",9623,7,0.0018745175950241816,0.67,1.0
23,23,"('Response', 'Anger')","('Other', 'Unknown')",9623,7,0.0003312378031147672,0.14,1.0
24,24,"('Response', 'Anger')","('Response', 'Anger')",9623,7,0.0,1.0,1.0
25,25,"('Response', 'Anger')","('Response', 'Anticipation')",9623,7,4.709302014270837e-05,0.01,1.0
26,26,"('Response', 'Anger')","('Response', 'Arousal')",9623,7,0.00041138900556057957,0.0,1.0
27,27,"('Response', 'Anger')","('Response', 'Disgust')",9623,7,7.073953643876012e-07,1.0,1.0
28,28,"('Response', 'Anger')","('Response', 'Dominance')",9623,7,0.0002804676701890523,0.07,1.0
29,29,"('Response', 'Anger')","('Response', 'Fear')",9623,7,0.00020345144538954756,0.03,1.0
30,30,"('Response', 'Anger')","('Response', 'Joy')",9623,7,3.456421269006984e-05,0.03,1.0
31,31,"('Response', 'Anger')","('Response', 'Sadness')",9623,7,4.181825289056391e-05,0.02,1.0
32,32,"('Response', 'Anger')","('Response', 'Surprise')",9623,7,0.0005859045893991991,0.0,1.0
33,33,"('Response', 'Anger')","('Response', 'Trust')",9623,7,5.520807481024794e-05,0.02,1.0
34,34,"('Response', 'Anger')","('Response', 'Valence')",9623,7,0.00033005966051706016,0.04,1.0
35,35,"('Response', 'Anger')","('Stimulus', 'Anger')",9623,7,0.0006724637968236742,0.25,1.0
36,36,"('Response', 'Anger')","('Stimulus', 'Anticipation')",9623,7,0.00042801715911087545,0.82,1.0
37,37,"('Response', 'Anger')","('Stimulus', 'Arousal')",9623,7,0.001313505030986891,0.65,1.0
38,38,"('Response', 'Anger')","('Stimulus', 'Disgust')",9623,7,0.00020251397155458912,0.44,1.0
39,39,"('Response', 'Anger')","('Stimulus', 'Dominance')",9623,7,0.0013519078685321256,0.08,1.0
40,40,"('Response', 'Anger')","('Stimulus', 'Fear')",9623,7,0.00037115498635183214,0.87,1.0
41,41,"('Response', 'Anger')","('Stimulus', 'Joy')",9623,7,0.00019291217896361208,0.94,1.0
42,42,"('Response', 'Anger')","('Stimulus', 'Sadness')",9623,7,0.0005800556402521673,0.47,1.0
43,43,"('Response', 'Anger')","('Stimulus', 'Surprise')",9623,7,0.0013021093358418303,0.01,1.0
44,44,"('Response', 'Anger')","('Stimulus', 'Trust')",9623,7,0.0007830238263564613,0.4,1.0
45,45,"('Response', 'Anger')","('Stimulus', 'Valence')",9623,7,0.0009189995652885598,0.02,1.0
46,46,"('Response', 'Anticipation')","('Other', 'Unknown')",9623,7,0.000710782800509939,0.01,1.0
47,47,"('Response', 'Anticipation')","('Response', 'Anger')",9623,7,2.0505696821640726e-06,1.0,1.0
48,48,"('Response', 'Anticipation')","('Response', 'Anticipation')",9623,7,0.0,1.0,1.0
49,49,"('Response', 'Anticipation')","('Response', 'Arousal')",9623,7,4.609355650362248e-05,0.12,1.0
50,50,"('Response', 'Anticipation')","('Response', 'Disgust')",9623,7,1.5567592803238291e-06,1.0,1.0
51,51,"('Response', 'Anticipation')","('Response', 'Dominance')",9623,7,0.00010283148749841214,0.11,1.0
52,52,"('Response', 'Anticipation')","('Response', 'Fear')",9623,7,1.3762511315891952e-05,0.07,1.0
53,53,"('Response', 'Anticipation')","('Response', 'Joy')",9623,7,0.00011026275951320803,0.02,1.0
54,54,"('Response', 'Anticipation')","('Response', 'Sadness')",9623,7,5.670685541652318e-05,0.01,1.0
55,55,"('Response', 'Anticipation')","('Response', 'Surprise')",9623,7,9.439851152836598e-07,1.0,1.0
56,56,"('Response', 'Anticipation')","('Response', 'Trust')",9623,7,0.0001444748738105205,0.06,1.0
57,57,"('Response', 'Anticipation')","('Response', 'Valence')",9623,7,0.0002987562098669094,0.02,1.0
58,58,"('Response', 'Anticipation')","('Stimulus', 'Anger')",9623,7,0.0006657434714517932,0.25,1.0
59,59,"('Response', 'Anticipation')","('Stimulus', 'Anticipation')",9623,7,0.0009215265123746413,0.22,1.0
60,60,"('Response', 'Anticipation')","('Stimulus', 'Arousal')",9623,7,0.00142844665257958,0.25,1.0
61,61,"('Response', 'Anticipation')","('Stimulus', 'Disgust')",9623,7,0.00016507840865683814,0.68,1.0
62,62,"('Response', 'Anticipation')","('Stimulus', 'Dominance')",9623,7,0.0012345720117805659,0.09,1.0
63,63,"('Response', 'Anticipation')","('Stimulus', 'Fear')",9623,7,0.0008298463531711183,0.29,1.0
64,64,"('Response', 'Anticipation')","('Stimulus', 'Joy')",9623,7,0.0002724266177737591,0.88,1.0
65,65,"('Response', 'Anticipation')","('Stimulus', 'Sadness')",9623,7,0.0006564820898543123,0.27,1.0
66,66,"('Response', 'Anticipation')","('Stimulus', 'Surprise')",9623,7,0.0002967094100055358,0.49,1.0
67,67,"('Response', 'Anticipation')","('Stimulus', 'Trust')",9623,7,0.0006430534180205236,0.72,1.0
68,68,"('Response', 'Anticipation')","('Stimulus', 'Valence')",9623,7,0.0008668622197496954,0.06,1.0
69,69,"('Response', 'Arousal')","('Other', 'Unknown')",9623,7,0.0005644047532567655,0.23,1.0
70,70,"('Response', 'Arousal')","('Response', 'Anger')",9623,7,1.1923426029563641e-05,1.0,1.0
71,71,"('Response', 'Arousal')","('Response', 'Anticipation')",9623,7,0.0013142554171089726,0.0,1.0
72,72,"('Response', 'Arousal')","('Response', 'Arousal')",9623,7,0.0,1.0,1.0
73,73,"('Response', 'Arousal')","('Response', 'Disgust')",9623,7,2.745862778786867e-05,0.12,1.0
74,74,"('Response', 'Arousal')","('Response', 'Dominance')",9623,7,0.0007499621962110248,0.01,1.0
75,75,"('Response', 'Arousal')","('Response', 'Fear')",9623,7,0.0007881977406887383,0.0,1.0
76,76,"('Response', 'Arousal')","('Response', 'Joy')",9623,7,0.0007241535427454963,0.0,1.0
77,77,"('Response', 'Arousal')","('Response', 'Sadness')",9623,7,0.00028209426307263945,0.0,1.0
78,78,"('Response', 'Arousal')","('Response', 'Surprise')",9623,7,0.0007826979218027908,0.0,1.0
79,79,"('Response', 'Arousal')","('Response', 'Trust')",9623,7,0.0005470164802310824,0.03,1.0
80,80,"('Response', 'Arousal')","('Response', 'Valence')",9623,7,0.00033236157870663327,0.17,1.0
81,81,"('Response', 'Arousal')","('Stimulus', 'Anger')",9623,7,0.0012456959104616117,0.75,1.0
82,82,"('Response', 'Arousal')","('Stimulus', 'Anticipation')",9623,7,0.0021943398012101057,0.41,0.9999999999999546
83,83,"('Response', 'Arousal')","('Stimulus', 'Arousal')",9623,7,0.0045703447866360224,0.97,0.9973392625202009
84,84,"('Response', 'Arousal')","('Stimulus', 'Disgust')",9623,7,0.00035793234523363133,0.95,1.0
85,85,"('Response', 'Arousal')","('Stimulus', 'Dominance')",9623,7,0.0027179380744830253,0.4,0.999999999705209
86,86,"('Response', 'Arousal')","('Stimulus', 'Fear')",9623,7,0.0014939401169675739,0.94,1.0
87,87,"('Response', 'Arousal')","('Stimulus', 'Joy')",9623,7,0.0008584361279907971,0.97,1.0
88,88,"('Response', 'Arousal')","('Stimulus', 'Sadness')",9623,7,0.0011038614918327193,0.81,1.0
89,89,"('Response', 'Arousal')","('Stimulus', 'Surprise')",9623,7,0.0013087609257577944,0.42,1.0
90,90,"('Response', 'Arousal')","('Stimulus', 'Trust')",9623,7,0.002452325035260887,0.55,0.999999999995062
91,91,"('Response', 'Arousal')","('Stimulus', 'Valence')",9623,7,0.0015929505239191876,0.18,1.0
92,92,"('Response', 'Disgust')","('Other', 'Unknown')",9623,7,0.0001150234856931846,0.36,1.0
93,93,"('Response', 'Disgust')","('Response', 'Anger')",9623,7,2.0495998061384177e-07,1.0,1.0
94,94,"('Response', 'Disgust')","('Response', 'Anticipation')",9623,7,3.0010045834443194e-05,0.04,1.0
95,95,"('Response', 'Disgust')","('Response', 'Arousal')",9623,7,5.282523670057289e-05,0.07,1.0
96,96,"('Response', 'Disgust')","('Response', 'Disgust')",9623,7,0.0,1.0,1.0
97,97,"('Response', 'Disgust')","('Response', 'Dominance')",9623,7,0.0006316279082587302,0.01,1.0
98,98,"('Response', 'Disgust')","('Response', 'Fear')",9623,7,0.00010999038301025607,0.02,1.0
99,99,"('Response', 'Disgust')","('Response', 'Joy')",9623,7,1.2033277603910201e-05,0.07,1.0
100,100,"('Response', 'Disgust')","('Response', 'Sadness')",9623,7,0.00015375384307952946,0.04,1.0
101,101,"('Response', 'Disgust')","('Response', 'Surprise')",9623,7,9.439851152836598e-07,1.0,1.0
102,102,"('Response', 'Disgust')","('Response', 'Trust')",9623,7,5.457241867653414e-05,0.03,1.0
103,103,"('Response', 'Disgust')","('Response', 'Valence')",9623,7,0.00013151935271590433,0.12,1.0
104,104,"('Response', 'Disgust')","('Stimulus', 'Anger')",9623,7,0.0005122913614845665,0.31,1.0
105,105,"('Response', 'Disgust')","('Stimulus', 'Anticipation')",9623,7,0.000152618849494616,0.99,1.0
106,106,"('Response', 'Disgust')","('Stimulus', 'Arousal')",9623,7,0.0010719842723358386,0.17,1.0
107,107,"('Response', 'Disgust')","('Stimulus', 'Disgust')",9623,7,0.0001520707195695647,0.35,1.0
108,108,"('Response', 'Disgust')","('Stimulus', 'Dominance')",9623,7,0.0009085207681266633,0.19,1.0
109,109,"('Response', 'Disgust')","('Stimulus', 'Fear')",9623,7,0.000203257987309188,0.96,1.0
110,110,"('Response', 'Disgust')","('Stimulus', 'Joy')",9623,7,0.00013238012475086828,0.95,1.0
111,111,"('Response', 'Disgust')","('Stimulus', 'Sadness')",9623,7,0.0002154428388488464,0.74,1.0
112,112,"('Response', 'Disgust')","('Stimulus', 'Surprise')",9623,7,0.0004904758558913829,0.35,1.0
113,113,"('Response', 'Disgust')","('Stimulus', 'Trust')",9623,7,0.0003325513786166425,0.87,1.0
114,114,"('Response', 'Disgust')","('Stimulus', 'Valence')",9623,7,0.00017309699122007265,0.67,1.0
115,115,"('Response', 'Dominance')","('Other', 'Unknown')",9623,7,0.001391885031384914,0.0,1.0
116,116,"('Response', 'Dominance')","('Response', 'Anger')",9623,7,0.0005769147608732037,0.0,1.0
117,117,"('Response', 'Dominance')","('Response', 'Anticipation')",9623,7,0.0007070251059236394,0.0,1.0
118,118,"('Response', 'Dominance')","('Response', 'Arousal')",9623,7,0.0013603329905856642,0.0,1.0
119,119,"('Response', 'Dominance')","('Response', 'Disgust')",9623,7,0.0007098249665736175,0.0,1.0
120,120,"('Response', 'Dominance')","('Response', 'Dominance')",9623,7,0.0,1.0,1.0
121,121,"('Response', 'Dominance')","('Response', 'Fear')",9623,7,0.0018487603986967627,0.0,1.0
122,122,"('Response', 'Dominance')","('Response', 'Joy')",9623,7,0.000600045172893235,0.0,1.0
123,123,"('Response', 'Dominance')","('Response', 'Sadness')",9623,7,0.0013126302820358777,0.0,1.0
124,124,"('Response', 'Dominance')","('Response', 'Surprise')",9623,7,0.0006831074788700065,0.0,1.0
125,125,"('Response', 'Dominance')","('Response', 'Trust')",9623,7,0.0006811499545100054,0.01,1.0
126,126,"('Response', 'Dominance')","('Response', 'Valence')",9623,7,0.0008166015578548522,0.01,1.0
127,127,"('Response', 'Dominance')","('Stimulus', 'Anger')",9623,7,0.0012130434531314636,0.95,1.0
128,128,"('Response', 'Dominance')","('Stimulus', 'Anticipation')",9623,7,0.0024377376276306763,0.67,0.9999999999961344
129,129,"('Response', 'Dominance')","('Stimulus', 'Arousal')",9623,7,0.00654546321414472,0.69,0.5363929011265328
130,130,"('Response', 'Dominance')","('Stimulus', 'Disgust')",9623,7,0.0004918589008783142,0.92,1.0
131,131,"('Response', 'Dominance')","('Stimulus', 'Dominance')",9623,7,0.0023550037880436295,0.95,0.9999999999990774
132,132,"('Response', 'Dominance')","('Stimulus', 'Fear')",9623,7,0.0016196674978905953,0.99,1.0
133,133,"('Response', 'Dominance')","('Stimulus', 'Joy')",9623,7,0.001287820128406645,0.85,1.0
134,134,"('Response', 'Dominance')","('Stimulus', 'Sadness')",9623,7,0.001324847668651102,0.85,1.0
135,135,"('Response', 'Dominance')","('Stimulus', 'Surprise')",9623,7,0.0011832660385053355,0.68,1.0
136,136,"('Response', 'Dominance')","('Stimulus', 'Trust')",9623,7,0.002914198063820097,0.51,0.9999999959386233
137,137,"('Response', 'Dominance')","('Stimulus', 'Valence')",9623,7,0.0011520199891430934,0.72,1.0
138,138,"('Response', 'Fear')","('Other', 'Unknown')",9623,7,0.0006293997573003248,0.0,1.0
139,139,"('Response', 'Fear')","('Response', 'Anger')",9623,7,0.000658693802681486,0.0,1.0
140,140,"('Response', 'Fear')","('Response', 'Anticipation')",9623,7,0.001249144421786685,0.0,1.0
141,141,"('Response', 'Fear')","('Response', 'Arousal')",9623,7,0.0015713625750823257,0.0,1.0
142,142,"('Response', 'Fear')","('Response', 'Disgust')",9623,7,0.0006239889443091721,0.0,1.0
143,143,"('Response', 'Fear')","('Response', 'Dominance')",9623,7,0.00018846456009830422,0.15,1.0
144,144,"('Response', 'Fear')","('Response', 'Fear')",9623,7,0.0,1.0,1.0
145,145,"('Response', 'Fear')","('Response', 'Joy')",9623,7,0.0011761551778046908,0.0,1.0
146,146,"('Response', 'Fear')","('Response', 'Sadness')",9623,7,0.000979618863954508,0.0,1.0
147,147,"('Response', 'Fear')","('Response', 'Surprise')",9623,7,0.0013411987357129136,0.0,1.0
148,148,"('Response', 'Fear')","('Response', 'Trust')",9623,7,0.0006950248637665456,0.01,1.0
149,149,"('Response', 'Fear')","('Response', 'Valence')",9623,7,0.0008605672427610478,0.0,1.0
150,150,"('Response', 'Fear')","('Stimulus', 'Anger')",9623,7,0.000557469270965122,0.47,1.0
151,151,"('Response', 'Fear')","('Stimulus', 'Anticipation')",9623,7,0.00046991363348897745,0.85,1.0
152,152,"('Response', 'Fear')","('Stimulus', 'Arousal')",9623,7,0.0014977210402759755,0.6,1.0
153,153,"('Response', 'Fear')","('Stimulus', 'Disgust')",9623,7,0.00012891322671464936,0.76,1.0
154,154,"('Response', 'Fear')","('Stimulus', 'Dominance')",9623,7,0.001528756864256765,0.01,1.0
155,155,"('Response', 'Fear')","('Stimulus', 'Fear')",9623,7,0.00027089127446153666,0.97,1.0
156,156,"('Response', 'Fear')","('Stimulus', 'Joy')",9623,7,0.00038789821726153696,0.73,1.0
157,157,"('Response', 'Fear')","('Stimulus', 'Sadness')",9623,7,0.00051995657860758,0.5,1.0
158,158,"('Response', 'Fear')","('Stimulus', 'Surprise')",9623,7,0.0010510359434579256,0.02,1.0
159,159,"('Response', 'Fear')","('Stimulus', 'Trust')",9623,7,0.0008718584131147997,0.36,1.0
160,160,"('Response', 'Fear')","('Stimulus', 'Valence')",9623,7,0.0009609688105907192,0.03,1.0
161,161,"('Response', 'Joy')","('Other', 'Unknown')",9623,7,0.00045851020398477295,0.04,1.0
162,162,"('Response', 'Joy')","('Response', 'Anger')",9623,7,2.871401583738524e-06,1.0,1.0
163,163,"('Response', 'Joy')","('Response', 'Anticipation')",9623,7,0.0001802641471298135,0.01,1.0
164,164,"('Response', 'Joy')","('Response', 'Arousal')",9623,7,0.0006138169922482179,0.0,1.0
165,165,"('Response', 'Joy')","('Response', 'Disgust')",9623,7,2.1232988559095887e-06,1.0,1.0
166,166,"('Response', 'Joy')","('Response', 'Dominance')",9623,7,6.933301083559407e-05,0.18,1.0
167,167,"('Response', 'Joy')","('Response', 'Fear')",9623,7,1.464727541169204e-05,0.06,1.0
168,168,"('Response', 'Joy')","('Response', 'Joy')",9623,7,0.0,1.0,1.0
169,169,"('Response', 'Joy')","('Response', 'Sadness')",9623,7,2.925205691830861e-05,0.04,1.0
170,170,"('Response', 'Joy')","('Response', 'Surprise')",9623,7,1.731093344092218e-06,1.0,1.0
171,171,"('Response', 'Joy')","('Response', 'Trust')",9623,7,0.0005894454229593598,0.0,1.0
172,172,"('Response', 'Joy')","('Response', 'Valence')",9623,7,0.00041957335443654697,0.06,1.0
173,173,"('Response', 'Joy')","('Stimulus', 'Anger')",9623,7,0.000432825121079992,0.68,1.0
174,174,"('Response', 'Joy')","('Stimulus', 'Anticipation')",9623,7,0.0005035819629497149,0.85,1.0
175,175,"('Response', 'Joy')","('Stimulus', 'Arousal')",9623,7,0.0017257692232213423,0.44,1.0
176,176,"('Response', 'Joy')","('Stimulus', 'Disgust')",9623,7,0.0002087535696674203,0.68,1.0
177,177,"('Response', 'Joy')","('Stimulus', 'Dominance')",9623,7,0.0017798978359929245,0.03,1.0
178,178,"('Response', 'Joy')","('Stimulus', 'Fear')",9623,7,0.00042690084506940944,0.94,1.0
179,179,"('Response', 'Joy')","('Stimulus', 'Joy')",9623,7,0.0007031365922823867,0.28,1.0
180,180,"('Response', 'Joy')","('Stimulus', 'Sadness')",9623,7,0.00045800681527583676,0.71,1.0
181,181,"('Response', 'Joy')","('Stimulus', 'Surprise')",9623,7,0.0005607632902025567,0.39,1.0
182,182,"('Response', 'Joy')","('Stimulus', 'Trust')",9623,7,0.000873911002493131,0.55,1.0
183,183,"('Response', 'Joy')","('Stimulus', 'Valence')",9623,7,0.0006328563130781,0.26,1.0
184,184,"('Response', 'Sadness')","('Other', 'Unknown')",9623,7,0.00027811741944138324,0.14,1.0
185,185,"('Response', 'Sadness')","('Response', 'Anger')",9623,7,1.3132012323974885e-05,0.09,1.0
186,186,"('Response', 'Sadness')","('Response', 'Anticipation')",9623,7,0.001249144421786685,0.0,1.0
187,187,"('Response', 'Sadness')","('Response', 'Arousal')",9623,7,0.00033343469998680004,0.02,1.0
188,188,"('Response', 'Sadness')","('Response', 'Disgust')",9623,7,8.489189197903165e-07,1.0,1.0
189,189,"('Response', 'Sadness')","('Response', 'Dominance')",9623,7,0.00029103728640515313,0.04,1.0
190,190,"('Response', 'Sadness')","('Response', 'Fear')",9623,7,0.00020367241534738996,0.02,1.0
191,191,"('Response', 'Sadness')","('Response', 'Joy')",9623,7,0.00044689066130428225,0.02,1.0
192,192,"('Response', 'Sadness')","('Response', 'Sadness')",9623,7,0.0,1.0,1.0
193,193,"('Response', 'Sadness')","('Response', 'Surprise')",9623,7,0.0013765803265122223,0.0,1.0
194,194,"('Response', 'Sadness')","('Response', 'Trust')",9623,7,0.00021015036074982968,0.04,1.0
195,195,"('Response', 'Sadness')","('Response', 'Valence')",9623,7,0.00013331041586164735,0.2,1.0
196,196,"('Response', 'Sadness')","('Stimulus', 'Anger')",9623,7,0.0006736229046211408,0.23,1.0
197,197,"('Response', 'Sadness')","('Stimulus', 'Anticipation')",9623,7,0.0004096823785785814,0.9,1.0
198,198,"('Response', 'Sadness')","('Stimulus', 'Arousal')",9623,7,0.001387662422664616,0.65,1.0
199,199,"('Response', 'Sadness')","('Stimulus', 'Disgust')",9623,7,0.0001872424484909559,0.46,1.0
200,200,"('Response', 'Sadness')","('Stimulus', 'Dominance')",9623,7,0.0013006646199574512,0.14,1.0
201,201,"('Response', 'Sadness')","('Stimulus', 'Fear')",9623,7,0.00035561577600532704,0.88,1.0
202,202,"('Response', 'Sadness')","('Stimulus', 'Joy')",9623,7,0.00019793822182910322,0.93,1.0
203,203,"('Response', 'Sadness')","('Stimulus', 'Sadness')",9623,7,0.000486682387396449,0.46,1.0
204,204,"('Response', 'Sadness')","('Stimulus', 'Surprise')",9623,7,0.0010792092960208745,0.02,1.0
205,205,"('Response', 'Sadness')","('Stimulus', 'Trust')",9623,7,0.0005427316411152724,0.81,1.0
206,206,"('Response', 'Sadness')","('Stimulus', 'Valence')",9623,7,0.0002593777164381288,0.67,1.0
207,207,"('Response', 'Surprise')","('Other', 'Unknown')",9623,7,0.0002927752521786821,0.06,1.0
208,208,"('Response', 'Surprise')","('Response', 'Anger')",9623,7,1.3747150840439962e-05,0.02,1.0
209,209,"('Response', 'Surprise')","('Response', 'Anticipation')",9623,7,0.00011157872332171198,0.02,1.0
210,210,"('Response', 'Surprise')","('Response', 'Arousal')",9623,7,0.0003234501865228382,0.1,1.0
211,211,"('Response', 'Surprise')","('Response', 'Disgust')",9623,7,9.904573099285505e-07,1.0,1.0
212,212,"('Response', 'Surprise')","('Response', 'Dominance')",9623,7,8.507534585116674e-05,0.09,1.0
213,213,"('Response', 'Surprise')","('Response', 'Fear')",9623,7,3.883214981716578e-05,0.03,1.0
214,214,"('Response', 'Surprise')","('Response', 'Joy')",9623,7,5.972705750198961e-05,0.04,1.0
215,215,"('Response', 'Surprise')","('Response', 'Sadness')",9623,7,7.238584798168427e-05,0.03,1.0
216,216,"('Response', 'Surprise')","('Response', 'Surprise')",9623,7,0.0,1.0,1.0
217,217,"('Response', 'Surprise')","('Response', 'Trust')",9623,7,9.964733323713818e-05,0.01,1.0
218,218,"('Response', 'Surprise')","('Response', 'Valence')",9623,7,0.0003285961117457375,0.07,1.0
219,219,"('Response', 'Surprise')","('Stimulus', 'Anger')",9623,7,0.000493767471165002,0.45,1.0
220,220,"('Response', 'Surprise')","('Stimulus', 'Anticipation')",9623,7,0.0005170571052307114,0.56,1.0
221,221,"('Response', 'Surprise')","('Stimulus', 'Arousal')",9623,7,0.0010998100309308027,0.37,1.0
222,222,"('Response', 'Surprise')","('Stimulus', 'Disgust')",9623,7,0.00013016372658737984,0.67,1.0
223,223,"('Response', 'Surprise')","('Stimulus', 'Dominance')",9623,7,0.0009846790522981697,0.12,1.0
224,224,"('Response', 'Surprise')","('Stimulus', 'Fear')",9623,7,0.0005445681145015641,0.5,1.0
225,225,"('Response', 'Surprise')","('Stimulus', 'Joy')",9623,7,0.00033556793414269163,0.6,1.0
226,226,"('Response', 'Surprise')","('Stimulus', 'Sadness')",9623,7,0.00039598343177669576,0.57,1.0
227,227,"('Response', 'Surprise')","('Stimulus', 'Surprise')",9623,7,0.000731867371960445,0.08,1.0
228,228,"('Response', 'Surprise')","('Stimulus', 'Trust')",9623,7,0.00021769273792763983,1.0,1.0
229,229,"('Response', 'Surprise')","('Stimulus', 'Valence')",9623,7,0.00017167025591876327,0.85,1.0
230,230,"('Response', 'Trust')","('Other', 'Unknown')",9623,7,0.0004982998060143252,0.06,1.0
231,231,"('Response', 'Trust')","('Response', 'Anger')",9623,7,0.00037628667027577367,0.0,1.0
232,232,"('Response', 'Trust')","('Response', 'Anticipation')",9623,7,0.0001138497654723071,0.05,1.0
233,233,"('Response', 'Trust')","('Response', 'Arousal')",9623,7,0.00136277714858977,0.0,1.0
234,234,"('Response', 'Trust')","('Response', 'Disgust')",9623,7,0.000433173583607507,0.0,1.0
235,235,"('Response', 'Trust')","('Response', 'Dominance')",9623,7,0.00010001522499175515,0.24,1.0
236,236,"('Response', 'Trust')","('Response', 'Fear')",9623,7,0.0009754320341568956,0.0,1.0
237,237,"('Response', 'Trust')","('Response', 'Joy')",9623,7,0.0004953435699133373,0.04,1.0
238,238,"('Response', 'Trust')","('Response', 'Sadness')",9623,7,0.0010008370050641532,0.0,1.0
239,239,"('Response', 'Trust')","('Response', 'Surprise')",9623,7,0.0004367919503053837,0.0,1.0
240,240,"('Response', 'Trust')","('Response', 'Trust')",9623,7,0.0,1.0,1.0
241,241,"('Response', 'Trust')","('Response', 'Valence')",9623,7,0.0002844108129350545,0.09,1.0
242,242,"('Response', 'Trust')","('Stimulus', 'Anger')",9623,7,0.0007868154221419336,0.59,1.0
243,243,"('Response', 'Trust')","('Stimulus', 'Anticipation')",9623,7,0.001091179403388088,0.6,1.0
244,244,"('Response', 'Trust')","('Stimulus', 'Arousal')",9623,7,0.0025215989520977473,0.5,0.9999999999846754
245,245,"('Response', 'Trust')","('Stimulus', 'Disgust')",9623,7,0.0003969504098286864,0.52,1.0
246,246,"('Response', 'Trust')","('Stimulus', 'Dominance')",9623,7,0.001543645736053724,0.27,1.0
247,247,"('Response', 'Trust')","('Stimulus', 'Fear')",9623,7,0.000688825845773397,0.93,1.0
248,248,"('Response', 'Trust')","('Stimulus', 'Joy')",9623,7,0.000670523857541353,0.73,1.0
249,249,"('Response', 'Trust')","('Stimulus', 'Sadness')",9623,7,0.0005997443947511202,0.78,1.0
250,250,"('Response', 'Trust')","('Stimulus', 'Surprise')",9623,7,0.0004863609070872092,0.68,1.0
251,251,"('Response', 'Trust')","('Stimulus', 'Trust')",9623,7,0.0017163452519152805,0.18,1.0
252,252,"('Response', 'Trust')","('Stimulus', 'Valence')",9623,7,0.000982921266073075,0.21,1.0
253,253,"('Response', 'Valence')","('Other', 'Unknown')",9623,7,0.0015584502565058136,0.02,1.0
254,254,"('Response', 'Valence')","('Response', 'Anger')",9623,7,0.000545803732977229,0.01,1.0
255,255,"('Response', 'Valence')","('Response', 'Anticipation')",9623,7,0.0006211796454554469,0.02,1.0
256,256,"('Response', 'Valence')","('Response', 'Arousal')",9623,7,0.001878165808580014,0.0,1.0
257,257,"('Response', 'Valence')","('Response', 'Disgust')",9623,7,0.0006630011702989103,0.0,1.0
258,258,"('Response', 'Valence')","('Response', 'Dominance')",9623,7,0.001055179078187334,0.01,1.0
259,259,"('Response', 'Valence')","('Response', 'Fear')",9623,7,0.0020331496106669733,0.0,0.9999999999999984
260,260,"('Response', 'Valence')","('Response', 'Joy')",9623,7,0.0005149736669880155,0.04,1.0
261,261,"('Response', 'Valence')","('Response', 'Sadness')",9623,7,0.0010515792126823587,0.0,1.0
262,262,"('Response', 'Valence')","('Response', 'Surprise')",9623,7,0.0011435007787985849,0.0,1.0
263,263,"('Response', 'Valence')","('Response', 'Trust')",9623,7,0.0010082040359443596,0.0,1.0
264,264,"('Response', 'Valence')","('Response', 'Valence')",9623,7,0.0,1.0,1.0
265,265,"('Response', 'Valence')","('Stimulus', 'Anger')",9623,7,0.0021020160102377615,0.47,0.9999999999999931
266,266,"('Response', 'Valence')","('Stimulus', 'Anticipation')",9623,7,0.0030693886197852216,0.28,0.9999999737054327
267,267,"('Response', 'Valence')","('Stimulus', 'Arousal')",9623,7,0.007663060125092647,0.49,0.11585606383615987
268,268,"('Response', 'Valence')","('Stimulus', 'Disgust')",9623,7,0.0006009867976586475,0.92,1.0
269,269,"('Response', 'Valence')","('Stimulus', 'Dominance')",9623,7,0.0035716721545668586,0.52,0.9999960642819086
270,270,"('Response', 'Valence')","('Stimulus', 'Fear')",9623,7,0.0017628430634955734,0.99,1.0
271,271,"('Response', 'Valence')","('Stimulus', 'Joy')",9623,7,0.001547712402496137,0.84,1.0
272,272,"('Response', 'Valence')","('Stimulus', 'Sadness')",9623,7,0.0012764532455136633,0.97,1.0
273,273,"('Response', 'Valence')","('Stimulus', 'Surprise')",9623,7,0.0016986713676047144,0.37,1.0
274,274,"('Response', 'Valence')","('Stimulus', 'Trust')",9623,7,0.0029776199826151042,0.69,0.999999991104354
275,275,"('Response', 'Valence')","('Stimulus', 'Valence')",9623,7,0.0013727223458104207,0.64,1.0
276,276,"('Stimulus', 'Anger')","('Other', 'Unknown')",9623,7,0.003464591765491232,0.04,0.999998477164716
277,277,"('Stimulus', 'Anger')","('Response', 'Anger')",9623,7,8.8341430891368e-05,0.48,1.0
278,278,"('Stimulus', 'Anger')","('Response', 'Anticipation')",9623,7,8.62479934984604e-05,0.64,1.0
279,279,"('Stimulus', 'Anger')","('Response', 'Arousal')",9623,7,0.0008021508233366239,0.66,1.0
280,280,"('Stimulus', 'Anger')","('Response', 'Disgust')",9623,7,5.442876880316909e-05,0.59,1.0
281,281,"('Stimulus', 'Anger')","('Response', 'Dominance')",9623,7,0.001001094918628114,0.62,1.0
282,282,"('Stimulus', 'Anger')","('Response', 'Fear')",9623,7,0.0002033063279755885,0.33,1.0
283,283,"('Stimulus', 'Anger')","('Response', 'Joy')",9623,7,2.2486604929068397e-05,0.96,1.0
284,284,"('Stimulus', 'Anger')","('Response', 'Sadness')",9623,7,0.00014841343066833386,0.42,1.0
285,285,"('Stimulus', 'Anger')","('Response', 'Surprise')",9623,7,0.000148634626664978,0.38,1.0
286,286,"('Stimulus', 'Anger')","('Response', 'Trust')",9623,7,0.0002713068605223033,0.54,1.0
287,287,"('Stimulus', 'Anger')","('Response', 'Valence')",9623,7,0.0015061752879321976,0.36,1.0
288,288,"('Stimulus', 'Anger')","('Stimulus', 'Anger')",9623,7,0.0,1.0,1.0
289,289,"('Stimulus', 'Anger')","('Stimulus', 'Anticipation')",9623,7,0.00653085260436963,0.72,0.5434441320096114
290,290,"('Stimulus', 'Anger')","('Stimulus', 'Arousal')",9623,7,0.009151992982818808,0.83,0.0031531522345017438
291,291,"('Stimulus', 'Anger')","('Stimulus', 'Disgust')",9623,7,0.0018767035877079233,0.92,1.0
292,292,"('Stimulus', 'Anger')","('Stimulus', 'Dominance')",9623,7,0.007047168237235962,0.96,0.3073938686838473
293,293,"('Stimulus', 'Anger')","('Stimulus', 'Fear')",9623,7,0.006983820784152855,0.59,0.33368492243133174
294,294,"('Stimulus', 'Anger')","('Stimulus', 'Joy')",9623,7,0.004601512082170475,0.7,0.9969159819499368
295,295,"('Stimulus', 'Anger')","('Stimulus', 'Sadness')",9623,7,0.005252167301448252,0.44,0.9624727389062803
296,296,"('Stimulus', 'Anger')","('Stimulus', 'Surprise')",9623,7,0.0052399278889592865,0.05,0.9638633050232266
297,297,"('Stimulus', 'Anger')","('Stimulus', 'Trust')",9623,7,0.006616531093423987,0.85,0.5021220090276708
298,298,"('Stimulus', 'Anger')","('Stimulus', 'Valence')",9623,7,0.00465285112084268,0.25,0.996090900694628
299,299,"('Stimulus', 'Anticipation')","('Other', 'Unknown')",9623,7,0.0028573820138069203,0.48,0.9999999980386454
300,300,"('Stimulus', 'Anticipation')","('Response', 'Anger')",9623,7,9.2981038755332e-05,0.55,1.0
301,301,"('Stimulus', 'Anticipation')","('Response', 'Anticipation')",9623,7,1.408005919347015e-05,1.0,1.0
302,302,"('Stimulus', 'Anticipation')","('Response', 'Arousal')",9623,7,0.0009010301135572755,0.66,1.0
303,303,"('Stimulus', 'Anticipation')","('Response', 'Disgust')",9623,7,0.0002622198252330507,0.27,1.0
304,304,"('Stimulus', 'Anticipation')","('Response', 'Dominance')",9623,7,0.001549544013821659,0.4,1.0
305,305,"('Stimulus', 'Anticipation')","('Response', 'Fear')",9623,7,0.00010993659566183123,0.59,1.0
306,306,"('Stimulus', 'Anticipation')","('Response', 'Joy')",9623,7,0.00011323849792325012,0.62,1.0
307,307,"('Stimulus', 'Anticipation')","('Response', 'Sadness')",9623,7,0.0004203315813586109,0.15,1.0
308,308,"('Stimulus', 'Anticipation')","('Response', 'Surprise')",9623,7,0.0003065945314860061,0.2,1.0
309,309,"('Stimulus', 'Anticipation')","('Response', 'Trust')",9623,7,0.000438227438869953,0.39,1.0
310,310,"('Stimulus', 'Anticipation')","('Response', 'Valence')",9623,7,0.0020544717902865354,0.08,0.9999999999999976
311,311,"('Stimulus', 'Anticipation')","('Stimulus', 'Anger')",9623,7,0.006955615278251513,0.26,0.3457219424712318
312,312,"('Stimulus', 'Anticipation')","('Stimulus', 'Anticipation')",9623,7,0.0,1.0,1.0
313,313,"('Stimulus', 'Anticipation')","('Stimulus', 'Arousal')",9623,7,0.009464227325926408,0.74,0.0012133596678328695
314,314,"('Stimulus', 'Anticipation')","('Stimulus', 'Disgust')",9623,7,0.0035653594151418668,0.12,0.9999962725583834
315,315,"('Stimulus', 'Anticipation')","('Stimulus', 'Dominance')",9623,7,0.006965196085613835,0.97,0.34161131473576245
316,316,"('Stimulus', 'Anticipation')","('Stimulus', 'Fear')",9623,7,0.00615511301327738,0.9,0.7174831233524663
317,317,"('Stimulus', 'Anticipation')","('Stimulus', 'Joy')",9623,7,0.00536918809911494,0.38,0.9470027322857358
318,318,"('Stimulus', 'Anticipation')","('Stimulus', 'Sadness')",9623,7,0.0069113656044824875,0.05,0.3649873512196462
319,319,"('Stimulus', 'Anticipation')","('Stimulus', 'Surprise')",9623,7,0.005266871531707999,0.17,0.9607477434184823
320,320,"('Stimulus', 'Anticipation')","('Stimulus', 'Trust')",9623,7,0.0082902025758777,0.33,0.031120013204132047
321,321,"('Stimulus', 'Anticipation')","('Stimulus', 'Valence')",9623,7,0.003924617710816466,0.82,0.9999386691342943
322,322,"('Stimulus', 'Arousal')","('Other', 'Unknown')",9623,7,0.0026094143206365603,0.97,0.9999999999398842
323,323,"('Stimulus', 'Arousal')","('Response', 'Anger')",9623,7,0.0003852114262547677,0.06,1.0
324,324,"('Stimulus', 'Arousal')","('Response', 'Anticipation')",9623,7,0.0004954451258279211,0.03,1.0
325,325,"('Stimulus', 'Arousal')","('Response', 'Arousal')",9623,7,0.0015811097756749284,0.4,1.0
326,326,"('Stimulus', 'Arousal')","('Response', 'Disgust')",9623,7,0.0004472760469220614,0.07,1.0
327,327,"('Stimulus', 'Arousal')","('Response', 'Dominance')",9623,7,0.0020937417665962362,0.32,0.9999999999999942
328,328,"('Stimulus', 'Arousal')","('Response', 'Fear')",9623,7,0.0009028374372093235,0.0,1.0
329,329,"('Stimulus', 'Arousal')","('Response', 'Joy')",9623,7,0.00012381190119500088,0.96,1.0
330,330,"('Stimulus', 'Arousal')","('Response', 'Sadness')",9623,7,0.0006066401309283297,0.02,1.0
331,331,"('Stimulus', 'Arousal')","('Response', 'Surprise')",9623,7,0.00013042497826152,0.56,1.0
332,332,"('Stimulus', 'Arousal')","('Response', 'Trust')",9623,7,0.0004401270945298836,0.75,1.0
333,333,"('Stimulus', 'Arousal')","('Response', 'Valence')",9623,7,0.0015480629155632394,0.82,1.0
334,334,"('Stimulus', 'Arousal')","('Stimulus', 'Anger')",9623,7,0.0063430132049483445,0.76,0.6330335097174606
335,335,"('Stimulus', 'Arousal')","('Stimulus', 'Anticipation')",9623,7,0.01127227712205089,0.01,1.5819530374550084e-06
336,336,"('Stimulus', 'Arousal')","('Stimulus', 'Arousal')",9623,7,0.0,1.0,1.0
337,337,"('Stimulus', 'Arousal')","('Stimulus', 'Disgust')",9623,7,0.0021817542730132836,0.96,0.9999999999999647
338,338,"('Stimulus', 'Arousal')","('Stimulus', 'Dominance')",9623,7,0.008820400559859687,0.74,0.008098394730644998
339,339,"('Stimulus', 'Arousal')","('Stimulus', 'Fear')",9623,7,0.0055846075785088755,1.0,0.9068139081041081
340,340,"('Stimulus', 'Arousal')","('Stimulus', 'Joy')",9623,7,0.006036460832063747,0.39,0.7662564475165954
341,341,"('Stimulus', 'Arousal')","('Stimulus', 'Sadness')",9623,7,0.0065027853307725635,0.35,0.5569789496963149
342,342,"('Stimulus', 'Arousal')","('Stimulus', 'Surprise')",9623,7,0.004633500314604819,0.61,0.9964219007202295
343,343,"('Stimulus', 'Arousal')","('Stimulus', 'Trust')",9623,7,0.008433505564372192,0.54,0.02207461853378856
344,344,"('Stimulus', 'Arousal')","('Stimulus', 'Valence')",9623,7,0.0053264964073379785,0.41,0.9531199701717151
345,345,"('Stimulus', 'Disgust')","('Other', 'Unknown')",9623,7,0.0023053325297360773,0.21,0.9999999999996241
346,346,"('Stimulus', 'Disgust')","('Response', 'Anger')",9623,7,1.2523586678660446e-05,0.76,1.0
347,347,"('Stimulus', 'Disgust')","('Response', 'Anticipation')",9623,7,0.00015806372883075682,0.42,1.0
348,348,"('Stimulus', 'Disgust')","('Response', 'Arousal')",9623,7,0.000400997856379002,0.89,1.0
349,349,"('Stimulus', 'Disgust')","('Response', 'Disgust')",9623,7,1.0415782546972791e-05,0.77,1.0
350,350,"('Stimulus', 'Disgust')","('Response', 'Dominance')",9623,7,0.00046504190108575226,0.91,1.0
351,351,"('Stimulus', 'Disgust')","('Response', 'Fear')",9623,7,0.00011008637349451757,0.46,1.0
352,352,"('Stimulus', 'Disgust')","('Response', 'Joy')",9623,7,0.00019235257599839936,0.47,1.0
353,353,"('Stimulus', 'Disgust')","('Response', 'Sadness')",9623,7,0.00013700378259287566,0.5,1.0
354,354,"('Stimulus', 'Disgust')","('Response', 'Surprise')",9623,7,5.293418039486843e-06,0.96,1.0
355,355,"('Stimulus', 'Disgust')","('Response', 'Trust')",9623,7,6.372593228314996e-05,0.94,1.0
356,356,"('Stimulus', 'Disgust')","('Response', 'Valence')",9623,7,0.0007763106632238952,0.74,1.0
357,357,"('Stimulus', 'Disgust')","('Stimulus', 'Anger')",9623,7,0.0053145285609404605,0.31,0.9547347171757822
358,358,"('Stimulus', 'Disgust')","('Stimulus', 'Anticipation')",9623,7,0.007309819340577229,0.1,0.21088045690998736
359,359,"('Stimulus', 'Disgust')","('Stimulus', 'Arousal')",9623,7,0.009673246737771292,0.88,0.0006185190104374128
360,360,"('Stimulus', 'Disgust')","('Stimulus', 'Disgust')",9623,7,0.0,1.0,1.0
361,361,"('Stimulus', 'Disgust')","('Stimulus', 'Dominance')",9623,7,0.006457721426498824,0.83,0.5786460368677668
362,362,"('Stimulus', 'Disgust')","('Stimulus', 'Fear')",9623,7,0.0066278913264760445,0.38,0.4966585829800044
363,363,"('Stimulus', 'Disgust')","('Stimulus', 'Joy')",9623,7,0.004584765703121631,0.37,0.9971501606941898
364,364,"('Stimulus', 'Disgust')","('Stimulus', 'Sadness')",9623,7,0.005040873280977457,0.21,0.9813311366235461
365,365,"('Stimulus', 'Disgust')","('Stimulus', 'Surprise')",9623,7,0.004056622409313818,0.14,0.9998504255454592
366,366,"('Stimulus', 'Disgust')","('Stimulus', 'Trust')",9623,7,0.0065656059691143916,0.49,0.5266707377833464
367,367,"('Stimulus', 'Disgust')","('Stimulus', 'Valence')",9623,7,0.004269912594609196,0.1,0.9994496772750023
368,368,"('Stimulus', 'Dominance')","('Other', 'Unknown')",9623,7,0.002889400277875982,0.55,0.9999999970350613
369,369,"('Stimulus', 'Dominance')","('Response', 'Anger')",9623,7,0.0001436154557007555,0.43,1.0
370,370,"('Stimulus', 'Dominance')","('Response', 'Anticipation')",9623,7,0.00020211716057435847,0.47,1.0
371,371,"('Stimulus', 'Dominance')","('Response', 'Arousal')",9623,7,0.0013198693292838768,0.45,1.0
372,372,"('Stimulus', 'Dominance')","('Response', 'Disgust')",9623,7,0.00018016876499747246,0.4,1.0
373,373,"('Stimulus', 'Dominance')","('Response', 'Dominance')",9623,7,0.0014923533633544289,0.47,1.0
374,374,"('Stimulus', 'Dominance')","('Response', 'Fear')",9623,7,0.0002856336132319017,0.16,1.0
375,375,"('Stimulus', 'Dominance')","('Response', 'Joy')",9623,7,0.00017747144576027928,0.56,1.0
376,376,"('Stimulus', 'Dominance')","('Response', 'Sadness')",9623,7,0.00037274236290989047,0.16,1.0
377,377,"('Stimulus', 'Dominance')","('Response', 'Surprise')",9623,7,0.000183994445197787,0.26,1.0
378,378,"('Stimulus', 'Dominance')","('Response', 'Trust')",9623,7,0.0005424305375821605,0.42,1.0
379,379,"('Stimulus', 'Dominance')","('Response', 'Valence')",9623,7,0.002267656368496514,0.09,0.9999999999998134
380,380,"('Stimulus', 'Dominance')","('Stimulus', 'Anger')",9623,7,0.005870469724281485,0.63,0.8267701939917851
381,381,"('Stimulus', 'Dominance')","('Stimulus', 'Anticipation')",9623,7,0.006990321700681639,0.7,0.33093867000482624
382,382,"('Stimulus', 'Dominance')","('Stimulus', 'Arousal')",9623,7,0.009360168683130861,0.63,0.0016797637742146376
383,383,"('Stimulus', 'Dominance')","('Stimulus', 'Disgust')",9623,7,0.004090868761873216,0.05,0.9998135612428903
384,384,"('Stimulus', 'Dominance')","('Stimulus', 'Dominance')",9623,7,0.0,1.0,1.0
385,385,"('Stimulus', 'Dominance')","('Stimulus', 'Fear')",9623,7,0.007845153186079097,0.38,0.08170578404171747
386,386,"('Stimulus', 'Dominance')","('Stimulus', 'Joy')",9623,7,0.005070659607998375,0.71,0.9792736949681046
387,387,"('Stimulus', 'Dominance')","('Stimulus', 'Sadness')",9623,7,0.0051206636909660866,0.62,0.9754108835791981
388,388,"('Stimulus', 'Dominance')","('Stimulus', 'Surprise')",9623,7,0.004348414976242716,0.61,0.9991458451147144
389,389,"('Stimulus', 'Dominance')","('Stimulus', 'Trust')",9623,7,0.006530684654761689,0.93,0.5435251721973622
390,390,"('Stimulus', 'Dominance')","('Stimulus', 'Valence')",9623,7,0.005439192979631416,0.18,0.9357074672520085
391,391,"('Stimulus', 'Fear')","('Other', 'Unknown')",9623,7,0.0035286695718943794,0.1,0.9999972931630007
392,392,"('Stimulus', 'Fear')","('Response', 'Anger')",9623,7,0.00014054418473507358,0.27,1.0
393,393,"('Stimulus', 'Fear')","('Response', 'Anticipation')",9623,7,7.483631030705109e-05,0.8,1.0
394,394,"('Stimulus', 'Fear')","('Response', 'Arousal')",9623,7,0.001134163009502546,0.48,1.0
395,395,"('Stimulus', 'Fear')","('Response', 'Disgust')",9623,7,0.00011440904131914832,0.47,1.0
396,396,"('Stimulus', 'Fear')","('Response', 'Dominance')",9623,7,0.0009864079664941897,0.87,1.0
397,397,"('Stimulus', 'Fear')","('Response', 'Fear')",9623,7,8.320436643531722e-06,1.0,1.0
398,398,"('Stimulus', 'Fear')","('Response', 'Joy')",9623,7,5.976715396464436e-05,0.83,1.0
399,399,"('Stimulus', 'Fear')","('Response', 'Sadness')",9623,7,0.00037043193384999403,0.16,1.0
400,400,"('Stimulus', 'Fear')","('Response', 'Surprise')",9623,7,1.9302510037935222e-05,0.89,1.0
401,401,"('Stimulus', 'Fear')","('Response', 'Trust')",9623,7,0.00037415430829826476,0.58,1.0
402,402,"('Stimulus', 'Fear')","('Response', 'Valence')",9623,7,0.0012739755728923283,0.7,1.0
403,403,"('Stimulus', 'Fear')","('Stimulus', 'Anger')",9623,7,0.006363753968386546,0.42,0.6233128685946274
404,404,"('Stimulus', 'Fear')","('Stimulus', 'Anticipation')",9623,7,0.007082990178228348,0.61,0.29300919003636605
405,405,"('Stimulus', 'Fear')","('Stimulus', 'Arousal')",9623,7,0.011465751988165029,0.18,7.041059875145805e-07
406,406,"('Stimulus', 'Fear')","('Stimulus', 'Disgust')",9623,7,0.002539259170277597,0.68,0.9999999999797051
407,407,"('Stimulus', 'Fear')","('Stimulus', 'Dominance')",9623,7,0.0073540551040354035,0.89,0.19677135302732762
408,408,"('Stimulus', 'Fear')","('Stimulus', 'Fear')",9623,7,0.0,1.0,1.0
409,409,"('Stimulus', 'Fear')","('Stimulus', 'Joy')",9623,7,0.003998921323386831,0.94,0.9998978438295298
410,410,"('Stimulus', 'Fear')","('Stimulus', 'Sadness')",9623,7,0.0044070016804594984,0.81,0.9988296985490379
411,411,"('Stimulus', 'Fear')","('Stimulus', 'Surprise')",9623,7,0.0045117305161170174,0.4,0.9979998766029708
412,412,"('Stimulus', 'Fear')","('Stimulus', 'Trust')",9623,7,0.007665886687197387,0.56,0.11525369122744566
413,413,"('Stimulus', 'Fear')","('Stimulus', 'Valence')",9623,7,0.005731083923557655,0.04,0.8697314910089042
414,414,"('Stimulus', 'Joy')","('Other', 'Unknown')",9623,7,0.0021916189648202977,0.61,0.999999999999957
415,415,"('Stimulus', 'Joy')","('Response', 'Anger')",9623,7,3.7773675560024624e-06,0.98,1.0
416,416,"('Stimulus', 'Joy')","('Response', 'Anticipation')",9623,7,0.00039436654618552416,0.08,1.0
417,417,"('Stimulus', 'Joy')","('Response', 'Arousal')",9623,7,0.001185949633706698,0.3,1.0
418,418,"('Stimulus', 'Joy')","('Response', 'Disgust')",9623,7,2.810049117839819e-06,0.98,1.0
419,419,"('Stimulus', 'Joy')","('Response', 'Dominance')",9623,7,0.0009944568541007206,0.68,1.0
420,420,"('Stimulus', 'Joy')","('Response', 'Fear')",9623,7,1.2568316029437644e-05,0.87,1.0
421,421,"('Stimulus', 'Joy')","('Response', 'Joy')",9623,7,8.029366693561868e-05,0.67,1.0
422,422,"('Stimulus', 'Joy')","('Response', 'Sadness')",9623,7,4.384229239063996e-05,0.82,1.0
423,423,"('Stimulus', 'Joy')","('Response', 'Surprise')",9623,7,0.00022906653347876983,0.38,1.0
424,424,"('Stimulus', 'Joy')","('Response', 'Trust')",9623,7,0.0007102722538128312,0.14,1.0
425,425,"('Stimulus', 'Joy')","('Response', 'Valence')",9623,7,0.0019210117811509731,0.05,0.9999999999999999
426,426,"('Stimulus', 'Joy')","('Stimulus', 'Anger')",9623,7,0.0052483979465970595,0.77,0.9629053345478271
427,427,"('Stimulus', 'Joy')","('Stimulus', 'Anticipation')",9623,7,0.006250752583321065,0.77,0.6754199994290834
428,428,"('Stimulus', 'Joy')","('Stimulus', 'Arousal')",9623,7,0.011360896518696529,0.28,1.0941857500057495e-06
429,429,"('Stimulus', 'Joy')","('Stimulus', 'Disgust')",9623,7,0.0023165812878737425,0.74,0.9999999999995381
430,430,"('Stimulus', 'Joy')","('Stimulus', 'Dominance')",9623,7,0.006054275154904104,0.99,0.7592048917527134
431,431,"('Stimulus', 'Joy')","('Stimulus', 'Fear')",9623,7,0.007348554179547455,0.4,0.19849109077249016
432,432,"('Stimulus', 'Joy')","('Stimulus', 'Joy')",9623,7,0.0,1.0,1.0
433,433,"('Stimulus', 'Joy')","('Stimulus', 'Sadness')",9623,7,0.0048581236353008594,0.6,0.9906190519142396
434,434,"('Stimulus', 'Joy')","('Stimulus', 'Surprise')",9623,7,0.0034393894309592324,0.7,0.9999987926000266
435,435,"('Stimulus', 'Joy')","('Stimulus', 'Trust')",9623,7,0.006255410566168646,0.9,0.673318322814368
436,436,"('Stimulus', 'Joy')","('Stimulus', 'Valence')",9623,7,0.003081885538370956,0.92,0.9999999696593421
437,437,"('Stimulus', 'Sadness')","('Other', 'Unknown')",9623,7,0.003382994735914123,0.09,0.9999992905490248
438,438,"('Stimulus', 'Sadness')","('Response', 'Anger')",9623,7,7.368408072895182e-05,0.35,1.0
439,439,"('Stimulus', 'Sadness')","('Response', 'Anticipation')",9623,7,0.0001282778306928207,0.57,1.0
440,440,"('Stimulus', 'Sadness')","('Response', 'Arousal')",9623,7,0.0007136325728505646,0.7,1.0
441,441,"('Stimulus', 'Sadness')","('Response', 'Disgust')",9623,7,2.2304299581034583e-05,0.87,1.0
442,442,"('Stimulus', 'Sadness')","('Response', 'Dominance')",9623,7,0.0006238800509965768,0.93,1.0
443,443,"('Stimulus', 'Sadness')","('Response', 'Fear')",9623,7,0.00024533186041178495,0.19,1.0
444,444,"('Stimulus', 'Sadness')","('Response', 'Joy')",9623,7,4.700859961453429e-05,0.79,1.0
445,445,"('Stimulus', 'Sadness')","('Response', 'Sadness')",9623,7,7.329150646572053e-05,0.69,1.0
446,446,"('Stimulus', 'Sadness')","('Response', 'Surprise')",9623,7,0.00017202572831998694,0.41,1.0
447,447,"('Stimulus', 'Sadness')","('Response', 'Trust')",9623,7,0.00020351083961973936,0.77,1.0
448,448,"('Stimulus', 'Sadness')","('Response', 'Valence')",9623,7,0.00079295453304512,0.93,1.0
449,449,"('Stimulus', 'Sadness')","('Stimulus', 'Anger')",9623,7,0.0048240768310143485,0.86,0.9918237038936226
450,450,"('Stimulus', 'Sadness')","('Stimulus', 'Anticipation')",9623,7,0.008121656960666088,0.07,0.04568195914467388
451,451,"('Stimulus', 'Sadness')","('Stimulus', 'Arousal')",9623,7,0.012504651678243656,0.1,6.916549222246715e-09
452,452,"('Stimulus', 'Sadness')","('Stimulus', 'Disgust')",9623,7,0.002424002331262115,0.57,0.9999999999969368
453,453,"('Stimulus', 'Sadness')","('Stimulus', 'Dominance')",9623,7,0.009090518444607974,0.28,0.0037769277724370998
454,454,"('Stimulus', 'Sadness')","('Stimulus', 'Fear')",9623,7,0.007293274745993771,0.47,0.21632119217927726
455,455,"('Stimulus', 'Sadness')","('Stimulus', 'Joy')",9623,7,0.004829147096764794,0.53,0.9916530431584163
456,456,"('Stimulus', 'Sadness')","('Stimulus', 'Sadness')",9623,7,0.0,1.0,1.0
457,457,"('Stimulus', 'Sadness')","('Stimulus', 'Surprise')",9623,7,0.005101731712440739,0.12,0.9769360075936306
458,458,"('Stimulus', 'Sadness')","('Stimulus', 'Trust')",9623,7,0.006668577778398421,0.79,0.47715479208617884
459,459,"('Stimulus', 'Sadness')","('Stimulus', 'Valence')",9623,7,0.0031742168332960902,0.9,0.9999999153777736
460,460,"('Stimulus', 'Surprise')","('Other', 'Unknown')",9623,7,0.0026496958184010527,0.26,0.9999999998901832
461,461,"('Stimulus', 'Surprise')","('Response', 'Anger')",9623,7,9.11689109720797e-05,0.51,1.0
462,462,"('Stimulus', 'Surprise')","('Response', 'Anticipation')",9623,7,0.00012639828247381488,0.62,1.0
463,463,"('Stimulus', 'Surprise')","('Response', 'Arousal')",9623,7,0.0007438684452071802,0.62,1.0
464,464,"('Stimulus', 'Surprise')","('Response', 'Disgust')",9623,7,1.885998986734117e-05,0.82,1.0
465,465,"('Stimulus', 'Surprise')","('Response', 'Dominance')",9623,7,0.0006182763280719616,0.94,1.0
466,466,"('Stimulus', 'Surprise')","('Response', 'Fear')",9623,7,5.861916858439261e-05,0.56,1.0
467,467,"('Stimulus', 'Surprise')","('Response', 'Joy')",9623,7,6.851496078039749e-05,0.62,1.0
468,468,"('Stimulus', 'Surprise')","('Response', 'Sadness')",9623,7,0.00010098606302347515,0.52,1.0
469,469,"('Stimulus', 'Surprise')","('Response', 'Surprise')",9623,7,0.00021595832886633657,0.15,1.0
470,470,"('Stimulus', 'Surprise')","('Response', 'Trust')",9623,7,0.000125005465093496,0.92,1.0
471,471,"('Stimulus', 'Surprise')","('Response', 'Valence')",9623,7,0.0014474607486379947,0.29,1.0
472,472,"('Stimulus', 'Surprise')","('Stimulus', 'Anger')",9623,7,0.005560461547696501,0.39,0.9121436177995246
473,473,"('Stimulus', 'Surprise')","('Stimulus', 'Anticipation')",9623,7,0.006135471711211569,0.72,0.7258377945653306
474,474,"('Stimulus', 'Surprise')","('Stimulus', 'Arousal')",9623,7,0.010629325897979049,0.47,2.0502232117358687e-05
475,475,"('Stimulus', 'Surprise')","('Stimulus', 'Disgust')",9623,7,0.0024731829314067065,0.55,0.999999999993019
476,476,"('Stimulus', 'Surprise')","('Stimulus', 'Dominance')",9623,7,0.007714072524150654,0.65,0.10534654571670166
477,477,"('Stimulus', 'Surprise')","('Stimulus', 'Fear')",9623,7,0.007525216386333418,0.28,0.14819366299665482
478,478,"('Stimulus', 'Surprise')","('Stimulus', 'Joy')",9623,7,0.004743656987198337,0.59,0.994161135209803
479,479,"('Stimulus', 'Surprise')","('Stimulus', 'Sadness')",9623,7,0.004559079145593427,0.64,0.9974792860000921
480,480,"('Stimulus', 'Surprise')","('Stimulus', 'Surprise')",9623,7,0.0,1.0,1.0
481,481,"('Stimulus', 'Surprise')","('Stimulus', 'Trust')",9623,7,0.007919477292260451,0.32,0.07030445193653634
482,482,"('Stimulus', 'Surprise')","('Stimulus', 'Valence')",9623,7,0.0037508730704908268,0.74,0.9999829855044627
483,483,"('Stimulus', 'Trust')","('Other', 'Unknown')",9623,7,0.0023108268035831564,0.83,0.9999999999995842
484,484,"('Stimulus', 'Trust')","('Response', 'Anger')",9623,7,0.0001878772284450594,0.28,1.0
485,485,"('Stimulus', 'Trust')","('Response', 'Anticipation')",9623,7,0.00010697000418332689,0.71,1.0
486,486,"('Stimulus', 'Trust')","('Response', 'Arousal')",9623,7,0.0019059207904616798,0.06,0.9999999999999999
487,487,"('Stimulus', 'Trust')","('Response', 'Disgust')",9623,7,6.565426258114748e-05,0.7,1.0
488,488,"('Stimulus', 'Trust')","('Response', 'Dominance')",9623,7,0.0020921984197685936,0.09,0.9999999999999943
489,489,"('Stimulus', 'Trust')","('Response', 'Fear')",9623,7,0.0001505861121044625,0.41,1.0
490,490,"('Stimulus', 'Trust')","('Response', 'Joy')",9623,7,7.456407241692956e-05,0.84,1.0
491,491,"('Stimulus', 'Trust')","('Response', 'Sadness')",9623,7,7.64194622632936e-05,0.84,1.0
492,492,"('Stimulus', 'Trust')","('Response', 'Surprise')",9623,7,7.172134919058e-05,0.73,1.0
493,493,"('Stimulus', 'Trust')","('Response', 'Trust')",9623,7,0.0007231752962784649,0.17,1.0
494,494,"('Stimulus', 'Trust')","('Response', 'Valence')",9623,7,0.0019611831318757447,0.18,0.9999999999999997
495,495,"('Stimulus', 'Trust')","('Stimulus', 'Anger')",9623,7,0.008170402244051713,0.01,0.04097437541368598
496,496,"('Stimulus', 'Trust')","('Stimulus', 'Anticipation')",9623,7,0.007271081184092405,0.57,0.22375889993661535
497,497,"('Stimulus', 'Trust')","('Stimulus', 'Arousal')",9623,7,0.007590424358697104,0.96,0.13216314080601954
498,498,"('Stimulus', 'Trust')","('Stimulus', 'Disgust')",9623,7,0.0024406310412134922,0.74,0.9999999999959412
499,499,"('Stimulus', 'Trust')","('Stimulus', 'Dominance')",9623,7,0.0070929869125805805,0.98,0.2890598123771244
500,500,"('Stimulus', 'Trust')","('Stimulus', 'Fear')",9623,7,0.005988070038384681,0.97,0.7848882449772214
501,501,"('Stimulus', 'Trust')","('Stimulus', 'Joy')",9623,7,0.005865062999971189,0.25,0.8285744817666743
502,502,"('Stimulus', 'Trust')","('Stimulus', 'Sadness')",9623,7,0.0073801158162029356,0.0,0.18875862969680912
503,503,"('Stimulus', 'Trust')","('Stimulus', 'Surprise')",9623,7,0.0042093131892276614,0.61,0.9996136045115166
504,504,"('Stimulus', 'Trust')","('Stimulus', 'Trust')",9623,7,0.0,1.0,1.0
505,505,"('Stimulus', 'Trust')","('Stimulus', 'Valence')",9623,7,0.0034030371030563584,0.96,0.9999991412763046
506,506,"('Stimulus', 'Valence')","('Other', 'Unknown')",9623,7,0.0024009336601643907,0.37,0.999999999997937
507,507,"('Stimulus', 'Valence')","('Response', 'Anger')",9623,7,3.825783538443732e-05,0.66,1.0
508,508,"('Stimulus', 'Valence')","('Response', 'Anticipation')",9623,7,5.4178309385333334e-05,0.7,1.0
509,509,"('Stimulus', 'Valence')","('Response', 'Arousal')",9623,7,0.00038308498224889995,0.97,1.0
510,510,"('Stimulus', 'Valence')","('Response', 'Disgust')",9623,7,6.4118334089682116e-09,0.9,1.0
511,511,"('Stimulus', 'Valence')","('Response', 'Dominance')",9623,7,0.00042536525775176544,0.99,1.0
512,512,"('Stimulus', 'Valence')","('Response', 'Fear')",9623,7,0.000558326438578513,0.01,1.0
513,513,"('Stimulus', 'Valence')","('Response', 'Joy')",9623,7,2.3246817235067e-05,0.95,1.0
514,514,"('Stimulus', 'Valence')","('Response', 'Sadness')",9623,7,2.467693123930381e-05,0.94,1.0
515,515,"('Stimulus', 'Valence')","('Response', 'Surprise')",9623,7,6.81764471147944e-05,0.58,1.0
516,516,"('Stimulus', 'Valence')","('Response', 'Trust')",9623,7,5.5966673620131015e-05,0.98,1.0
517,517,"('Stimulus', 'Valence')","('Response', 'Valence')",9623,7,0.0006642547461123858,0.91,1.0
518,518,"('Stimulus', 'Valence')","('Stimulus', 'Anger')",9623,7,0.005616947340699551,0.4,0.8993327223522664
519,519,"('Stimulus', 'Valence')","('Stimulus', 'Anticipation')",9623,7,0.005293131584512404,0.96,0.9575157290766976
520,520,"('Stimulus', 'Valence')","('Stimulus', 'Arousal')",9623,7,0.010859564985565116,0.4,8.385804574628786e-06
521,521,"('Stimulus', 'Valence')","('Stimulus', 'Disgust')",9623,7,0.002347682401928212,0.67,0.9999999999991903
522,522,"('Stimulus', 'Valence')","('Stimulus', 'Dominance')",9623,7,0.008421774423700082,0.37,0.022717200304590346
523,523,"('Stimulus', 'Valence')","('Stimulus', 'Fear')",9623,7,0.007455234206944425,0.21,0.16690501308017902
524,524,"('Stimulus', 'Valence')","('Stimulus', 'Joy')",9623,7,0.0033909898389376486,0.95,0.9999992341931334
525,525,"('Stimulus', 'Valence')","('Stimulus', 'Sadness')",9623,7,0.004407882146431792,0.77,0.9988242456851081
526,526,"('Stimulus', 'Valence')","('Stimulus', 'Surprise')",9623,7,0.002661540801083476,0.99,0.9999999998692646
527,527,"('Stimulus', 'Valence')","('Stimulus', 'Trust')",9623,7,0.005529046633542383,0.89,0.9187547929775259
528,528,"('Stimulus', 'Valence')","('Stimulus', 'Valence')",9623,7,0.0,1.0,1.0
