,NARRATOR,Other,Unknown,n,k,be,Response,Anger,Anticipation,Arousal,Disgust,Dominance,Fear,Joy,Sadness,Surprise,Trust,Valence,Stimulus,READER,brother,carwin
0,Subject,Category,Feature,15131,1,0.10916908242887595,,,,,,,,,,,,,,,,
1,Subject,Category,Feature,15127,5,0.4968763098616088,,,,,,,,,,,,,,,,
2,Subject,Category,Feature,15122,10,0.9436293853045388,,,,,,,,,,,,,,,,
3,Subject,Category,Feature,15117,15,1.3569845322856153,,,,,,,,,,,,,,,,
4,Subject,Category,Feature,15112,20,1.750583626624398,,,,,,,,,,,,,,,,
5,Subject,Category,Feature,15102,30,2.4823798670670096,,,,,,,,,,,,,,,,
6,Subject,Category,Feature,15092,40,2.4943626012475444,,,,,,,,,,,,,,,,
7,Subject,Category,Feature,15082,50,2.4508338769887796,,,,,,,,,,,,,,,,
8,Subject,Category,Feature,15072,60,2.396430502349737,,,,,,,,,,,,,,,,
9,Subject,Category,Feature,15062,70,2.3762668854931808,,,,,,,,,,,,,,,,
10,Subject,,,15131,1,0.09437792065080014,Category,Feature,,,,,,,,,,,,,,
11,Subject,,,15127,5,0.4662527725469507,Category,Feature,,,,,,,,,,,,,,
12,Subject,,,15122,10,0.9248503565666751,Category,Feature,,,,,,,,,,,,,,
13,Subject,,,15117,15,1.3716471410331175,Category,Feature,,,,,,,,,,,,,,
14,Subject,,,15112,20,1.8052613409967788,Category,Feature,,,,,,,,,,,,,,
15,Subject,,,15102,30,2.6280356782613015,Category,Feature,,,,,,,,,,,,,,
16,Subject,,,15092,40,2.7114084607317714,Category,Feature,,,,,,,,,,,,,,
17,Subject,,,15082,50,2.5657113659017794,Category,Feature,,,,,,,,,,,,,,
18,Subject,,,15072,60,2.39108733295862,Category,Feature,,,,,,,,,,,,,,
19,Subject,,,15062,70,2.3316784450272157,Category,Feature,,,,,,,,,,,,,,
20,Subject,,,15131,1,0.13673163974380192,Category,,Feature,,,,,,,,,,,,,
21,Subject,,,15127,5,0.6790719128755605,Category,,Feature,,,,,,,,,,,,,
22,Subject,,,15122,10,1.3445104260741771,Category,,Feature,,,,,,,,,,,,,
23,Subject,,,15117,15,1.9911123247511036,Category,,Feature,,,,,,,,,,,,,
24,Subject,,,15112,20,2.61260274760503,Category,,Feature,,,,,,,,,,,,,
25,Subject,,,15102,30,3.7533397046954717,Category,,Feature,,,,,,,,,,,,,
26,Subject,,,15092,40,3.485495049051581,Category,,Feature,,,,,,,,,,,,,
27,Subject,,,15082,50,2.9878853134100876,Category,,Feature,,,,,,,,,,,,,
28,Subject,,,15072,60,2.6117864192825335,Category,,Feature,,,,,,,,,,,,,
29,Subject,,,15062,70,2.486804139739359,Category,,Feature,,,,,,,,,,,,,
30,Subject,,,15131,1,0.3453229035646617,Category,,,Feature,,,,,,,,,,,,
31,Subject,,,15127,5,1.6603722116951416,Category,,,Feature,,,,,,,,,,,,
32,Subject,,,15122,10,3.2199954585515935,Category,,,Feature,,,,,,,,,,,,
33,Subject,,,15117,15,4.596513929063277,Category,,,Feature,,,,,,,,,,,,
34,Subject,,,15112,20,5.722336918659072,Category,,,Feature,,,,,,,,,,,,
35,Subject,,,15102,30,7.22143011720441,Category,,,Feature,,,,,,,,,,,,
36,Subject,,,15092,40,4.051051430665117,Category,,,Feature,,,,,,,,,,,,
37,Subject,,,15082,50,2.6433457162753546,Category,,,Feature,,,,,,,,,,,,
38,Subject,,,15072,60,2.0416633426071034,Category,,,Feature,,,,,,,,,,,,
39,Subject,,,15062,70,1.919455939810174,Category,,,Feature,,,,,,,,,,,,
40,Subject,,,15131,1,0.05879047956012156,Category,,,,Feature,,,,,,,,,,,
41,Subject,,,15127,5,0.2934848314181724,Category,,,,Feature,,,,,,,,,,,
42,Subject,,,15122,10,0.5830288946558926,Category,,,,Feature,,,,,,,,,,,
43,Subject,,,15117,15,0.8660677538327726,Category,,,,Feature,,,,,,,,,,,
44,Subject,,,15112,20,1.1435304121603975,Category,,,,Feature,,,,,,,,,,,
45,Subject,,,15102,30,1.6724733120549393,Category,,,,Feature,,,,,,,,,,,
46,Subject,,,15092,40,1.8194361537161587,Category,,,,Feature,,,,,,,,,,,
47,Subject,,,15082,50,1.8304351269550307,Category,,,,Feature,,,,,,,,,,,
48,Subject,,,15072,60,1.8142594967209071,Category,,,,Feature,,,,,,,,,,,
49,Subject,,,15062,70,1.8095082223704413,Category,,,,Feature,,,,,,,,,,,
50,Subject,,,15131,1,0.47439824460587965,Category,,,,,Feature,,,,,,,,,,
51,Subject,,,15127,5,2.2294760893692436,Category,,,,,Feature,,,,,,,,,,
52,Subject,,,15122,10,4.26275719167436,Category,,,,,Feature,,,,,,,,,,
53,Subject,,,15117,15,5.914223845082179,Category,,,,,Feature,,,,,,,,,,
54,Subject,,,15112,20,7.033533496884469,Category,,,,,Feature,,,,,,,,,,
55,Subject,,,15102,30,8.210753385329284,Category,,,,,Feature,,,,,,,,,,
56,Subject,,,15092,40,3.6156974678608473,Category,,,,,Feature,,,,,,,,,,
57,Subject,,,15082,50,2.308058880020575,Category,,,,,Feature,,,,,,,,,,
58,Subject,,,15072,60,1.8460971336480556,Category,,,,,Feature,,,,,,,,,,
59,Subject,,,15062,70,1.7617730031051104,Category,,,,,Feature,,,,,,,,,,
60,Subject,,,15131,1,0.1303035760200946,Category,,,,,,Feature,,,,,,,,,
61,Subject,,,15127,5,0.6377457358181807,Category,,,,,,Feature,,,,,,,,,
62,Subject,,,15122,10,1.256526713894705,Category,,,,,,Feature,,,,,,,,,
63,Subject,,,15117,15,1.851140286194785,Category,,,,,,Feature,,,,,,,,,
64,Subject,,,15112,20,2.4176550935348304,Category,,,,,,Feature,,,,,,,,,
65,Subject,,,15102,30,3.468485169367205,Category,,,,,,Feature,,,,,,,,,
66,Subject,,,15092,40,3.3458396199211964,Category,,,,,,Feature,,,,,,,,,
67,Subject,,,15082,50,3.002358481439041,Category,,,,,,Feature,,,,,,,,,
68,Subject,,,15072,60,2.674534741698575,Category,,,,,,Feature,,,,,,,,,
69,Subject,,,15062,70,2.562545582198804,Category,,,,,,Feature,,,,,,,,,
70,Subject,,,5842,1,0.013356222968764698,Category,,,,,,,Feature,,,,,,,,
71,Subject,,,5838,5,0.06680015180200517,Category,,,,,,,Feature,,,,,,,,
72,Subject,,,5833,10,0.13170970456520734,Category,,,,,,,Feature,,,,,,,,
73,Subject,,,5828,15,0.18955941954889463,Category,,,,,,,Feature,,,,,,,,
74,Subject,,,5823,20,0.2461512859977942,Category,,,,,,,Feature,,,,,,,,
75,Subject,,,5813,30,0.35812823328912813,Category,,,,,,,Feature,,,,,,,,
76,Subject,,,5803,40,0.4239793870441139,Category,,,,,,,Feature,,,,,,,,
77,Subject,,,5793,50,0.47480285552800827,Category,,,,,,,Feature,,,,,,,,
78,Subject,,,5783,60,0.5214262801721815,Category,,,,,,,Feature,,,,,,,,
79,Subject,,,5773,70,0.539399771941015,Category,,,,,,,Feature,,,,,,,,
80,Subject,,,15131,1,0.10997309203135291,Category,,,,,,,,Feature,,,,,,,
81,Subject,,,15127,5,0.543247320733569,Category,,,,,,,,Feature,,,,,,,
82,Subject,,,15122,10,1.0721499912088188,Category,,,,,,,,Feature,,,,,,,
83,Subject,,,15117,15,1.5797927601029558,Category,,,,,,,,Feature,,,,,,,
84,Subject,,,15112,20,2.06818251493412,Category,,,,,,,,Feature,,,,,,,
85,Subject,,,15102,30,2.980114842437576,Category,,,,,,,,Feature,,,,,,,
86,Subject,,,15092,40,2.9411441122450115,Category,,,,,,,,Feature,,,,,,,
87,Subject,,,15082,50,2.677315632363343,Category,,,,,,,,Feature,,,,,,,
88,Subject,,,15072,60,2.4033924993479454,Category,,,,,,,,Feature,,,,,,,
89,Subject,,,15062,70,2.316572351398325,Category,,,,,,,,Feature,,,,,,,
90,Subject,,,15131,1,0.075796123730868,Category,,,,,,,,,Feature,,,,,,
91,Subject,,,15127,5,0.377962436450874,Category,,,,,,,,,Feature,,,,,,
92,Subject,,,15122,10,0.7516193996136167,Category,,,,,,,,,Feature,,,,,,
93,Subject,,,15117,15,1.1213375380252208,Category,,,,,,,,,Feature,,,,,,
94,Subject,,,15112,20,1.483135855140738,Category,,,,,,,,,Feature,,,,,,
95,Subject,,,15102,30,2.1744733493978807,Category,,,,,,,,,Feature,,,,,,
96,Subject,,,15092,40,2.2748020943077347,Category,,,,,,,,,Feature,,,,,,
97,Subject,,,15082,50,2.166495535353917,Category,,,,,,,,,Feature,,,,,,
98,Subject,,,15072,60,2.0549307823891048,Category,,,,,,,,,Feature,,,,,,
99,Subject,,,15062,70,2.023062192300863,Category,,,,,,,,,Feature,,,,,,
100,Subject,,,15131,1,0.134851346399401,Category,,,,,,,,,,Feature,,,,,
101,Subject,,,15127,5,0.6699477342554515,Category,,,,,,,,,,Feature,,,,,
102,Subject,,,15122,10,1.3267681115011731,Category,,,,,,,,,,Feature,,,,,
103,Subject,,,15117,15,1.9656872723583145,Category,,,,,,,,,,Feature,,,,,
104,Subject,,,15112,20,2.5799428912400866,Category,,,,,,,,,,Feature,,,,,
105,Subject,,,15102,30,3.7035579275770405,Category,,,,,,,,,,Feature,,,,,
106,Subject,,,15092,40,3.4634967284595923,Category,,,,,,,,,,Feature,,,,,
107,Subject,,,15082,50,3.0200587934401946,Category,,,,,,,,,,Feature,,,,,
108,Subject,,,15072,60,2.641031279294268,Category,,,,,,,,,,Feature,,,,,
109,Subject,,,15062,70,2.5230980485252577,Category,,,,,,,,,,Feature,,,,,
110,Subject,,,15131,1,0.5022220620604861,Category,,,,,,,,,,,Feature,,,,
111,Subject,,,15127,5,2.3462984829553433,Category,,,,,,,,,,,Feature,,,,
112,Subject,,,15122,10,4.479932540327778,Category,,,,,,,,,,,Feature,,,,
113,Subject,,,15117,15,6.167969869856166,Category,,,,,,,,,,,Feature,,,,
114,Subject,,,15112,20,7.250512664491321,Category,,,,,,,,,,,Feature,,,,
115,Subject,,,15102,30,8.358886874008974,Category,,,,,,,,,,,Feature,,,,
116,Subject,,,15092,40,3.4869603502564295,Category,,,,,,,,,,,Feature,,,,
117,Subject,,,15082,50,2.236684938164003,Category,,,,,,,,,,,Feature,,,,
118,Subject,,,15072,60,1.8202237205965435,Category,,,,,,,,,,,Feature,,,,
119,Subject,,,15062,70,1.7480169272764867,Category,,,,,,,,,,,Feature,,,,
120,Subject,,,15131,1,0.24764814451297568,,Feature,,,,,,,,,,,Category,,,
121,Subject,,,15127,5,1.2297038253505392,,Feature,,,,,,,,,,,Category,,,
122,Subject,,,15122,10,2.438918033442838,,Feature,,,,,,,,,,,Category,,,
123,Subject,,,15117,15,3.6071222466636788,,Feature,,,,,,,,,,,Category,,,
124,Subject,,,15112,20,4.720269160404916,,Feature,,,,,,,,,,,Category,,,
125,Subject,,,15102,30,6.710423862891898,,Feature,,,,,,,,,,,Category,,,
126,Subject,,,15092,40,5.51136650287235,,Feature,,,,,,,,,,,Category,,,
127,Subject,,,15082,50,4.109620042978653,,Feature,,,,,,,,,,,Category,,,
128,Subject,,,15072,60,3.154315030470959,,Feature,,,,,,,,,,,Category,,,
129,Subject,,,15062,70,2.815344332152323,,Feature,,,,,,,,,,,Category,,,
130,Subject,,,15131,1,0.28736473327833834,,,Feature,,,,,,,,,,Category,,,
131,Subject,,,15127,5,1.4332445981704967,,,Feature,,,,,,,,,,Category,,,
132,Subject,,,15122,10,2.8480647306159237,,,Feature,,,,,,,,,,Category,,,
133,Subject,,,15117,15,4.211146911349212,,,Feature,,,,,,,,,,Category,,,
134,Subject,,,15112,20,5.482826940280949,,,Feature,,,,,,,,,,Category,,,
135,Subject,,,15102,30,7.709355095151503,,,Feature,,,,,,,,,,Category,,,
136,Subject,,,15092,40,5.787328237392355,,,Feature,,,,,,,,,,Category,,,
137,Subject,,,15082,50,3.9338520920151785,,,Feature,,,,,,,,,,Category,,,
138,Subject,,,15072,60,2.701681736782221,,,Feature,,,,,,,,,,Category,,,
139,Subject,,,15062,70,2.3160961366582016,,,Feature,,,,,,,,,,Category,,,
140,Subject,,,15131,1,0.6820134583396065,,,,Feature,,,,,,,,,Category,,,
141,Subject,,,15127,5,3.3893995875358627,,,,Feature,,,,,,,,,Category,,,
142,Subject,,,15122,10,6.709100955695081,,,,Feature,,,,,,,,,Category,,,
143,Subject,,,15117,15,9.582758636550855,,,,Feature,,,,,,,,,Category,,,
144,Subject,,,15112,20,11.532423984734832,,,,Feature,,,,,,,,,Category,,,
145,Subject,,,15102,30,13.275486271459947,,,,Feature,,,,,,,,,Category,,,
146,Subject,,,15092,40,3.3674427369493443,,,,Feature,,,,,,,,,Category,,,
147,Subject,,,15082,50,0.9181532037857595,,,,Feature,,,,,,,,,Category,,,
148,Subject,,,15072,60,0.2531556288971349,,,,Feature,,,,,,,,,Category,,,
149,Subject,,,15062,70,0.141331523597966,,,,Feature,,,,,,,,,Category,,,
150,Subject,,,15131,1,0.1561730844847253,,,,,Feature,,,,,,,,Category,,,
151,Subject,,,15127,5,0.7789079376763001,,,,,Feature,,,,,,,,Category,,,
152,Subject,,,15122,10,1.5476177158785942,,,,,Feature,,,,,,,,Category,,,
153,Subject,,,15117,15,2.296717207026853,,,,,Feature,,,,,,,,Category,,,
154,Subject,,,15112,20,3.0187888884268044,,,,,Feature,,,,,,,,Category,,,
155,Subject,,,15102,30,4.358972502508919,,,,,Feature,,,,,,,,Category,,,
156,Subject,,,15092,40,4.193994342014584,,,,,Feature,,,,,,,,Category,,,
157,Subject,,,15082,50,3.731330964372843,,,,,Feature,,,,,,,,Category,,,
158,Subject,,,15072,60,3.3370929993617784,,,,,Feature,,,,,,,,Category,,,
159,Subject,,,15062,70,3.1817561683399056,,,,,Feature,,,,,,,,Category,,,
160,Subject,,,15131,1,0.8418086739421522,,,,,,Feature,,,,,,,Category,,,
161,Subject,,,15127,5,4.163609899002893,,,,,,Feature,,,,,,,Category,,,
162,Subject,,,15122,10,8.234329159730478,,,,,,Feature,,,,,,,Category,,,
163,Subject,,,15117,15,11.431797520890257,,,,,,Feature,,,,,,,Category,,,
164,Subject,,,15112,20,12.91186038983421,,,,,,Feature,,,,,,,Category,,,
165,Subject,,,15102,30,13.73362582762018,,,,,,Feature,,,,,,,Category,,,
166,Subject,,,15092,40,1.9517369020022648,,,,,,Feature,,,,,,,Category,,,
167,Subject,,,15082,50,0.3806697284761394,,,,,,Feature,,,,,,,Category,,,
168,Subject,,,15072,60,0.08968240970505008,,,,,,Feature,,,,,,,Category,,,
169,Subject,,,15062,70,0.05695416197974975,,,,,,Feature,,,,,,,Category,,,
170,Subject,,,15131,1,0.30829651238071476,,,,,,,Feature,,,,,,Category,,,
171,Subject,,,15127,5,1.537799213186412,,,,,,,Feature,,,,,,Category,,,
172,Subject,,,15122,10,3.056923710912747,,,,,,,Feature,,,,,,Category,,,
173,Subject,,,15117,15,4.522038098506112,,,,,,,Feature,,,,,,Category,,,
174,Subject,,,15112,20,5.88474153684469,,,,,,,Feature,,,,,,Category,,,
175,Subject,,,15102,30,8.208689861241929,,,,,,,Feature,,,,,,Category,,,
176,Subject,,,15092,40,5.914478503538172,,,,,,,Feature,,,,,,Category,,,
177,Subject,,,15082,50,3.8981279877806165,,,,,,,Feature,,,,,,Category,,,
178,Subject,,,15072,60,2.6177358580235177,,,,,,,Feature,,,,,,Category,,,
179,Subject,,,15062,70,2.2141336639618787,,,,,,,Feature,,,,,,Category,,,
180,Subject,,,15131,1,0.21104560003989162,,,,,,,,Feature,,,,,Category,,,
181,Subject,,,15127,5,1.048602907186941,,,,,,,,Feature,,,,,Category,,,
182,Subject,,,15122,10,2.0809211445164832,,,,,,,,Feature,,,,,Category,,,
183,Subject,,,15117,15,3.0781215679020617,,,,,,,,Feature,,,,,Category,,,
184,Subject,,,15112,20,4.019321435827779,,,,,,,,Feature,,,,,Category,,,
185,Subject,,,15102,30,5.709405738048106,,,,,,,,Feature,,,,,Category,,,
186,Subject,,,15092,40,4.923681764082613,,,,,,,,Feature,,,,,Category,,,
187,Subject,,,15082,50,3.989901611067566,,,,,,,,Feature,,,,,Category,,,
188,Subject,,,15072,60,3.3078086136646645,,,,,,,,Feature,,,,,Category,,,
189,Subject,,,15062,70,3.0512107264017647,,,,,,,,Feature,,,,,Category,,,
190,Subject,,,15131,1,0.27747259059401785,,,,,,,,,Feature,,,,Category,,,
191,Subject,,,15127,5,1.3821743782992797,,,,,,,,,Feature,,,,Category,,,
192,Subject,,,15122,10,2.744138325801564,,,,,,,,,Feature,,,,Category,,,
193,Subject,,,15117,15,4.055761768545821,,,,,,,,,Feature,,,,Category,,,
194,Subject,,,15112,20,5.284610898479817,,,,,,,,,Feature,,,,Category,,,
195,Subject,,,15102,30,7.442483937123929,,,,,,,,,Feature,,,,Category,,,
196,Subject,,,15092,40,5.696688008812656,,,,,,,,,Feature,,,,Category,,,
197,Subject,,,15082,50,4.0989645949120215,,,,,,,,,Feature,,,,Category,,,
198,Subject,,,15072,60,2.9579545904854587,,,,,,,,,Feature,,,,Category,,,
199,Subject,,,15062,70,2.605480151533582,,,,,,,,,Feature,,,,Category,,,
200,Subject,,,15131,1,0.1900881265752849,,,,,,,,,,Feature,,,Category,,,
201,Subject,,,15127,5,0.9488743829749455,,,,,,,,,,Feature,,,Category,,,
202,Subject,,,15122,10,1.8906591836475914,,,,,,,,,,Feature,,,Category,,,
203,Subject,,,15117,15,2.8208875630287813,,,,,,,,,,Feature,,,Category,,,
204,Subject,,,15112,20,3.728952127102822,,,,,,,,,,Feature,,,Category,,,
205,Subject,,,15102,30,5.435763072404902,,,,,,,,,,Feature,,,Category,,,
206,Subject,,,15092,40,4.953851072242239,,,,,,,,,,Feature,,,Category,,,
207,Subject,,,15082,50,4.039347504660567,,,,,,,,,,Feature,,,Category,,,
208,Subject,,,15072,60,3.2703232649649454,,,,,,,,,,Feature,,,Category,,,
209,Subject,,,15062,70,2.9988938129074865,,,,,,,,,,Feature,,,Category,,,
210,Subject,,,15131,1,0.32748164713825445,,,,,,,,,,,Feature,,Category,,,
211,Subject,,,15127,5,1.6327239198410641,,,,,,,,,,,Feature,,Category,,,
212,Subject,,,15122,10,3.2371613614776433,,,,,,,,,,,Feature,,Category,,,
213,Subject,,,15117,15,4.7722089939126455,,,,,,,,,,,Feature,,Category,,,
214,Subject,,,15112,20,6.183312146607468,,,,,,,,,,,Feature,,Category,,,
215,Subject,,,15102,30,8.539003170238283,,,,,,,,,,,Feature,,Category,,,
216,Subject,,,15092,40,5.926099044407835,,,,,,,,,,,Feature,,Category,,,
217,Subject,,,15082,50,3.734187226342367,,,,,,,,,,,Feature,,Category,,,
218,Subject,,,15072,60,2.3837430097743404,,,,,,,,,,,Feature,,Category,,,
219,Subject,,,15062,70,2.0061975580239784,,,,,,,,,,,Feature,,Category,,,
220,Subject,,,15131,1,0.8693189534543796,,,,,,,,,,,,Feature,Category,,,
221,Subject,,,15127,5,4.277263753945555,,,,,,,,,,,,Feature,Category,,,
222,Subject,,,15122,10,8.446996903475753,,,,,,,,,,,,Feature,Category,,,
223,Subject,,,15117,15,11.632325109881162,,,,,,,,,,,,Feature,Category,,,
224,Subject,,,15112,20,12.99539862099204,,,,,,,,,,,,Feature,Category,,,
225,Subject,,,15102,30,13.749046892401386,,,,,,,,,,,,Feature,Category,,,
226,Subject,,,15092,40,1.871178252338821,,,,,,,,,,,,Feature,Category,,,
227,Subject,,,15082,50,0.3943587563736153,,,,,,,,,,,,Feature,Category,,,
228,Subject,,,15072,60,0.09115324561046101,,,,,,,,,,,,Feature,Category,,,
229,Subject,,,15062,70,0.05390355294655341,,,,,,,,,,,,Feature,Category,,,
230,,Category,Feature,15131,1,0.1561730844847253,,,,,,,,,,,,,,Subject,,
231,,Category,Feature,15127,5,0.7789079376763001,,,,,,,,,,,,,,Subject,,
232,,Category,Feature,15122,10,1.5476177158785942,,,,,,,,,,,,,,Subject,,
233,,Category,Feature,15117,15,2.296717207026853,,,,,,,,,,,,,,Subject,,
234,,Category,Feature,15112,20,3.0187888884268044,,,,,,,,,,,,,,Subject,,
235,,Category,Feature,15102,30,4.358972502508919,,,,,,,,,,,,,,Subject,,
236,,Category,Feature,15092,40,4.193994342014584,,,,,,,,,,,,,,Subject,,
237,,Category,Feature,15082,50,3.731330964372843,,,,,,,,,,,,,,Subject,,
238,,Category,Feature,15072,60,3.3370929993617784,,,,,,,,,,,,,,Subject,,
239,,Category,Feature,15062,70,3.1817561683399056,,,,,,,,,,,,,,Subject,,
240,,,,15131,1,0.05879047956012156,Category,Feature,,,,,,,,,,,,Subject,,
241,,,,15127,5,0.2934848314181724,Category,Feature,,,,,,,,,,,,Subject,,
242,,,,15122,10,0.5830288946558926,Category,Feature,,,,,,,,,,,,Subject,,
243,,,,15117,15,0.8660677538327726,Category,Feature,,,,,,,,,,,,Subject,,
244,,,,15112,20,1.1435304121603975,Category,Feature,,,,,,,,,,,,Subject,,
245,,,,15102,30,1.6724733120549393,Category,Feature,,,,,,,,,,,,Subject,,
246,,,,15092,40,1.8194361537161587,Category,Feature,,,,,,,,,,,,Subject,,
247,,,,15082,50,1.8304351269550307,Category,Feature,,,,,,,,,,,,Subject,,
248,,,,15072,60,1.8142594967209071,Category,Feature,,,,,,,,,,,,Subject,,
249,,,,15062,70,1.8095082223704413,Category,Feature,,,,,,,,,,,,Subject,,
250,,,,15131,1,0.8418086739421522,Category,,Feature,,,,,,,,,,,Subject,,
251,,,,15127,5,4.163609899002893,Category,,Feature,,,,,,,,,,,Subject,,
252,,,,15122,10,8.234329159730478,Category,,Feature,,,,,,,,,,,Subject,,
253,,,,15117,15,11.431797520890257,Category,,Feature,,,,,,,,,,,Subject,,
254,,,,15112,20,12.91186038983421,Category,,Feature,,,,,,,,,,,Subject,,
255,,,,15102,30,13.73362582762018,Category,,Feature,,,,,,,,,,,Subject,,
256,,,,15092,40,1.9517369020022648,Category,,Feature,,,,,,,,,,,Subject,,
257,,,,15082,50,0.3806697284761394,Category,,Feature,,,,,,,,,,,Subject,,
258,,,,15072,60,0.08968240970505008,Category,,Feature,,,,,,,,,,,Subject,,
259,,,,15062,70,0.05695416197974975,Category,,Feature,,,,,,,,,,,Subject,,
260,,,,15131,1,0.07535016914106857,Category,,,Feature,,,,,,,,,,Subject,,
261,,,,15127,5,0.3329276211984288,Category,,,Feature,,,,,,,,,,Subject,,
262,,,,15122,10,0.6106563450595662,Category,,,Feature,,,,,,,,,,Subject,,
263,,,,15117,15,0.8416433080868037,Category,,,Feature,,,,,,,,,,Subject,,
264,,,,15112,20,1.0412184715191362,Category,,,Feature,,,,,,,,,,Subject,,
265,,,,15102,30,1.3555967722778535,Category,,,Feature,,,,,,,,,,Subject,,
266,,,,15092,40,1.1693675943038806,Category,,,Feature,,,,,,,,,,Subject,,
267,,,,15082,50,1.0891405145540767,Category,,,Feature,,,,,,,,,,Subject,,
268,,,,15072,60,1.0844644575618196,Category,,,Feature,,,,,,,,,,Subject,,
269,,,,15062,70,1.088417607025142,Category,,,Feature,,,,,,,,,,Subject,,
270,,,,15131,1,0.1303035760200946,Category,,,,Feature,,,,,,,,,Subject,,
271,,,,15127,5,0.6377457358181807,Category,,,,Feature,,,,,,,,,Subject,,
272,,,,15122,10,1.256526713894705,Category,,,,Feature,,,,,,,,,Subject,,
273,,,,15117,15,1.851140286194785,Category,,,,Feature,,,,,,,,,Subject,,
274,,,,15112,20,2.4176550935348304,Category,,,,Feature,,,,,,,,,Subject,,
275,,,,15102,30,3.468485169367205,Category,,,,Feature,,,,,,,,,Subject,,
276,,,,15092,40,3.3458396199211964,Category,,,,Feature,,,,,,,,,Subject,,
277,,,,15082,50,3.002358481439041,Category,,,,Feature,,,,,,,,,Subject,,
278,,,,15072,60,2.674534741698575,Category,,,,Feature,,,,,,,,,Subject,,
279,,,,15062,70,2.562545582198804,Category,,,,Feature,,,,,,,,,Subject,,
280,,,,15131,1,0.1075557458840289,Category,,,,,Feature,,,,,,,,Subject,,
281,,,,15127,5,0.4629721503140285,Category,,,,,Feature,,,,,,,,Subject,,
282,,,,15122,10,0.8281337229470583,Category,,,,,Feature,,,,,,,,Subject,,
283,,,,15117,15,1.107728239305969,Category,,,,,Feature,,,,,,,,Subject,,
284,,,,15112,20,1.3272581558498244,Category,,,,,Feature,,,,,,,,Subject,,
285,,,,15102,30,1.671034540117338,Category,,,,,Feature,,,,,,,,Subject,,
286,,,,15092,40,1.3617236690787946,Category,,,,,Feature,,,,,,,,Subject,,
287,,,,15082,50,1.3244580231837766,Category,,,,,Feature,,,,,,,,Subject,,
288,,,,15072,60,1.3441521366704898,Category,,,,,Feature,,,,,,,,Subject,,
289,,,,15062,70,1.3577659411682872,Category,,,,,Feature,,,,,,,,Subject,,
290,,,,15131,1,0.028133151691927698,Category,,,,,,Feature,,,,,,,Subject,,
291,,,,15127,5,0.13236365570056563,Category,,,,,,Feature,,,,,,,Subject,,
292,,,,15122,10,0.25243866154426353,Category,,,,,,Feature,,,,,,,Subject,,
293,,,,15117,15,0.36718969926845757,Category,,,,,,Feature,,,,,,,Subject,,
294,,,,15112,20,0.4768086643214643,Category,,,,,,Feature,,,,,,,Subject,,
295,,,,15102,30,0.6723729416911465,Category,,,,,,Feature,,,,,,,Subject,,
296,,,,15092,40,0.718606715466095,Category,,,,,,Feature,,,,,,,Subject,,
297,,,,15082,50,0.7226029647815663,Category,,,,,,Feature,,,,,,,Subject,,
298,,,,15072,60,0.7342321381480685,Category,,,,,,Feature,,,,,,,Subject,,
299,,,,15062,70,0.7373103480474937,Category,,,,,,Feature,,,,,,,Subject,,
300,,,,15131,1,0.32748164713825445,Category,,,,,,,Feature,,,,,,Subject,,
301,,,,15127,5,1.6327239198410641,Category,,,,,,,Feature,,,,,,Subject,,
302,,,,15122,10,3.2371613614776433,Category,,,,,,,Feature,,,,,,Subject,,
303,,,,15117,15,4.7722089939126455,Category,,,,,,,Feature,,,,,,Subject,,
304,,,,15112,20,6.183312146607468,Category,,,,,,,Feature,,,,,,Subject,,
305,,,,15102,30,8.539003170238283,Category,,,,,,,Feature,,,,,,Subject,,
306,,,,15092,40,5.926099044407835,Category,,,,,,,Feature,,,,,,Subject,,
307,,,,15082,50,3.734187226342367,Category,,,,,,,Feature,,,,,,Subject,,
308,,,,15072,60,2.3837430097743404,Category,,,,,,,Feature,,,,,,Subject,,
309,,,,15062,70,2.0061975580239784,Category,,,,,,,Feature,,,,,,Subject,,
310,,,,15131,1,0.027573254519607477,Category,,,,,,,,Feature,,,,,Subject,,
311,,,,15127,5,0.12850465603783426,Category,,,,,,,,Feature,,,,,Subject,,
312,,,,15122,10,0.23916917896865578,Category,,,,,,,,Feature,,,,,Subject,,
313,,,,15117,15,0.3407311433022625,Category,,,,,,,,Feature,,,,,Subject,,
314,,,,15112,20,0.43958526034654877,Category,,,,,,,,Feature,,,,,Subject,,
315,,,,15102,30,0.617069711291338,Category,,,,,,,,Feature,,,,,Subject,,
316,,,,15092,40,0.6428819583675227,Category,,,,,,,,Feature,,,,,Subject,,
317,,,,15082,50,0.6421273579692403,Category,,,,,,,,Feature,,,,,Subject,,
318,,,,15072,60,0.6179264109739119,Category,,,,,,,,Feature,,,,,Subject,,
319,,,,15062,70,0.6086022812254868,Category,,,,,,,,Feature,,,,,Subject,,
320,,,,15131,1,0.01580090832794378,Category,,,,,,,,,Feature,,,,Subject,,
321,,,,15127,5,0.07727056645048742,Category,,,,,,,,,Feature,,,,Subject,,
322,,,,15122,10,0.15239911851986385,Category,,,,,,,,,Feature,,,,Subject,,
323,,,,15117,15,0.2260356240246956,Category,,,,,,,,,Feature,,,,Subject,,
324,,,,15112,20,0.2987104935858075,Category,,,,,,,,,Feature,,,,Subject,,
325,,,,15102,30,0.42292444515959243,Category,,,,,,,,,Feature,,,,Subject,,
326,,,,15092,40,0.4578010095064251,Category,,,,,,,,,Feature,,,,Subject,,
327,,,,15082,50,0.45638626977359015,Category,,,,,,,,,Feature,,,,Subject,,
328,,,,15072,60,0.4606857538475563,Category,,,,,,,,,Feature,,,,Subject,,
329,,,,15062,70,0.4616657275079774,Category,,,,,,,,,Feature,,,,Subject,,
330,,,,15131,1,0.022424441667361454,Category,,,,,,,,,,Feature,,,Subject,,
331,,,,15127,5,0.11076452096840815,Category,,,,,,,,,,Feature,,,Subject,,
332,,,,15122,10,0.21848658807654728,Category,,,,,,,,,,Feature,,,Subject,,
333,,,,15117,15,0.32374988086267503,Category,,,,,,,,,,Feature,,,Subject,,
334,,,,15112,20,0.42603906735081987,Category,,,,,,,,,,Feature,,,Subject,,
335,,,,15102,30,0.6201368582706563,Category,,,,,,,,,,Feature,,,Subject,,
336,,,,15092,40,0.7053058742808644,Category,,,,,,,,,,Feature,,,Subject,,
337,,,,15082,50,0.7280002412766622,Category,,,,,,,,,,Feature,,,Subject,,
338,,,,15072,60,0.7419710353248605,Category,,,,,,,,,,Feature,,,Subject,,
339,,,,15062,70,0.744003781104163,Category,,,,,,,,,,Feature,,,Subject,,
340,,,,15131,1,0.1163433867074093,Category,,,,,,,,,,,Feature,,Subject,,
341,,,,15127,5,0.48931321089780283,Category,,,,,,,,,,,Feature,,Subject,,
342,,,,15122,10,0.8771163942158335,Category,,,,,,,,,,,Feature,,Subject,,
343,,,,15117,15,1.1730447212298458,Category,,,,,,,,,,,Feature,,Subject,,
344,,,,15112,20,1.4044858304910177,Category,,,,,,,,,,,Feature,,Subject,,
345,,,,15102,30,1.7675356169697285,Category,,,,,,,,,,,Feature,,Subject,,
346,,,,15092,40,1.4372254196635288,Category,,,,,,,,,,,Feature,,Subject,,
347,,,,15082,50,1.3936458825266433,Category,,,,,,,,,,,Feature,,Subject,,
348,,,,15072,60,1.425727346187657,Category,,,,,,,,,,,Feature,,Subject,,
349,,,,15062,70,1.4379742530148087,Category,,,,,,,,,,,Feature,,Subject,,
350,,,,15131,1,0.282015253982417,,Feature,,,,,,,,,,,Category,Subject,,
351,,,,15127,5,1.4034221724540576,,Feature,,,,,,,,,,,Category,Subject,,
352,,,,15122,10,2.788292931233389,,Feature,,,,,,,,,,,Category,Subject,,
353,,,,15117,15,4.129309686779021,,Feature,,,,,,,,,,,Category,Subject,,
354,,,,15112,20,5.403140386816107,,Feature,,,,,,,,,,,Category,Subject,,
355,,,,15102,30,7.635921876868537,,Feature,,,,,,,,,,,Category,Subject,,
356,,,,15092,40,5.90246723015154,,Feature,,,,,,,,,,,Category,Subject,,
357,,,,15082,50,4.1068715183505065,,Feature,,,,,,,,,,,Category,Subject,,
358,,,,15072,60,2.845430163398449,,Feature,,,,,,,,,,,Category,Subject,,
359,,,,15062,70,2.4289393357784967,,Feature,,,,,,,,,,,Category,Subject,,
360,,,,15131,1,0.3458324706609756,,,Feature,,,,,,,,,,Category,Subject,,
361,,,,15127,5,1.7276961643270141,,,Feature,,,,,,,,,,Category,Subject,,
362,,,,15122,10,3.435296628069331,,,Feature,,,,,,,,,,Category,Subject,,
363,,,,15117,15,5.078955583292593,,,Feature,,,,,,,,,,Category,Subject,,
364,,,,15112,20,6.613303177284937,,,Feature,,,,,,,,,,Category,Subject,,
365,,,,15102,30,9.20542233493251,,,Feature,,,,,,,,,,Category,Subject,,
366,,,,15092,40,6.050861835552784,,,Feature,,,,,,,,,,Category,Subject,,
367,,,,15082,50,3.4561961705607893,,,Feature,,,,,,,,,,Category,Subject,,
368,,,,15072,60,2.0310779373292043,,,Feature,,,,,,,,,,Category,Subject,,
369,,,,15062,70,1.6340489530035904,,,Feature,,,,,,,,,,Category,Subject,,
370,,,,15131,1,0.7700791662310484,,,,Feature,,,,,,,,,Category,Subject,,
371,,,,15127,5,3.8396891140930913,,,,Feature,,,,,,,,,Category,Subject,,
372,,,,15122,10,7.61932024820405,,,,Feature,,,,,,,,,Category,Subject,,
373,,,,15117,15,10.836388672396742,,,,Feature,,,,,,,,,Category,Subject,,
374,,,,15112,20,12.696001992706789,,,,Feature,,,,,,,,,Category,Subject,,
375,,,,15102,30,13.75692341738199,,,,Feature,,,,,,,,,Category,Subject,,
376,,,,15092,40,2.1316065784653175,,,,Feature,,,,,,,,,Category,Subject,,
377,,,,15082,50,0.36737122106618536,,,,Feature,,,,,,,,,Category,Subject,,
378,,,,15072,60,0.06301731866892417,,,,Feature,,,,,,,,,Category,Subject,,
379,,,,15062,70,0.027462536631700382,,,,Feature,,,,,,,,,Category,Subject,,
380,,,,15131,1,0.18132023159758662,,,,,Feature,,,,,,,,Category,Subject,,
381,,,,15127,5,0.9049385351013355,,,,,Feature,,,,,,,,Category,Subject,,
382,,,,15122,10,1.8003947040694839,,,,,Feature,,,,,,,,Category,Subject,,
383,,,,15117,15,2.672916573750198,,,,,Feature,,,,,,,,Category,Subject,,
384,,,,15112,20,3.5142713374011585,,,,,Feature,,,,,,,,Category,Subject,,
385,,,,15102,30,5.066944398168326,,,,,Feature,,,,,,,,Category,Subject,,
386,,,,15092,40,4.7046564164033695,,,,,Feature,,,,,,,,Category,Subject,,
387,,,,15082,50,4.035028925244682,,,,,Feature,,,,,,,,Category,Subject,,
388,,,,15072,60,3.4596072231464983,,,,,Feature,,,,,,,,Category,Subject,,
389,,,,15062,70,3.2278479992763742,,,,,Feature,,,,,,,,Category,Subject,,
390,,,,15131,1,0.9292052599057892,,,,,,Feature,,,,,,,Category,Subject,,
391,,,,15127,5,4.624421394044301,,,,,,Feature,,,,,,,Category,Subject,,
392,,,,15122,10,9.181118077021381,,,,,,Feature,,,,,,,Category,Subject,,
393,,,,15117,15,12.636522959651748,,,,,,Feature,,,,,,,Category,Subject,,
394,,,,15112,20,13.650562983770657,,,,,,Feature,,,,,,,Category,Subject,,
395,,,,15102,30,13.871107402658064,,,,,,Feature,,,,,,,Category,Subject,,
396,,,,15092,40,0.8577475607739516,,,,,,Feature,,,,,,,Category,Subject,,
397,,,,15082,50,0.11070567638845381,,,,,,Feature,,,,,,,Category,Subject,,
398,,,,15072,60,0.02642959550832044,,,,,,Feature,,,,,,,Category,Subject,,
399,,,,15062,70,0.017291767835471927,,,,,,Feature,,,,,,,Category,Subject,,
400,,,,15131,1,0.35568673455519684,,,,,,,Feature,,,,,,Category,Subject,,
401,,,,15127,5,1.775132244420038,,,,,,,Feature,,,,,,Category,Subject,,
402,,,,15122,10,3.5296164285196703,,,,,,,Feature,,,,,,Category,Subject,,
403,,,,15117,15,5.220897990255011,,,,,,,Feature,,,,,,Category,Subject,,
404,,,,15112,20,6.777325617347331,,,,,,,Feature,,,,,,Category,Subject,,
405,,,,15102,30,9.350755937958422,,,,,,,Feature,,,,,,Category,Subject,,
406,,,,15092,40,6.094832799711777,,,,,,,Feature,,,,,,Category,Subject,,
407,,,,15082,50,3.57348904693393,,,,,,,Feature,,,,,,Category,Subject,,
408,,,,15072,60,2.0405807411360692,,,,,,,Feature,,,,,,Category,Subject,,
409,,,,15062,70,1.603301241973552,,,,,,,Feature,,,,,,Category,Subject,,
410,,,,15131,1,0.24764814451297568,,,,,,,,Feature,,,,,Category,Subject,,
411,,,,15127,5,1.2341565725051953,,,,,,,,Feature,,,,,Category,Subject,,
412,,,,15122,10,2.454003012974631,,,,,,,,Feature,,,,,Category,Subject,,
413,,,,15117,15,3.637151803016652,,,,,,,,Feature,,,,,Category,Subject,,
414,,,,15112,20,4.754915719692378,,,,,,,,Feature,,,,,Category,Subject,,
415,,,,15102,30,6.75247871260854,,,,,,,,Feature,,,,,Category,Subject,,
416,,,,15092,40,5.5731338670734365,,,,,,,,Feature,,,,,Category,Subject,,
417,,,,15082,50,4.258891354742051,,,,,,,,Feature,,,,,Category,Subject,,
418,,,,15072,60,3.20650160095584,,,,,,,,Feature,,,,,Category,Subject,,
419,,,,15062,70,2.8336924941960704,,,,,,,,Feature,,,,,Category,Subject,,
420,,,,15131,1,0.31663066810074325,,,,,,,,,Feature,,,,Category,Subject,,
421,,,,15127,5,1.5798496457780569,,,,,,,,,Feature,,,,Category,Subject,,
422,,,,15122,10,3.144161953011,,,,,,,,,Feature,,,,Category,Subject,,
423,,,,15117,15,4.652158577895961,,,,,,,,,Feature,,,,Category,Subject,,
424,,,,15112,20,6.0611159110374055,,,,,,,,,Feature,,,,Category,Subject,,
425,,,,15102,30,8.481716732947746,,,,,,,,,Feature,,,,Category,Subject,,
426,,,,15092,40,5.94937614488226,,,,,,,,,Feature,,,,Category,Subject,,
427,,,,15082,50,3.83335526062327,,,,,,,,,Feature,,,,Category,Subject,,
428,,,,15072,60,2.477290593495348,,,,,,,,,Feature,,,,Category,Subject,,
429,,,,15062,70,2.083089206062547,,,,,,,,,Feature,,,,Category,Subject,,
430,,,,15131,1,0.22278963614351327,,,,,,,,,,Feature,,,Category,Subject,,
431,,,,15127,5,1.1132796224065054,,,,,,,,,,Feature,,,Category,Subject,,
432,,,,15122,10,2.2187278035617015,,,,,,,,,,Feature,,,Category,Subject,,
433,,,,15117,15,3.3102421100937796,,,,,,,,,,Feature,,,Category,Subject,,
434,,,,15112,20,4.369322224567759,,,,,,,,,,Feature,,,Category,Subject,,
435,,,,15102,30,6.346869319823698,,,,,,,,,,Feature,,,Category,Subject,,
436,,,,15092,40,5.511027115542042,,,,,,,,,,Feature,,,Category,Subject,,
437,,,,15082,50,4.1900118182765205,,,,,,,,,,Feature,,,Category,Subject,,
438,,,,15072,60,3.115631036147185,,,,,,,,,,Feature,,,Category,Subject,,
439,,,,15062,70,2.766831373421694,,,,,,,,,,Feature,,,Category,Subject,,
440,,,,15131,1,0.3800272305727226,,,,,,,,,,,Feature,,Category,Subject,,
441,,,,15127,5,1.8976608900159542,,,,,,,,,,,Feature,,Category,Subject,,
442,,,,15122,10,3.7676745479565144,,,,,,,,,,,Feature,,Category,Subject,,
443,,,,15117,15,5.556542038216866,,,,,,,,,,,Feature,,Category,Subject,,
444,,,,15112,20,7.192034150020785,,,,,,,,,,,Feature,,Category,Subject,,
445,,,,15102,30,9.833076758679375,,,,,,,,,,,Feature,,Category,Subject,,
446,,,,15092,40,5.996627603234646,,,,,,,,,,,Feature,,Category,Subject,,
447,,,,15082,50,3.298707720492575,,,,,,,,,,,Feature,,Category,Subject,,
448,,,,15072,60,1.8125637572552105,,,,,,,,,,,Feature,,Category,Subject,,
449,,,,15062,70,1.4514549272425712,,,,,,,,,,,Feature,,Category,Subject,,
450,,,,15131,1,0.9517081987954583,,,,,,,,,,,,Feature,Category,Subject,,
451,,,,15127,5,4.724062778522767,,,,,,,,,,,,Feature,Category,Subject,,
452,,,,15122,10,9.378255397415058,,,,,,,,,,,,Feature,Category,Subject,,
453,,,,15117,15,12.830410082126884,,,,,,,,,,,,Feature,Category,Subject,,
454,,,,15112,20,13.705087053265522,,,,,,,,,,,,Feature,Category,Subject,,
455,,,,15102,30,13.872759765218515,,,,,,,,,,,,Feature,Category,Subject,,
456,,,,15092,40,0.7849878116677393,,,,,,,,,,,,Feature,Category,Subject,,
457,,,,15082,50,0.0914138034103467,,,,,,,,,,,,Feature,Category,Subject,,
458,,,,15072,60,0.025413152079600602,,,,,,,,,,,,Feature,Category,Subject,,
459,,,,15062,70,0.01322328203170025,,,,,,,,,,,,Feature,Category,Subject,,
460,,Category,Feature,15131,1,0.31663066810074325,,,,,,,,,,,,,,,Subject,
461,,Category,Feature,15127,5,1.5798496457780569,,,,,,,,,,,,,,,Subject,
462,,Category,Feature,15122,10,3.144161953011,,,,,,,,,,,,,,,Subject,
463,,Category,Feature,15117,15,4.652158577895961,,,,,,,,,,,,,,,Subject,
464,,Category,Feature,15112,20,6.0611159110374055,,,,,,,,,,,,,,,Subject,
465,,Category,Feature,15102,30,8.481716732947746,,,,,,,,,,,,,,,Subject,
466,,Category,Feature,15092,40,5.94937614488226,,,,,,,,,,,,,,,Subject,
467,,Category,Feature,15082,50,3.83335526062327,,,,,,,,,,,,,,,Subject,
468,,Category,Feature,15072,60,2.477290593495348,,,,,,,,,,,,,,,Subject,
469,,Category,Feature,15062,70,2.083089206062547,,,,,,,,,,,,,,,Subject,
470,,,,15131,1,0.009312574204691736,Category,Feature,,,,,,,,,,,,,Subject,
471,,,,15127,5,0.03621513739755886,Category,Feature,,,,,,,,,,,,,Subject,
472,,,,15122,10,0.06566998734050687,Category,Feature,,,,,,,,,,,,,Subject,
473,,,,15117,15,0.09397199716872363,Category,Feature,,,,,,,,,,,,,Subject,
474,,,,15112,20,0.11968546524355814,Category,Feature,,,,,,,,,,,,,Subject,
475,,,,15102,30,0.16061094664822356,Category,Feature,,,,,,,,,,,,,Subject,
476,,,,15092,40,0.17667544948346442,Category,Feature,,,,,,,,,,,,,Subject,
477,,,,15082,50,0.1808456510211595,Category,Feature,,,,,,,,,,,,,Subject,
478,,,,15072,60,0.1892126735608376,Category,Feature,,,,,,,,,,,,,Subject,
479,,,,15062,70,0.1927990468969722,Category,Feature,,,,,,,,,,,,,Subject,
480,,,,15131,1,0.3800272305727226,Category,,Feature,,,,,,,,,,,,Subject,
481,,,,15127,5,1.8976608900159542,Category,,Feature,,,,,,,,,,,,Subject,
482,,,,15122,10,3.7676745479565144,Category,,Feature,,,,,,,,,,,,Subject,
483,,,,15117,15,5.556542038216866,Category,,Feature,,,,,,,,,,,,Subject,
484,,,,15112,20,7.192034150020785,Category,,Feature,,,,,,,,,,,,Subject,
485,,,,15102,30,9.833076758679375,Category,,Feature,,,,,,,,,,,,Subject,
486,,,,15092,40,5.996627603234646,Category,,Feature,,,,,,,,,,,,Subject,
487,,,,15082,50,3.298707720492575,Category,,Feature,,,,,,,,,,,,Subject,
488,,,,15072,60,1.8125637572552105,Category,,Feature,,,,,,,,,,,,Subject,
489,,,,15062,70,1.4514549272425712,Category,,Feature,,,,,,,,,,,,Subject,
490,,,,15131,1,0.03469143745323563,Category,,,Feature,,,,,,,,,,,Subject,
491,,,,15127,5,0.14301804643650562,Category,,,Feature,,,,,,,,,,,Subject,
492,,,,15122,10,0.24112829923825763,Category,,,Feature,,,,,,,,,,,Subject,
493,,,,15117,15,0.3177059811389245,Category,,,Feature,,,,,,,,,,,Subject,
494,,,,15112,20,0.37199095674736815,Category,,,Feature,,,,,,,,,,,Subject,
495,,,,15102,30,0.4275672898430621,Category,,,Feature,,,,,,,,,,,Subject,
496,,,,15092,40,0.3220802535556369,Category,,,Feature,,,,,,,,,,,Subject,
497,,,,15082,50,0.25452562599575373,Category,,,Feature,,,,,,,,,,,Subject,
498,,,,15072,60,0.23663449154520105,Category,,,Feature,,,,,,,,,,,Subject,
499,,,,15062,70,0.23065344422511527,Category,,,Feature,,,,,,,,,,,Subject,
500,,,,15131,1,0.24764814451297568,Category,,,,Feature,,,,,,,,,,Subject,
501,,,,15127,5,1.2341565725051953,Category,,,,Feature,,,,,,,,,,Subject,
502,,,,15122,10,2.454003012974631,Category,,,,Feature,,,,,,,,,,Subject,
503,,,,15117,15,3.637151803016652,Category,,,,Feature,,,,,,,,,,Subject,
504,,,,15112,20,4.754915719692378,Category,,,,Feature,,,,,,,,,,Subject,
505,,,,15102,30,6.75247871260854,Category,,,,Feature,,,,,,,,,,Subject,
506,,,,15092,40,5.5731338670734365,Category,,,,Feature,,,,,,,,,,Subject,
507,,,,15082,50,4.258891354742051,Category,,,,Feature,,,,,,,,,,Subject,
508,,,,15072,60,3.20650160095584,Category,,,,Feature,,,,,,,,,,Subject,
509,,,,15062,70,2.8336924941960704,Category,,,,Feature,,,,,,,,,,Subject,
510,,,,15131,1,0.050077948392997035,Category,,,,,Feature,,,,,,,,,Subject,
511,,,,15127,5,0.20200456047380724,Category,,,,,Feature,,,,,,,,,Subject,
512,,,,15122,10,0.3363986282663041,Category,,,,,Feature,,,,,,,,,Subject,
513,,,,15117,15,0.42147301667005,Category,,,,,Feature,,,,,,,,,Subject,
514,,,,15112,20,0.45627746772603706,Category,,,,,Feature,,,,,,,,,Subject,
515,,,,15102,30,0.48327305920109054,Category,,,,,Feature,,,,,,,,,Subject,
516,,,,15092,40,0.3015145322235028,Category,,,,,Feature,,,,,,,,,Subject,
517,,,,15082,50,0.258231996617713,Category,,,,,Feature,,,,,,,,,Subject,
518,,,,15072,60,0.26495699383384635,Category,,,,,Feature,,,,,,,,,Subject,
519,,,,15062,70,0.26771068135529047,Category,,,,,Feature,,,,,,,,,Subject,
520,,,,15131,1,0.016421577052750245,Category,,,,,,Feature,,,,,,,,Subject,
521,,,,15127,5,0.07312359094663229,Category,,,,,,Feature,,,,,,,,Subject,
522,,,,15122,10,0.13535923334790434,Category,,,,,,Feature,,,,,,,,Subject,
523,,,,15117,15,0.19052692597240437,Category,,,,,,Feature,,,,,,,,Subject,
524,,,,15112,20,0.23976894040743155,Category,,,,,,Feature,,,,,,,,Subject,
525,,,,15102,30,0.31540871388214653,Category,,,,,,Feature,,,,,,,,Subject,
526,,,,15092,40,0.31902639474524064,Category,,,,,,Feature,,,,,,,,Subject,
527,,,,15082,50,0.29162923597471024,Category,,,,,,Feature,,,,,,,,Subject,
528,,,,15072,60,0.2781944667767569,Category,,,,,,Feature,,,,,,,,Subject,
529,,,,15062,70,0.26556565634469154,Category,,,,,,Feature,,,,,,,,Subject,
530,,,,15131,1,0.0057921870657107934,Category,,,,,,,Feature,,,,,,,Subject,
531,,,,15127,5,0.02896461845395354,Category,,,,,,,Feature,,,,,,,Subject,
532,,,,15122,10,0.053622274011976015,Category,,,,,,,Feature,,,,,,,Subject,
533,,,,15117,15,0.07534392555430837,Category,,,,,,,Feature,,,,,,,Subject,
534,,,,15112,20,0.09530408563408017,Category,,,,,,,Feature,,,,,,,Subject,
535,,,,15102,30,0.1345964367618226,Category,,,,,,,Feature,,,,,,,Subject,
536,,,,15092,40,0.15250646673250273,Category,,,,,,,Feature,,,,,,,Subject,
537,,,,15082,50,0.15426146787869843,Category,,,,,,,Feature,,,,,,,Subject,
538,,,,15072,60,0.15390747313373368,Category,,,,,,,Feature,,,,,,,Subject,
539,,,,15062,70,0.15348395670647325,Category,,,,,,,Feature,,,,,,,Subject,
540,,,,15131,1,0.011321434958489142,Category,,,,,,,,Feature,,,,,,Subject,
541,,,,15127,5,0.053354165939890535,Category,,,,,,,,Feature,,,,,,Subject,
542,,,,15122,10,0.09740423772963142,Category,,,,,,,,Feature,,,,,,Subject,
543,,,,15117,15,0.13592169820305763,Category,,,,,,,,Feature,,,,,,Subject,
544,,,,15112,20,0.1729086176172404,Category,,,,,,,,Feature,,,,,,Subject,
545,,,,15102,30,0.24638773986230925,Category,,,,,,,,Feature,,,,,,Subject,
546,,,,15092,40,0.27536046543172077,Category,,,,,,,,Feature,,,,,,Subject,
547,,,,15082,50,0.2701100693965476,Category,,,,,,,,Feature,,,,,,Subject,
548,,,,15072,60,0.25621385836127747,Category,,,,,,,,Feature,,,,,,Subject,
549,,,,15062,70,0.2500295622867382,Category,,,,,,,,Feature,,,,,,Subject,
550,,,,15131,1,0.0057921870657107934,Category,,,,,,,,,Feature,,,,,Subject,
551,,,,15127,5,0.02896461845395354,Category,,,,,,,,,Feature,,,,,Subject,
552,,,,15122,10,0.05607700435653513,Category,,,,,,,,,Feature,,,,,Subject,
553,,,,15117,15,0.08268602831485519,Category,,,,,,,,,Feature,,,,,Subject,
554,,,,15112,20,0.10577734790186992,Category,,,,,,,,,Feature,,,,,Subject,
555,,,,15102,30,0.14543489860796513,Category,,,,,,,,,Feature,,,,,Subject,
556,,,,15092,40,0.15713177448933047,Category,,,,,,,,,Feature,,,,,Subject,
557,,,,15082,50,0.16185918219809325,Category,,,,,,,,,Feature,,,,,Subject,
558,,,,15072,60,0.1622905435902341,Category,,,,,,,,,Feature,,,,,Subject,
559,,,,15062,70,0.1630683718228497,Category,,,,,,,,,Feature,,,,,Subject,
560,,,,15131,1,0.013272643135414193,Category,,,,,,,,,,Feature,,,,Subject,
561,,,,15127,5,0.06130396283704123,Category,,,,,,,,,,Feature,,,,Subject,
562,,,,15122,10,0.11271989790947765,Category,,,,,,,,,,Feature,,,,Subject,
563,,,,15117,15,0.16034271712729697,Category,,,,,,,,,,Feature,,,,Subject,
564,,,,15112,20,0.20137234139788657,Category,,,,,,,,,,Feature,,,,Subject,
565,,,,15102,30,0.266546862365902,Category,,,,,,,,,,Feature,,,,Subject,
566,,,,15092,40,0.2589483822845002,Category,,,,,,,,,,Feature,,,,Subject,
567,,,,15082,50,0.2376091288568362,Category,,,,,,,,,,Feature,,,,Subject,
568,,,,15072,60,0.2243697106411036,Category,,,,,,,,,,Feature,,,,Subject,
569,,,,15062,70,0.2204215991948823,Category,,,,,,,,,,Feature,,,,Subject,
570,,,,15131,1,0.052531797396934296,Category,,,,,,,,,,,Feature,,,Subject,
571,,,,15127,5,0.20759757771184537,Category,,,,,,,,,,,Feature,,,Subject,
572,,,,15122,10,0.34236624897790363,Category,,,,,,,,,,,Feature,,,Subject,
573,,,,15117,15,0.42537823377675293,Category,,,,,,,,,,,Feature,,,Subject,
574,,,,15112,20,0.45781119067013665,Category,,,,,,,,,,,Feature,,,Subject,
575,,,,15102,30,0.48069154904098266,Category,,,,,,,,,,,Feature,,,Subject,
576,,,,15092,40,0.2961827840950119,Category,,,,,,,,,,,Feature,,,Subject,
577,,,,15082,50,0.25630888288831943,Category,,,,,,,,,,,Feature,,,Subject,
578,,,,15072,60,0.2630283023807516,Category,,,,,,,,,,,Feature,,,Subject,
579,,,,15062,70,0.26577899592491816,Category,,,,,,,,,,,Feature,,,Subject,
580,,,,15131,1,0.2851181990774868,,Feature,,,,,,,,,,,Category,,Subject,
581,,,,15127,5,1.4195820486395705,,Feature,,,,,,,,,,,Category,,Subject,
582,,,,15122,10,2.8201871545398793,,Feature,,,,,,,,,,,Category,,Subject,
583,,,,15117,15,4.176284976120589,,Feature,,,,,,,,,,,Category,,Subject,
584,,,,15112,20,5.46807017614726,,Feature,,,,,,,,,,,Category,,Subject,
585,,,,15102,30,7.740297961173431,,Feature,,,,,,,,,,,Category,,Subject,
586,,,,15092,40,5.945598468043493,,Feature,,,,,,,,,,,Category,,Subject,
587,,,,15082,50,4.070957962060997,,Feature,,,,,,,,,,,Category,,Subject,
588,,,,15072,60,2.7820251965927247,,Feature,,,,,,,,,,,Category,,Subject,
589,,,,15062,70,2.362957981739429,,Feature,,,,,,,,,,,Category,,Subject,
590,,,,15131,1,0.34710456786146016,,,Feature,,,,,,,,,,Category,,Subject,
591,,,,15127,5,1.7339724414154154,,,Feature,,,,,,,,,,Category,,Subject,
592,,,,15122,10,3.448179677669218,,,Feature,,,,,,,,,,Category,,Subject,
593,,,,15117,15,5.097519240753626,,,Feature,,,,,,,,,,Category,,Subject,
594,,,,15112,20,6.637303286117708,,,Feature,,,,,,,,,,Category,,Subject,
595,,,,15102,30,9.236813294062532,,,Feature,,,,,,,,,,Category,,Subject,
596,,,,15092,40,6.0853348143870445,,,Feature,,,,,,,,,,Category,,Subject,
597,,,,15082,50,3.4730984976944894,,,Feature,,,,,,,,,,Category,,Subject,
598,,,,15072,60,2.0182113230562027,,,Feature,,,,,,,,,,Category,,Subject,
599,,,,15062,70,1.6054552344190651,,,Feature,,,,,,,,,,Category,,Subject,
600,,,,15131,1,0.7773044047172818,,,,Feature,,,,,,,,,Category,,Subject,
601,,,,15127,5,3.8761203840892082,,,,Feature,,,,,,,,,Category,,Subject,
602,,,,15122,10,7.693295116580208,,,,Feature,,,,,,,,,Category,,Subject,
603,,,,15117,15,10.932159238942527,,,,Feature,,,,,,,,,Category,,Subject,
604,,,,15112,20,12.781603260556658,,,,Feature,,,,,,,,,Category,,Subject,
605,,,,15102,30,13.792660411687718,,,,Feature,,,,,,,,,Category,,Subject,
606,,,,15092,40,2.0052986186335455,,,,Feature,,,,,,,,,Category,,Subject,
607,,,,15082,50,0.30146890232414497,,,,Feature,,,,,,,,,Category,,Subject,
608,,,,15072,60,0.044724488941038615,,,,Feature,,,,,,,,,Category,,Subject,
609,,,,15062,70,0.02542843382465372,,,,Feature,,,,,,,,,Category,,Subject,
610,,,,15131,1,0.184034617283774,,,,,Feature,,,,,,,,Category,,Subject,
611,,,,15127,5,0.9182105824477251,,,,,Feature,,,,,,,,Category,,Subject,
612,,,,15122,10,1.8265893052007258,,,,,Feature,,,,,,,,Category,,Subject,
613,,,,15117,15,2.712108662828266,,,,,Feature,,,,,,,,Category,,Subject,
614,,,,15112,20,3.566813384975981,,,,,Feature,,,,,,,,Category,,Subject,
615,,,,15102,30,5.14908175954215,,,,,Feature,,,,,,,,Category,,Subject,
616,,,,15092,40,4.781875590524191,,,,,Feature,,,,,,,,Category,,Subject,
617,,,,15082,50,4.077333576424939,,,,,Feature,,,,,,,,Category,,Subject,
618,,,,15072,60,3.474840921144497,,,,,Feature,,,,,,,,Category,,Subject,
619,,,,15062,70,3.2343850414818767,,,,,Feature,,,,,,,,Category,,Subject,
620,,,,15131,1,0.9351347722886796,,,,,,Feature,,,,,,,Category,,Subject,
621,,,,15127,5,4.654037964251224,,,,,,Feature,,,,,,,Category,,Subject,
622,,,,15122,10,9.237577078267908,,,,,,Feature,,,,,,,Category,,Subject,
623,,,,15117,15,12.691288431778315,,,,,,Feature,,,,,,,Category,,Subject,
624,,,,15112,20,13.672231226252574,,,,,,Feature,,,,,,,Category,,Subject,
625,,,,15102,30,13.877630876515653,,,,,,Feature,,,,,,,Category,,Subject,
626,,,,15092,40,0.8112545405605361,,,,,,Feature,,,,,,,Category,,Subject,
627,,,,15082,50,0.08024377134459323,,,,,,Feature,,,,,,,Category,,Subject,
628,,,,15072,60,0.012198808771294693,,,,,,Feature,,,,,,,Category,,Subject,
629,,,,15062,70,0.008137531572322968,,,,,,Feature,,,,,,,Category,,Subject,
630,,,,15131,1,0.359685009430857,,,,,,,Feature,,,,,,Category,,Subject,
631,,,,15127,5,1.7955460379347599,,,,,,,Feature,,,,,,Category,,Subject,
632,,,,15122,10,3.5712674044397024,,,,,,,Feature,,,,,,Category,,Subject,
633,,,,15117,15,5.2838697557120895,,,,,,,Feature,,,,,,Category,,Subject,
634,,,,15112,20,6.859561999983267,,,,,,,Feature,,,,,,Category,,Subject,
635,,,,15102,30,9.450998498030902,,,,,,,Feature,,,,,,Category,,Subject,
636,,,,15092,40,6.053993525356557,,,,,,,Feature,,,,,,Category,,Subject,
637,,,,15082,50,3.5005092054736124,,,,,,,Feature,,,,,,Category,,Subject,
638,,,,15072,60,2.001218546370386,,,,,,,Feature,,,,,,Category,,Subject,
639,,,,15062,70,1.5930830103661835,,,,,,,Feature,,,,,,Category,,Subject,
640,,,,15131,1,0.24974525297514522,,,,,,,,Feature,,,,,Category,,Subject,
641,,,,15127,5,1.2441669010307963,,,,,,,,Feature,,,,,Category,,Subject,
642,,,,15122,10,2.4739028776323893,,,,,,,,Feature,,,,,Category,,Subject,
643,,,,15117,15,3.6657228576947807,,,,,,,,Feature,,,,,Category,,Subject,
644,,,,15112,20,4.79129219519059,,,,,,,,Feature,,,,,Category,,Subject,
645,,,,15102,30,6.7958843635984785,,,,,,,,Feature,,,,,Category,,Subject,
646,,,,15092,40,5.578942935777218,,,,,,,,Feature,,,,,Category,,Subject,
647,,,,15082,50,4.229021259643543,,,,,,,,Feature,,,,,Category,,Subject,
648,,,,15072,60,3.170903290896042,,,,,,,,Feature,,,,,Category,,Subject,
649,,,,15062,70,2.792117397820332,,,,,,,,Feature,,,,,Category,,Subject,
650,,,,15131,1,0.32194780156447655,,,,,,,,,Feature,,,,Category,,Subject,
651,,,,15127,5,1.6059760176150546,,,,,,,,,Feature,,,,Category,,Subject,
652,,,,15122,10,3.19654901231368,,,,,,,,,Feature,,,,Category,,Subject,
653,,,,15117,15,4.7273763017447115,,,,,,,,,Feature,,,,Category,,Subject,
654,,,,15112,20,6.154321276436358,,,,,,,,,Feature,,,,Category,,Subject,
655,,,,15102,30,8.594786040270835,,,,,,,,,Feature,,,,Category,,Subject,
656,,,,15092,40,5.951022814650779,,,,,,,,,Feature,,,,Category,,Subject,
657,,,,15082,50,3.789408269374025,,,,,,,,,Feature,,,,Category,,Subject,
658,,,,15072,60,2.412456655730302,,,,,,,,,Feature,,,,Category,,Subject,
659,,,,15062,70,2.0267920946433984,,,,,,,,,Feature,,,,Category,,Subject,
660,,,,15131,1,0.22498286541131152,,,,,,,,,,Feature,,,Category,,Subject,
661,,,,15127,5,1.1241524424902472,,,,,,,,,,Feature,,,Category,,Subject,
662,,,,15122,10,2.2402618765609277,,,,,,,,,,Feature,,,Category,,Subject,
663,,,,15117,15,3.3416903083465512,,,,,,,,,,Feature,,,Category,,Subject,
664,,,,15112,20,4.410774556448464,,,,,,,,,,Feature,,,Category,,Subject,
665,,,,15102,30,6.395085416738243,,,,,,,,,,Feature,,,Category,,Subject,
666,,,,15092,40,5.500777012385714,,,,,,,,,,Feature,,,Category,,Subject,
667,,,,15082,50,4.168496558914826,,,,,,,,,,Feature,,,Category,,Subject,
668,,,,15072,60,3.1085711169453876,,,,,,,,,,Feature,,,Category,,Subject,
669,,,,15062,70,2.7613814306421367,,,,,,,,,,Feature,,,Category,,Subject,
670,,,,15131,1,0.38075033102369354,,,,,,,,,,,Feature,,Category,,Subject,
671,,,,15127,5,1.901285974834454,,,,,,,,,,,Feature,,Category,,Subject,
672,,,,15122,10,3.774586422590083,,,,,,,,,,,Feature,,Category,,Subject,
673,,,,15117,15,5.5653591678169745,,,,,,,,,,,Feature,,Category,,Subject,
674,,,,15112,20,7.201166859980809,,,,,,,,,,,Feature,,Category,,Subject,
675,,,,15102,30,9.84088936488083,,,,,,,,,,,Feature,,Category,,Subject,
676,,,,15092,40,5.999457262115517,,,,,,,,,,,Feature,,Category,,Subject,
677,,,,15082,50,3.2854013850562858,,,,,,,,,,,Feature,,Category,,Subject,
678,,,,15072,60,1.7879363304892066,,,,,,,,,,,Feature,,Category,,Subject,
679,,,,15062,70,1.4155683978963192,,,,,,,,,,,Feature,,Category,,Subject,
680,,,,15131,1,0.9571135177725222,,,,,,,,,,,,Feature,Category,,Subject,
681,,,,15127,5,4.748980920184702,,,,,,,,,,,,Feature,Category,,Subject,
682,,,,15122,10,9.426929955313321,,,,,,,,,,,,Feature,Category,,Subject,
683,,,,15117,15,12.877739124174871,,,,,,,,,,,,Feature,Category,,Subject,
684,,,,15112,20,13.724631206890535,,,,,,,,,,,,Feature,Category,,Subject,
685,,,,15102,30,13.87887275755804,,,,,,,,,,,,Feature,Category,,Subject,
686,,,,15092,40,0.7445686488637597,,,,,,,,,,,,Feature,Category,,Subject,
687,,,,15082,50,0.06399507494730536,,,,,,,,,,,,Feature,Category,,Subject,
688,,,,15072,60,0.012198808771294693,,,,,,,,,,,,Feature,Category,,Subject,
689,,,,15062,70,0.008137531572322968,,,,,,,,,,,,Feature,Category,,Subject,
690,,Category,Feature,15131,1,0.9351347722886796,,,,,,,,,,,,,,,,Subject
691,,Category,Feature,15127,5,4.654037964251224,,,,,,,,,,,,,,,,Subject
692,,Category,Feature,15122,10,9.237577078267908,,,,,,,,,,,,,,,,Subject
693,,Category,Feature,15117,15,12.691288431778315,,,,,,,,,,,,,,,,Subject
694,,Category,Feature,15112,20,13.672231226252574,,,,,,,,,,,,,,,,Subject
695,,Category,Feature,15102,30,13.877630876515653,,,,,,,,,,,,,,,,Subject
696,,Category,Feature,15092,40,0.8112545405605361,,,,,,,,,,,,,,,,Subject
697,,Category,Feature,15082,50,0.08024377134459323,,,,,,,,,,,,,,,,Subject
698,,Category,Feature,15072,60,0.012198808771294693,,,,,,,,,,,,,,,,Subject
699,,Category,Feature,15062,70,0.008137531572322968,,,,,,,,,,,,,,,,Subject
700,,,,15131,1,0.016421577052750245,Category,Feature,,,,,,,,,,,,,,Subject
701,,,,15127,5,0.07603606370139947,Category,Feature,,,,,,,,,,,,,,Subject
702,,,,15122,10,0.13478728792871117,Category,Feature,,,,,,,,,,,,,,Subject
703,,,,15117,15,0.18835567270244793,Category,Feature,,,,,,,,,,,,,,Subject
704,,,,15112,20,0.23898511449779372,Category,Feature,,,,,,,,,,,,,,Subject
705,,,,15102,30,0.3259563936157227,Category,Feature,,,,,,,,,,,,,,Subject
706,,,,15092,40,0.33107894040158176,Category,Feature,,,,,,,,,,,,,,Subject
707,,,,15082,50,0.3196407011333257,Category,Feature,,,,,,,,,,,,,,Subject
708,,,,15072,60,0.3191846835768609,Category,Feature,,,,,,,,,,,,,,Subject
709,,,,15062,70,0.3197118197890073,Category,Feature,,,,,,,,,,,,,,Subject
710,,,,15131,1,0.9571135177725222,Category,,Feature,,,,,,,,,,,,,Subject
711,,,,15127,5,4.748980920184702,Category,,Feature,,,,,,,,,,,,,Subject
712,,,,15122,10,9.426929955313321,Category,,Feature,,,,,,,,,,,,,Subject
713,,,,15117,15,12.877739124174871,Category,,Feature,,,,,,,,,,,,,Subject
714,,,,15112,20,13.724631206890535,Category,,Feature,,,,,,,,,,,,,Subject
715,,,,15102,30,13.87887275755804,Category,,Feature,,,,,,,,,,,,,Subject
716,,,,15092,40,0.7445686488637597,Category,,Feature,,,,,,,,,,,,,Subject
717,,,,15082,50,0.06399507494730536,Category,,Feature,,,,,,,,,,,,,Subject
718,,,,15072,60,0.012198808771294693,Category,,Feature,,,,,,,,,,,,,Subject
719,,,,15062,70,0.008137531572322968,Category,,Feature,,,,,,,,,,,,,Subject
720,,,,15131,1,0.048094633520046774,Category,,,Feature,,,,,,,,,,,,Subject
721,,,,15127,5,0.19983322514057728,Category,,,Feature,,,,,,,,,,,,Subject
722,,,,15122,10,0.34793529667357853,Category,,,Feature,,,,,,,,,,,,Subject
723,,,,15117,15,0.46729594670541635,Category,,,Feature,,,,,,,,,,,,Subject
724,,,,15112,20,0.5770558014264429,Category,,,Feature,,,,,,,,,,,,Subject
725,,,,15102,30,0.7744159435828716,Category,,,Feature,,,,,,,,,,,,Subject
726,,,,15092,40,0.764977007298264,Category,,,Feature,,,,,,,,,,,,Subject
727,,,,15082,50,0.7762697992179842,Category,,,Feature,,,,,,,,,,,,Subject
728,,,,15072,60,0.7923029910803044,Category,,,Feature,,,,,,,,,,,,Subject
729,,,,15062,70,0.8003565698115649,Category,,,Feature,,,,,,,,,,,,Subject
730,,,,15131,1,0.0057921870657107934,Category,,,,Feature,,,,,,,,,,,Subject
731,,,,15127,5,0.02896461845395354,Category,,,,Feature,,,,,,,,,,,Subject
732,,,,15122,10,0.053622274011976015,Category,,,,Feature,,,,,,,,,,,Subject
733,,,,15117,15,0.07534392555430837,Category,,,,Feature,,,,,,,,,,,Subject
734,,,,15112,20,0.09530408563408017,Category,,,,Feature,,,,,,,,,,,Subject
735,,,,15102,30,0.1345964367618226,Category,,,,Feature,,,,,,,,,,,Subject
736,,,,15092,40,0.15250646673250273,Category,,,,Feature,,,,,,,,,,,Subject
737,,,,15082,50,0.15426146787869843,Category,,,,Feature,,,,,,,,,,,Subject
738,,,,15072,60,0.15390747313373368,Category,,,,Feature,,,,,,,,,,,Subject
739,,,,15062,70,0.15348395670647325,Category,,,,Feature,,,,,,,,,,,Subject
740,,,,15131,1,0.06903174616327669,Category,,,,,Feature,,,,,,,,,,Subject
741,,,,15127,5,0.2697174524984486,Category,,,,,Feature,,,,,,,,,,Subject
742,,,,15122,10,0.46832670701751755,Category,,,,,Feature,,,,,,,,,,Subject
743,,,,15117,15,0.6321348574184779,Category,,,,,Feature,,,,,,,,,,Subject
744,,,,15112,20,0.7815121341003464,Category,,,,,Feature,,,,,,,,,,Subject
745,,,,15102,30,1.0503537647955878,Category,,,,,Feature,,,,,,,,,,Subject
746,,,,15092,40,1.032848272221128,Category,,,,,Feature,,,,,,,,,,Subject
747,,,,15082,50,1.0407106896433886,Category,,,,,Feature,,,,,,,,,,Subject
748,,,,15072,60,1.058314082157367,Category,,,,,Feature,,,,,,,,,,Subject
749,,,,15062,70,1.0630886389422143,Category,,,,,Feature,,,,,,,,,,Subject
750,,,,15131,1,0.025879678493080732,Category,,,,,,Feature,,,,,,,,,Subject
751,,,,15127,5,0.12239730630231024,Category,,,,,,Feature,,,,,,,,,Subject
752,,,,15122,10,0.22446780507613595,Category,,,,,,Feature,,,,,,,,,Subject
753,,,,15117,15,0.31394892103956695,Category,,,,,,Feature,,,,,,,,,Subject
754,,,,15112,20,0.39893824921450716,Category,,,,,,Feature,,,,,,,,,Subject
755,,,,15102,30,0.5490427605729952,Category,,,,,,Feature,,,,,,,,,Subject
756,,,,15092,40,0.5575578896449861,Category,,,,,,Feature,,,,,,,,,Subject
757,,,,15082,50,0.5489510191376996,Category,,,,,,Feature,,,,,,,,,Subject
758,,,,15072,60,0.5473093920965854,Category,,,,,,Feature,,,,,,,,,Subject
759,,,,15062,70,0.548974099875608,Category,,,,,,Feature,,,,,,,,,Subject
760,,,,15131,1,0.008627820014807813,Category,,,,,,,Feature,,,,,,,,Subject
761,,,,15127,5,0.0394179622395116,Category,,,,,,,Feature,,,,,,,,Subject
762,,,,15122,10,0.07786100327222548,Category,,,,,,,Feature,,,,,,,,Subject
763,,,,15117,15,0.1130730359879934,Category,,,,,,,Feature,,,,,,,,Subject
764,,,,15112,20,0.14412057314258225,Category,,,,,,,Feature,,,,,,,,Subject
765,,,,15102,30,0.20387402005648628,Category,,,,,,,Feature,,,,,,,,Subject
766,,,,15092,40,0.23357279932962638,Category,,,,,,,Feature,,,,,,,,Subject
767,,,,15082,50,0.25695991333438706,Category,,,,,,,Feature,,,,,,,,Subject
768,,,,15072,60,0.28229409969324365,Category,,,,,,,Feature,,,,,,,,Subject
769,,,,15062,70,0.2912911395399869,Category,,,,,,,Feature,,,,,,,,Subject
770,,,,15131,1,0.01703809263891224,Category,,,,,,,,Feature,,,,,,,Subject
771,,,,15127,5,0.08231064458122415,Category,,,,,,,,Feature,,,,,,,Subject
772,,,,15122,10,0.1551898524086532,Category,,,,,,,,Feature,,,,,,,Subject
773,,,,15117,15,0.22049807559913182,Category,,,,,,,,Feature,,,,,,,Subject
774,,,,15112,20,0.2797656613340018,Category,,,,,,,,Feature,,,,,,,Subject
775,,,,15102,30,0.3930017458797746,Category,,,,,,,,Feature,,,,,,,Subject
776,,,,15092,40,0.4339175982247203,Category,,,,,,,,Feature,,,,,,,Subject
777,,,,15082,50,0.4555272121055112,Category,,,,,,,,Feature,,,,,,,Subject
778,,,,15072,60,0.4677429335238988,Category,,,,,,,,Feature,,,,,,,Subject
779,,,,15062,70,0.47207331633412375,Category,,,,,,,,Feature,,,,,,,Subject
780,,,,15131,1,0.0057921870657107934,Category,,,,,,,,,Feature,,,,,,Subject
781,,,,15127,5,0.02896461845395354,Category,,,,,,,,,Feature,,,,,,Subject
782,,,,15122,10,0.05793843416545537,Category,,,,,,,,,Feature,,,,,,Subject
783,,,,15117,15,0.08692142942529196,Category,,,,,,,,,Feature,,,,,,Subject
784,,,,15112,20,0.11591358635751398,Category,,,,,,,,,Feature,,,,,,Subject
785,,,,15102,30,0.17392531289307292,Category,,,,,,,,,Feature,,,,,,Subject
786,,,,15092,40,0.218740941859064,Category,,,,,,,,,Feature,,,,,,Subject
787,,,,15082,50,0.2511194403839704,Category,,,,,,,,,Feature,,,,,,Subject
788,,,,15072,60,0.27387811729649736,Category,,,,,,,,,Feature,,,,,,Subject
789,,,,15062,70,0.2816175909349873,Category,,,,,,,,,Feature,,,,,,Subject
790,,,,15131,1,0.016421577052750245,Category,,,,,,,,,,Feature,,,,,Subject
791,,,,15127,5,0.0747067624491904,Category,,,,,,,,,,Feature,,,,,Subject
792,,,,15122,10,0.14077482657716262,Category,,,,,,,,,,Feature,,,,,Subject
793,,,,15117,15,0.197742939832998,Category,,,,,,,,,,Feature,,,,,Subject
794,,,,15112,20,0.24892704734595045,Category,,,,,,,,,,Feature,,,,,Subject
795,,,,15102,30,0.3445010356869332,Category,,,,,,,,,,Feature,,,,,Subject
796,,,,15092,40,0.3760434778494886,Category,,,,,,,,,,Feature,,,,,Subject
797,,,,15082,50,0.3990024846653161,Category,,,,,,,,,,Feature,,,,,Subject
798,,,,15072,60,0.41610265456027695,Category,,,,,,,,,,Feature,,,,,Subject
799,,,,15062,70,0.4221038129034065,Category,,,,,,,,,,Feature,,,,,Subject
800,,,,15131,1,0.07490352223605284,Category,,,,,,,,,,,Feature,,,,Subject
801,,,,15127,5,0.28086350043738484,Category,,,,,,,,,,,Feature,,,,Subject
802,,,,15122,10,0.4822397672648952,Category,,,,,,,,,,,Feature,,,,Subject
803,,,,15117,15,0.6412617011293932,Category,,,,,,,,,,,Feature,,,,Subject
804,,,,15112,20,0.790495261284999,Category,,,,,,,,,,,Feature,,,,Subject
805,,,,15102,30,1.06194117675538,Category,,,,,,,,,,,Feature,,,,Subject
806,,,,15092,40,1.0346647434216918,Category,,,,,,,,,,,Feature,,,,Subject
807,,,,15082,50,1.0349981683652703,Category,,,,,,,,,,,Feature,,,,Subject
808,,,,15072,60,1.0357231013661787,Category,,,,,,,,,,,Feature,,,,Subject
809,,,,15062,70,1.0365429128220527,Category,,,,,,,,,,,Feature,,,,Subject
810,,,,15131,1,0.2822980129586216,,Feature,,,,,,,,,,,Category,,,Subject
811,,,,15127,5,1.4044391851905724,,Feature,,,,,,,,,,,Category,,,Subject
812,,,,15122,10,2.7883492797734863,,Feature,,,,,,,,,,,Category,,,Subject
813,,,,15117,15,4.131754542829085,,Feature,,,,,,,,,,,Category,,,Subject
814,,,,15112,20,5.414492792429254,,Feature,,,,,,,,,,,Category,,,Subject
815,,,,15102,30,7.6778181665685565,,Feature,,,,,,,,,,,Category,,,Subject
816,,,,15092,40,5.955689384024042,,Feature,,,,,,,,,,,Category,,,Subject
817,,,,15082,50,4.115722154776969,,Feature,,,,,,,,,,,Category,,,Subject
818,,,,15072,60,2.8494186757031743,,Feature,,,,,,,,,,,Category,,,Subject
819,,,,15062,70,2.4264047535285496,,Feature,,,,,,,,,,,Category,,,Subject
820,,,,15131,1,0.344812919156169,,,Feature,,,,,,,,,,Category,,,Subject
821,,,,15127,5,1.7221787249533256,,,Feature,,,,,,,,,,Category,,,Subject
822,,,,15122,10,3.4235160868687853,,,Feature,,,,,,,,,,Category,,,Subject
823,,,,15117,15,5.061722932821565,,,Feature,,,,,,,,,,Category,,,Subject
824,,,,15112,20,6.591738139917829,,,Feature,,,,,,,,,,Category,,,Subject
825,,,,15102,30,9.177790440095523,,,Feature,,,,,,,,,,Category,,,Subject
826,,,,15092,40,6.080605429475526,,,Feature,,,,,,,,,,Category,,,Subject
827,,,,15082,50,3.540470258933966,,,Feature,,,,,,,,,,Category,,,Subject
828,,,,15072,60,2.086470398198936,,,Feature,,,,,,,,,,Category,,,Subject
829,,,,15062,70,1.6777257117981943,,,Feature,,,,,,,,,,Category,,,Subject
830,,,,15131,1,0.7741748648923074,,,,Feature,,,,,,,,,Category,,,Subject
831,,,,15127,5,3.860842043540134,,,,Feature,,,,,,,,,Category,,,Subject
832,,,,15122,10,7.663929144295623,,,,Feature,,,,,,,,,Category,,,Subject
833,,,,15117,15,10.897980255750484,,,,Feature,,,,,,,,,Category,,,Subject
834,,,,15112,20,12.751645376014864,,,,Feature,,,,,,,,,Category,,,Subject
835,,,,15102,30,13.783359968627735,,,,Feature,,,,,,,,,Category,,,Subject
836,,,,15092,40,2.047635067060132,,,,Feature,,,,,,,,,Category,,,Subject
837,,,,15082,50,0.30552522018376893,,,,Feature,,,,,,,,,Category,,,Subject
838,,,,15072,60,0.044724488941038615,,,,Feature,,,,,,,,,Category,,,Subject
839,,,,15062,70,0.02542843382465372,,,,Feature,,,,,,,,,Category,,,Subject
840,,,,15131,1,0.32194780156447655,,,,,Feature,,,,,,,,Category,,,Subject
841,,,,15127,5,1.6059760176150546,,,,,Feature,,,,,,,,Category,,,Subject
842,,,,15122,10,3.19654901231368,,,,,Feature,,,,,,,,Category,,,Subject
843,,,,15117,15,4.7273763017447115,,,,,Feature,,,,,,,,Category,,,Subject
844,,,,15112,20,6.154321276436358,,,,,Feature,,,,,,,,Category,,,Subject
845,,,,15102,30,8.594786040270835,,,,,Feature,,,,,,,,Category,,,Subject
846,,,,15092,40,5.951022814650779,,,,,Feature,,,,,,,,Category,,,Subject
847,,,,15082,50,3.789408269374025,,,,,Feature,,,,,,,,Category,,,Subject
848,,,,15072,60,2.412456655730302,,,,,Feature,,,,,,,,Category,,,Subject
849,,,,15062,70,2.0267920946433984,,,,,Feature,,,,,,,,Category,,,Subject
850,,,,15131,1,0.9330695751000326,,,,,,Feature,,,,,,,Category,,,Subject
851,,,,15127,5,4.645650893901391,,,,,,Feature,,,,,,,Category,,,Subject
852,,,,15122,10,9.223239219342128,,,,,,Feature,,,,,,,Category,,,Subject
853,,,,15117,15,12.683249069659198,,,,,,Feature,,,,,,,Category,,,Subject
854,,,,15112,20,13.681035356042656,,,,,,Feature,,,,,,,Category,,,Subject
855,,,,15102,30,13.877101145354217,,,,,,Feature,,,,,,,Category,,,Subject
856,,,,15092,40,0.7890291408715776,,,,,,Feature,,,,,,,Category,,,Subject
857,,,,15082,50,0.0812592606928249,,,,,,Feature,,,,,,,Category,,,Subject
858,,,,15072,60,0.012198808771294693,,,,,,Feature,,,,,,,Category,,,Subject
859,,,,15062,70,0.008137531572322968,,,,,,Feature,,,,,,,Category,,,Subject
860,,,,15131,1,0.35543599268990683,,,,,,,Feature,,,,,,Category,,,Subject
861,,,,15127,5,1.7732708683906513,,,,,,,Feature,,,,,,Category,,,Subject
862,,,,15122,10,3.5256741177801305,,,,,,,Feature,,,,,,Category,,,Subject
863,,,,15117,15,5.2171995805375495,,,,,,,Feature,,,,,,Category,,,Subject
864,,,,15112,20,6.781631511058675,,,,,,,Feature,,,,,,Category,,,Subject
865,,,,15102,30,9.372012399422323,,,,,,,Feature,,,,,,Category,,,Subject
866,,,,15092,40,6.08623193249747,,,,,,,Feature,,,,,,Category,,,Subject
867,,,,15082,50,3.5479346797101354,,,,,,,Feature,,,,,,Category,,,Subject
868,,,,15072,60,2.020466511787794,,,,,,,Feature,,,,,,Category,,,Subject
869,,,,15062,70,1.5989348906993002,,,,,,,Feature,,,,,,Category,,,Subject
870,,,,15131,1,0.2491468723448881,,,,,,,,Feature,,,,,Category,,,Subject
871,,,,15127,5,1.2416065679171562,,,,,,,,Feature,,,,,Category,,,Subject
872,,,,15122,10,2.4673496106973265,,,,,,,,Feature,,,,,Category,,,Subject
873,,,,15117,15,3.657248240863422,,,,,,,,Feature,,,,,Category,,,Subject
874,,,,15112,20,4.782719694470235,,,,,,,,Feature,,,,,Category,,,Subject
875,,,,15102,30,6.794684930187065,,,,,,,,Feature,,,,,Category,,,Subject
876,,,,15092,40,5.603539570403971,,,,,,,,Feature,,,,,Category,,,Subject
877,,,,15082,50,4.258221252676956,,,,,,,,Feature,,,,,Category,,,Subject
878,,,,15072,60,3.1778271801251683,,,,,,,,Feature,,,,,Category,,,Subject
879,,,,15062,70,2.7939465815574875,,,,,,,,Feature,,,,,Category,,,Subject
880,,,,15131,1,0.3198264839575553,,,,,,,,,Feature,,,,Category,,,Subject
881,,,,15127,5,1.5951024035815553,,,,,,,,,Feature,,,,Category,,,Subject
882,,,,15122,10,3.174174559077035,,,,,,,,,Feature,,,,Category,,,Subject
883,,,,15117,15,4.693440858431094,,,,,,,,,Feature,,,,Category,,,Subject
884,,,,15112,20,6.113181650632907,,,,,,,,,Feature,,,,Category,,,Subject
885,,,,15102,30,8.561240046793557,,,,,,,,,Feature,,,,Category,,,Subject
886,,,,15092,40,6.0023789435477495,,,,,,,,,Feature,,,,Category,,,Subject
887,,,,15082,50,3.840920898032117,,,,,,,,,Feature,,,,Category,,,Subject
888,,,,15072,60,2.425126919203491,,,,,,,,,Feature,,,,Category,,,Subject
889,,,,15062,70,2.0273005243329245,,,,,,,,,Feature,,,,Category,,,Subject
890,,,,15131,1,0.22529546048399948,,,,,,,,,,Feature,,,Category,,,Subject
891,,,,15127,5,1.125726203779086,,,,,,,,,,Feature,,,Category,,,Subject
892,,,,15122,10,2.2434322059189054,,,,,,,,,,Feature,,,Category,,,Subject
893,,,,15117,15,3.3464945046257615,,,,,,,,,,Feature,,,Category,,,Subject
894,,,,15112,20,4.4167592361156185,,,,,,,,,,Feature,,,Category,,,Subject
895,,,,15102,30,6.401384580681265,,,,,,,,,,Feature,,,Category,,,Subject
896,,,,15092,40,5.496316502737976,,,,,,,,,,Feature,,,Category,,,Subject
897,,,,15082,50,4.153755473793243,,,,,,,,,,Feature,,,Category,,,Subject
898,,,,15072,60,3.0874314698585184,,,,,,,,,,Feature,,,Category,,,Subject
899,,,,15062,70,2.741000166961327,,,,,,,,,,Feature,,,Category,,,Subject
900,,,,15131,1,0.3800272305727226,,,,,,,,,,,Feature,,Category,,,Subject
901,,,,15127,5,1.8980000665655508,,,,,,,,,,,Feature,,Category,,,Subject
902,,,,15122,10,3.768297689647346,,,,,,,,,,,Feature,,Category,,,Subject
903,,,,15117,15,5.555507504242968,,,,,,,,,,,Feature,,Category,,,Subject
904,,,,15112,20,7.193875719480427,,,,,,,,,,,Feature,,Category,,,Subject
905,,,,15102,30,9.855863074249552,,,,,,,,,,,Feature,,Category,,,Subject
906,,,,15092,40,6.058827782481636,,,,,,,,,,,Feature,,Category,,,Subject
907,,,,15082,50,3.3075289392727956,,,,,,,,,,,Feature,,Category,,,Subject
908,,,,15072,60,1.7565202863148255,,,,,,,,,,,Feature,,Category,,,Subject
909,,,,15062,70,1.3667675031744395,,,,,,,,,,,Feature,,Category,,,Subject
910,,,,15131,1,0.9549136608781088,,,,,,,,,,,,Feature,Category,,,Subject
911,,,,15127,5,4.74060205730642,,,,,,,,,,,,Feature,Category,,,Subject
912,,,,15122,10,9.410489009205042,,,,,,,,,,,,Feature,Category,,,Subject
913,,,,15117,15,12.86626647659849,,,,,,,,,,,,Feature,Category,,,Subject
914,,,,15112,20,13.720324437240187,,,,,,,,,,,,Feature,Category,,,Subject
915,,,,15102,30,13.87587651725187,,,,,,,,,,,,Feature,Category,,,Subject
916,,,,15092,40,0.7668005086523239,,,,,,,,,,,,Feature,Category,,,Subject
917,,,,15082,50,0.07719726504655032,,,,,,,,,,,,Feature,Category,,,Subject
918,,,,15072,60,0.016264875008162077,,,,,,,,,,,,Feature,Category,,,Subject
919,,,,15062,70,0.008137531572322968,,,,,,,,,,,,Feature,Category,,,Subject
