,Subject,Category,Feature,k,$H(k)$
0,NARRATOR,Other,Unknown,1,0.1520135625475177
1,NARRATOR,Other,Unknown,3,0.42747977509583707
2,NARRATOR,Other,Unknown,5,0.6895397008321142
3,NARRATOR,Other,Unknown,7,0.9467030492222327
4,NARRATOR,Other,Unknown,9,1.1977475804858948
5,NARRATOR,Other,Unknown,16,2.028531646747181
6,NARRATOR,Other,Unknown,21,2.5760999409309493
7,NARRATOR,Other,Unknown,26,3.0947140162635236
8,NARRATOR,Other,Unknown,31,3.5916018510365624
9,NARRATOR,Response,Anger,1,0.008619355818627156
10,NARRATOR,Response,Anger,3,0.0258585317316877
11,NARRATOR,Response,Anger,5,0.043098322168820716
12,NARRATOR,Response,Anger,7,0.06033872169973839
13,NARRATOR,Response,Anger,9,0.07757972487362559
14,NARRATOR,Response,Anger,16,0.13692753498352622
15,NARRATOR,Response,Anger,21,0.1783723196262781
16,NARRATOR,Response,Anger,26,0.21982299736769306
17,NARRATOR,Response,Anger,31,0.26123969124123997
18,NARRATOR,Response,Anticipation,1,0.02024309335738782
19,NARRATOR,Response,Anticipation,3,0.05965401764792154
20,NARRATOR,Response,Anticipation,5,0.09833826756745098
21,NARRATOR,Response,Anticipation,7,0.13701270180930222
22,NARRATOR,Response,Anticipation,9,0.17550287751379046
23,NARRATOR,Response,Anticipation,16,0.30831153387374816
24,NARRATOR,Response,Anticipation,21,0.4029219762623755
25,NARRATOR,Response,Anticipation,26,0.49745364449518925
26,NARRATOR,Response,Anticipation,31,0.591934090181951
27,NARRATOR,Response,Arousal,1,0.05595068214413432
28,NARRATOR,Response,Arousal,3,0.16179149390914196
29,NARRATOR,Response,Arousal,5,0.26354802225082
30,NARRATOR,Response,Arousal,7,0.36165492674662625
31,NARRATOR,Response,Arousal,9,0.4567515249893164
32,NARRATOR,Response,Arousal,16,0.7756469083515206
33,NARRATOR,Response,Arousal,21,0.9913609424918156
34,NARRATOR,Response,Arousal,26,1.2039047551806379
35,NARRATOR,Response,Arousal,31,1.4111292302588174
36,NARRATOR,Response,Disgust,1,0.004672859273243591
37,NARRATOR,Response,Disgust,3,0.014019513421010049
38,NARRATOR,Response,Disgust,5,0.023367414684276805
39,NARRATOR,Response,Disgust,7,0.032716562638112456
40,NARRATOR,Response,Disgust,9,0.0420669568558839
41,NARRATOR,Response,Disgust,16,0.07480314474697307
42,NARRATOR,Response,Disgust,21,0.0981954695980916
43,NARRATOR,Response,Disgust,26,0.12159556462851819
44,NARRATOR,Response,Disgust,31,0.14500342293616209
45,NARRATOR,Response,Dominance,1,0.09825339191927168
46,NARRATOR,Response,Dominance,3,0.2722263839932708
47,NARRATOR,Response,Dominance,5,0.43661876242287917
48,NARRATOR,Response,Dominance,7,0.5927170084866836
49,NARRATOR,Response,Dominance,9,0.7413658857453869
50,NARRATOR,Response,Dominance,16,1.2151336751490256
51,NARRATOR,Response,Dominance,21,1.5229407978079161
52,NARRATOR,Response,Dominance,26,1.8184323866280063
53,NARRATOR,Response,Dominance,31,2.1030203547808437
54,NARRATOR,Response,Fear,1,0.015785605381158724
55,NARRATOR,Response,Fear,3,0.04714357904327221
56,NARRATOR,Response,Fear,5,0.07806736514916413
57,NARRATOR,Response,Fear,7,0.10807813590684828
58,NARRATOR,Response,Fear,9,0.13781654518041742
59,NARRATOR,Response,Fear,16,0.2408947514479802
60,NARRATOR,Response,Fear,21,0.31264010425992206
61,NARRATOR,Response,Fear,26,0.3826170222583643
62,NARRATOR,Response,Fear,31,0.45220190789650183
63,NARRATOR,Response,Joy,1,0.016919246181987223
64,NARRATOR,Response,Joy,3,0.05015753715907342
65,NARRATOR,Response,Joy,5,0.08316671975180422
66,NARRATOR,Response,Joy,7,0.11505964984856572
67,NARRATOR,Response,Joy,9,0.14667704832691653
68,NARRATOR,Response,Joy,16,0.25556685400233187
69,NARRATOR,Response,Joy,21,0.33266332874397153
70,NARRATOR,Response,Joy,26,0.40974071425179837
71,NARRATOR,Response,Joy,31,0.48679853777078086
72,NARRATOR,Response,Sadness,1,0.015785605381158724
73,NARRATOR,Response,Sadness,3,0.046714053351561605
74,NARRATOR,Response,Sadness,5,0.07739800053289606
75,NARRATOR,Response,Sadness,7,0.1073847938945327
76,NARRATOR,Response,Sadness,9,0.13708421841510884
77,NARRATOR,Response,Sadness,16,0.2383443606437386
78,NARRATOR,Response,Sadness,21,0.30795947353911274
79,NARRATOR,Response,Sadness,26,0.37552430439419127
80,NARRATOR,Response,Sadness,31,0.44145691368727463
81,NARRATOR,Response,Surprise,1,0.013473229902590738
82,NARRATOR,Response,Surprise,3,0.0396786527621527
83,NARRATOR,Response,Surprise,5,0.065602475670572
84,NARRATOR,Response,Surprise,7,0.09098891722939559
85,NARRATOR,Response,Surprise,9,0.11634248935014493
86,NARRATOR,Response,Surprise,16,0.2021226195334043
87,NARRATOR,Response,Surprise,21,0.26113144804580096
88,NARRATOR,Response,Surprise,26,0.3197637169534735
89,NARRATOR,Response,Surprise,31,0.37838955573788763
90,NARRATOR,Response,Trust,1,0.02293661458338282
91,NARRATOR,Response,Trust,3,0.06607496680700119
92,NARRATOR,Response,Trust,5,0.10732149939621968
93,NARRATOR,Response,Trust,7,0.14612832913520946
94,NARRATOR,Response,Trust,9,0.18433459762971033
95,NARRATOR,Response,Trust,16,0.31505352577579365
96,NARRATOR,Response,Trust,21,0.40566660263229215
97,NARRATOR,Response,Trust,26,0.496221366148408
98,NARRATOR,Response,Trust,31,0.586737643219456
99,NARRATOR,Response,Valence,1,0.11928386042771878
100,NARRATOR,Response,Valence,3,0.32174607561693047
101,NARRATOR,Response,Valence,5,0.5094193479263266
102,NARRATOR,Response,Valence,7,0.6872940723482442
103,NARRATOR,Response,Valence,9,0.855521560360493
104,NARRATOR,Response,Valence,16,1.3747167087812522
105,NARRATOR,Response,Valence,21,1.70688056701797
106,NARRATOR,Response,Valence,26,2.019647488983472
107,NARRATOR,Response,Valence,31,2.321980935287957
108,NARRATOR,Stimulus,Anger,1,0.24781405730305095
109,NARRATOR,Stimulus,Anger,3,0.7408558265213784
110,NARRATOR,Stimulus,Anger,5,1.2321364328739326
111,NARRATOR,Stimulus,Anger,7,1.7217701734770667
112,NARRATOR,Stimulus,Anger,9,2.208501979240859
113,NARRATOR,Stimulus,Anger,16,3.8622957578975683
114,NARRATOR,Stimulus,Anger,21,4.979297069390982
115,NARRATOR,Stimulus,Anger,26,6.030494058769995
116,NARRATOR,Stimulus,Anger,31,7.0024196061682575
117,NARRATOR,Stimulus,Anticipation,1,0.3511281601023989
118,NARRATOR,Stimulus,Anticipation,3,1.0526755889609527
119,NARRATOR,Stimulus,Anticipation,5,1.7528464229923546
120,NARRATOR,Stimulus,Anticipation,7,2.450739026872334
121,NARRATOR,Stimulus,Anticipation,9,3.142773887247079
122,NARRATOR,Stimulus,Anticipation,16,5.4727645866654555
123,NARRATOR,Stimulus,Anticipation,21,6.98185541210173
124,NARRATOR,Stimulus,Anticipation,26,8.346072792326735
125,NARRATOR,Stimulus,Anticipation,31,9.525344056799888
126,NARRATOR,Stimulus,Arousal,1,0.7854520840904222
127,NARRATOR,Stimulus,Arousal,3,2.3487420213770283
128,NARRATOR,Stimulus,Arousal,5,3.9094533431361245
129,NARRATOR,Stimulus,Arousal,7,5.466387542881258
130,NARRATOR,Stimulus,Arousal,9,7.00850189060221
131,NARRATOR,Stimulus,Arousal,16,11.542144453499207
132,NARRATOR,Stimulus,Arousal,21,13.121784787639973
133,NARRATOR,Stimulus,Arousal,26,13.720903598738385
134,NARRATOR,Stimulus,Arousal,31,13.919752912528155
135,NARRATOR,Stimulus,Disgust,1,0.18249225275169947
136,NARRATOR,Stimulus,Disgust,3,0.546969622636076
137,NARRATOR,Stimulus,Disgust,5,0.9105803281396895
138,NARRATOR,Stimulus,Disgust,7,1.2722659702131158
139,NARRATOR,Stimulus,Disgust,9,1.631420307081163
140,NARRATOR,Stimulus,Disgust,16,2.86244080924368
141,NARRATOR,Stimulus,Disgust,21,3.7145612285610397
142,NARRATOR,Stimulus,Disgust,26,4.544062505997124
143,NARRATOR,Stimulus,Disgust,31,5.345593173117784
144,NARRATOR,Stimulus,Dominance,1,0.9402969544281199
145,NARRATOR,Stimulus,Dominance,3,2.8130932280447962
146,NARRATOR,Stimulus,Dominance,5,4.679162110004143
147,NARRATOR,Stimulus,Dominance,7,6.540509362477011
148,NARRATOR,Stimulus,Dominance,9,8.387889817408492
149,NARRATOR,Stimulus,Dominance,16,13.17673097404143
150,NARRATOR,Stimulus,Dominance,21,13.871943278618712
151,NARRATOR,Stimulus,Dominance,26,13.980681362820606
152,NARRATOR,Stimulus,Dominance,31,14.00192860689146
153,NARRATOR,Stimulus,Fear,1,0.28504585272760075
154,NARRATOR,Stimulus,Fear,3,0.8524875699541701
155,NARRATOR,Stimulus,Fear,5,1.417360308297751
156,NARRATOR,Stimulus,Fear,7,1.9787832943325039
157,NARRATOR,Stimulus,Fear,9,2.536349634646192
158,NARRATOR,Stimulus,Fear,16,4.42313044772176
159,NARRATOR,Stimulus,Fear,21,5.676921574344523
160,NARRATOR,Stimulus,Fear,26,6.836066779199203
161,NARRATOR,Stimulus,Fear,31,7.877205725804969
162,NARRATOR,Stimulus,Joy,1,0.3232266555193455
163,NARRATOR,Stimulus,Joy,3,0.9679610558805432
164,NARRATOR,Stimulus,Joy,5,1.6116297573952192
165,NARRATOR,Stimulus,Joy,7,2.2535947962893825
166,NARRATOR,Stimulus,Joy,9,2.8910748822257037
167,NARRATOR,Stimulus,Joy,16,5.043010871916447
168,NARRATOR,Stimulus,Joy,21,6.45625535854616
169,NARRATOR,Stimulus,Joy,26,7.740533562145202
170,NARRATOR,Stimulus,Joy,31,8.849251316574941
171,NARRATOR,Stimulus,Sadness,1,0.2888980315889216
172,NARRATOR,Stimulus,Sadness,3,0.8651578762845084
173,NARRATOR,Stimulus,Sadness,5,1.4398975970028092
174,NARRATOR,Stimulus,Sadness,7,2.011637754507734
175,NARRATOR,Stimulus,Sadness,9,2.577450390229125
176,NARRATOR,Stimulus,Sadness,16,4.4949272787082215
177,NARRATOR,Stimulus,Sadness,21,5.771691806846712
178,NARRATOR,Stimulus,Sadness,26,6.927275613612889
179,NARRATOR,Stimulus,Sadness,31,7.971635261960648
180,NARRATOR,Stimulus,Surprise,1,0.23671528015423082
181,NARRATOR,Stimulus,Surprise,3,0.70906369467423
182,NARRATOR,Stimulus,Surprise,5,1.180630290016183
183,NARRATOR,Stimulus,Surprise,7,1.650623599299714
184,NARRATOR,Stimulus,Surprise,9,2.1163767654618275
185,NARRATOR,Stimulus,Surprise,16,3.702208804554035
186,NARRATOR,Stimulus,Surprise,21,4.787979289419677
187,NARRATOR,Stimulus,Surprise,26,5.824480287878492
188,NARRATOR,Stimulus,Surprise,31,6.807252314128954
189,NARRATOR,Stimulus,Trust,1,0.3309182984084644
190,NARRATOR,Stimulus,Trust,3,0.9915334853050132
191,NARRATOR,Stimulus,Trust,5,1.6509358503198734
192,NARRATOR,Stimulus,Trust,7,2.3085763161993067
193,NARRATOR,Stimulus,Trust,9,2.9632913366328184
194,NARRATOR,Stimulus,Trust,16,5.1797256820762785
195,NARRATOR,Stimulus,Trust,21,6.64072675144847
196,NARRATOR,Stimulus,Trust,26,7.957759874175756
197,NARRATOR,Stimulus,Trust,31,9.11842421030581
198,NARRATOR,Stimulus,Valence,1,0.9912612374916046
199,NARRATOR,Stimulus,Valence,3,2.9584019604530996
200,NARRATOR,Stimulus,Valence,5,4.915336929636716
201,NARRATOR,Stimulus,Valence,7,6.866783546853433
202,NARRATOR,Stimulus,Valence,9,8.802723162321927
203,NARRATOR,Stimulus,Valence,16,13.56614331062416
204,NARRATOR,Stimulus,Valence,21,13.96034186170818
205,NARRATOR,Stimulus,Valence,26,14.002810668777185
206,NARRATOR,Stimulus,Valence,31,14.008552334140084
207,READER,Other,Unknown,1,0.1520135625475177
208,READER,Other,Unknown,3,0.42747977509583707
209,READER,Other,Unknown,5,0.6895397008321142
210,READER,Other,Unknown,7,0.9467030492222327
211,READER,Other,Unknown,9,1.1977475804858948
212,READER,Other,Unknown,16,2.028531646747181
213,READER,Other,Unknown,21,2.5760999409309493
214,READER,Other,Unknown,26,3.0947140162635236
215,READER,Other,Unknown,31,3.5916018510365624
216,READER,Response,Anger,1,0.007342022989580658
217,READER,Response,Anger,3,0.022026831332959212
218,READER,Response,Anger,5,0.03634521415560863
219,READER,Response,Anger,7,0.0502973691976638
220,READER,Response,Anger,9,0.06424107540305
221,READER,Response,Anger,16,0.11301999658517867
222,READER,Response,Anger,21,0.14787155379032443
223,READER,Response,Anger,26,0.18273096499544966
224,READER,Response,Anger,31,0.21759819616807213
225,READER,Response,Anticipation,1,0.012291572773495376
226,READER,Response,Anticipation,3,0.03607609801184475
227,READER,Response,Anticipation,5,0.05955631121779374
228,READER,Response,Anticipation,7,0.08303026264743163
229,READER,Response,Anticipation,9,0.10650376468948972
230,READER,Response,Anticipation,16,0.18777875881559214
231,READER,Response,Anticipation,21,0.2449335973549998
232,READER,Response,Anticipation,26,0.302088609318036
233,READER,Response,Anticipation,31,0.35829682431365795
234,READER,Response,Arousal,1,0.0537388964727577
235,READER,Response,Arousal,3,0.14934046116875194
236,READER,Response,Arousal,5,0.2390783584896007
237,READER,Response,Arousal,7,0.32604648596166547
238,READER,Response,Arousal,9,0.4103972076652991
239,READER,Response,Arousal,16,0.699189931585612
240,READER,Response,Arousal,21,0.9008855226046156
241,READER,Response,Arousal,26,1.0981296518127641
242,READER,Response,Arousal,31,1.290820636513174
243,READER,Response,Disgust,1,0.00669062981974036
244,READER,Response,Disgust,3,0.02007274856436147
245,READER,Response,Disgust,5,0.03306909935372884
246,READER,Response,Disgust,7,0.04567984181120929
247,READER,Response,Disgust,9,0.05828099311926754
248,READER,Response,Disgust,16,0.10235732774880225
249,READER,Response,Disgust,21,0.13385050838506604
250,READER,Response,Disgust,26,0.16535206771386296
251,READER,Response,Disgust,31,0.19686198343561373
252,READER,Response,Dominance,1,0.0794864921863324
253,READER,Response,Dominance,3,0.22155153502218655
254,READER,Response,Dominance,5,0.3545428921962308
255,READER,Response,Dominance,7,0.4814564504698228
256,READER,Response,Dominance,9,0.6037181661070918
257,READER,Response,Dominance,16,1.0080143287437435
258,READER,Response,Dominance,21,1.2821110788363292
259,READER,Response,Dominance,26,1.5477782130455546
260,READER,Response,Dominance,31,1.8065542407664443
261,READER,Response,Fear,1,0.007342022989580658
262,READER,Response,Fear,3,0.022026831332959212
263,READER,Response,Fear,5,0.03671265362601011
264,READER,Response,Fear,7,0.051399486816320124
265,READER,Response,Fear,9,0.06608732784084002
266,READER,Response,Fear,16,0.11750266364723601
267,READER,Response,Fear,21,0.15423536562454118
268,READER,Response,Fear,26,0.190974230643041
269,READER,Response,Fear,31,0.22771920935877926
270,READER,Response,Joy,1,0.01048185668983727
271,READER,Response,Joy,3,0.0311517861821871
272,READER,Response,Joy,5,0.05152198653849501
273,READER,Response,Joy,7,0.0718861184985841
274,READER,Response,Joy,9,0.09225041544958215
275,READER,Response,Joy,16,0.16352662810775767
276,READER,Response,Joy,21,0.21443917205732785
277,READER,Response,Joy,26,0.2653523615376531
278,READER,Response,Joy,31,0.31533968871280343
279,READER,Response,Sadness,1,0.012884702512540256
280,READER,Response,Sadness,3,0.03749314109320496
281,READER,Response,Sadness,5,0.06137774826343402
282,READER,Response,Sadness,7,0.08523865855243083
283,READER,Response,Sadness,9,0.1090992124149445
284,READER,Response,Sadness,16,0.19260815706152204
285,READER,Response,Sadness,21,0.252254323147955
286,READER,Response,Sadness,26,0.31189768843045224
287,READER,Response,Sadness,31,0.37153804373233545
288,READER,Response,Surprise,1,0.006029510884437381
289,READER,Response,Surprise,3,0.018089453190054915
290,READER,Response,Surprise,5,0.030150621693816916
291,READER,Response,Surprise,7,0.04221301497053246
292,READER,Response,Surprise,9,0.054276631590224514
293,READER,Response,Surprise,16,0.09650890282693039
294,READER,Response,Surprise,21,0.1266839408249813
295,READER,Response,Surprise,26,0.15686656129547177
296,READER,Response,Surprise,31,0.1870567412294561
297,READER,Response,Trust,1,0.012884702512540256
298,READER,Response,Trust,3,0.0384015291109683
299,READER,Response,Trust,5,0.06366088376134851
300,READER,Response,Trust,7,0.08839325255106431
301,READER,Response,Trust,9,0.11310416273770299
302,READER,Response,Trust,16,0.19955224844326205
303,READER,Response,Trust,21,0.2607507959486476
304,READER,Response,Trust,26,0.3210593632743197
305,READER,Response,Trust,31,0.3804796285745886
306,READER,Response,Valence,1,0.09095482464725953
307,READER,Response,Valence,3,0.2493373456165899
308,READER,Response,Valence,5,0.395444986662022
309,READER,Response,Valence,7,0.5366100417354389
310,READER,Response,Valence,9,0.6692977698192568
311,READER,Response,Valence,16,1.1025017782124278
312,READER,Response,Valence,21,1.3935570618597546
313,READER,Response,Valence,26,1.6751073377337693
314,READER,Response,Valence,31,1.9486526254299845
315,READER,Stimulus,Anger,1,0.24891196402658333
316,READER,Stimulus,Anger,3,0.7440888503351885
317,READER,Stimulus,Anger,5,1.237681310003418
318,READER,Stimulus,Anger,7,1.7296500637463592
319,READER,Stimulus,Anger,9,2.218637156548326
320,READER,Stimulus,Anger,16,3.8809242430958055
321,READER,Stimulus,Anger,21,5.003959474626304
322,READER,Stimulus,Anger,26,6.063865681631435
323,READER,Stimulus,Anger,31,7.040881225956143
324,READER,Stimulus,Anticipation,1,0.35435693747135083
325,READER,Stimulus,Anticipation,3,1.0623165861943205
326,READER,Stimulus,Anticipation,5,1.768758101984277
327,READER,Stimulus,Anticipation,7,2.473007564746393
328,READER,Stimulus,Anticipation,9,3.170840452490777
329,READER,Stimulus,Anticipation,16,5.523398082342936
330,READER,Stimulus,Anticipation,21,7.051650204471282
331,READER,Stimulus,Anticipation,26,8.42542588725491
332,READER,Stimulus,Anticipation,31,9.611224692889847
333,READER,Stimulus,Arousal,1,0.7876165462006925
334,READER,Stimulus,Arousal,3,2.356625556655552
335,READER,Stimulus,Arousal,5,3.9233091475420125
336,READER,Stimulus,Arousal,7,5.485900522597293
337,READER,Stimulus,Arousal,9,7.033279006392892
338,READER,Stimulus,Arousal,16,11.580639487144099
339,READER,Stimulus,Arousal,21,13.1624558010298
340,READER,Stimulus,Arousal,26,13.742180647793283
341,READER,Stimulus,Arousal,31,13.93368808441818
342,READER,Stimulus,Disgust,1,0.18249225275169947
343,READER,Stimulus,Disgust,3,0.5470061653067839
344,READER,Stimulus,Disgust,5,0.9107497814657763
345,READER,Stimulus,Disgust,7,1.2724499883085587
346,READER,Stimulus,Disgust,9,1.6317147147538518
347,READER,Stimulus,Disgust,16,2.8644352892713068
348,READER,Stimulus,Disgust,21,3.718429832328394
349,READER,Stimulus,Disgust,26,4.54972767694105
350,READER,Stimulus,Disgust,31,5.35281071960923
351,READER,Stimulus,Dominance,1,0.9436832347915864
352,READER,Stimulus,Dominance,3,2.8251940647334015
353,READER,Stimulus,Dominance,5,4.7011800086163475
354,READER,Stimulus,Dominance,7,6.5733178469300375
355,READER,Stimulus,Dominance,9,8.430369849915039
356,READER,Stimulus,Dominance,16,13.252597226177132
357,READER,Stimulus,Dominance,21,13.898383757379715
358,READER,Stimulus,Dominance,26,13.986865121903124
359,READER,Stimulus,Dominance,31,14.002443321956365
360,READER,Stimulus,Fear,1,0.2873601536907125
361,READER,Stimulus,Fear,3,0.8595809091921925
362,READER,Stimulus,Fear,5,1.429306043342217
363,READER,Stimulus,Fear,7,1.995670815105702
364,READER,Stimulus,Fear,9,2.5573397706172587
365,READER,Stimulus,Fear,16,4.459846695592133
366,READER,Stimulus,Fear,21,5.724352087446941
367,READER,Stimulus,Fear,26,6.889930521810687
368,READER,Stimulus,Fear,31,7.935563756683237
369,READER,Stimulus,Joy,1,0.3258815098582707
370,READER,Stimulus,Joy,3,0.9758547614902569
371,READER,Stimulus,Joy,5,1.6247698468344682
372,READER,Stimulus,Joy,7,2.271994618514895
373,READER,Stimulus,Joy,9,2.914436044575448
374,READER,Stimulus,Joy,16,5.085460697486495
375,READER,Stimulus,Joy,21,6.510106927826788
376,READER,Stimulus,Joy,26,7.8034504903377195
377,READER,Stimulus,Joy,31,8.919603675112805
378,READER,Stimulus,Sadness,1,0.2904319496343535
379,READER,Stimulus,Sadness,3,0.8699332320495665
380,READER,Stimulus,Sadness,5,1.4481540386591074
381,READER,Stimulus,Sadness,7,2.0230620468837146
382,READER,Stimulus,Sadness,9,2.5920074868173355
383,READER,Stimulus,Sadness,16,4.517858493019364
384,READER,Stimulus,Sadness,21,5.800555619038764
385,READER,Stimulus,Sadness,26,6.963386657572733
386,READER,Stimulus,Sadness,31,8.013005780792586
387,READER,Stimulus,Surprise,1,0.24062496863702887
388,READER,Stimulus,Surprise,3,0.7206573179763596
389,READER,Stimulus,Surprise,5,1.1997788809037466
390,READER,Stimulus,Surprise,7,1.6771132710146488
391,READER,Stimulus,Surprise,9,2.150390105991454
392,READER,Stimulus,Surprise,16,3.760671927948087
393,READER,Stimulus,Surprise,21,4.860637026182297
394,READER,Stimulus,Surprise,26,5.909359511209969
395,READER,Stimulus,Surprise,31,6.902648636247559
396,READER,Stimulus,Trust,1,0.3354402535510068
397,READER,Stimulus,Trust,3,1.0048646101433247
398,READER,Stimulus,Trust,5,1.6732533822849147
399,READER,Stimulus,Trust,7,2.3392230137376275
400,READER,Stimulus,Trust,9,3.002312963742228
401,READER,Stimulus,Trust,16,5.2449945668446265
402,READER,Stimulus,Trust,21,6.7237510949450625
403,READER,Stimulus,Trust,26,8.05811377429506
404,READER,Stimulus,Trust,31,9.22939739602882
405,READER,Stimulus,Valence,1,0.9930649084138131
406,READER,Stimulus,Valence,3,2.9664896269854686
407,READER,Stimulus,Valence,5,4.931197689659941
408,READER,Stimulus,Valence,7,6.890811823546658
409,READER,Stimulus,Valence,9,8.835445432275144
410,READER,Stimulus,Valence,16,13.61581636262439
411,READER,Stimulus,Valence,21,13.975055157829722
412,READER,Stimulus,Valence,26,14.004022789989298
413,READER,Stimulus,Valence,31,14.008552334140084
414,abel,Other,Unknown,1,0.1520135625475177
415,abel,Other,Unknown,3,0.42747977509583707
416,abel,Other,Unknown,5,0.6895397008321142
417,abel,Other,Unknown,7,0.9467030492222327
418,abel,Other,Unknown,9,1.1977475804858948
419,abel,Other,Unknown,16,2.028531646747181
420,abel,Other,Unknown,21,2.5760999409309493
421,abel,Other,Unknown,26,3.0947140162635236
422,abel,Other,Unknown,31,3.5916018510365624
423,abel,Response,Anger,1,0.012291572773495376
424,abel,Response,Anger,3,0.03369017105533292
425,abel,Response,Anger,5,0.054247275276364026
426,abel,Response,Anger,7,0.07386628217950628
427,abel,Response,Anger,9,0.09343849006700916
428,abel,Response,Anger,16,0.15793890734368704
429,abel,Response,Anger,21,0.2001336493290557
430,abel,Response,Anger,26,0.2410976627193539
431,abel,Response,Anger,31,0.28034909456890283
432,abel,Response,Anticipation,1,0.019147092429537108
433,abel,Response,Anticipation,3,0.05625887582493724
434,abel,Response,Anticipation,5,0.09166894178519147
435,abel,Response,Anticipation,7,0.1257232956489049
436,abel,Response,Anticipation,9,0.1587612245572716
437,abel,Response,Anticipation,16,0.2693192553659132
438,abel,Response,Anticipation,21,0.3431805312049501
439,abel,Response,Anticipation,26,0.4127727953350828
440,abel,Response,Anticipation,31,0.48191668278075006
441,abel,Response,Arousal,1,0.04419791490166888
442,abel,Response,Arousal,3,0.12183860910919121
443,abel,Response,Arousal,5,0.19320598495123276
444,abel,Response,Arousal,7,0.2597643800627366
445,abel,Response,Arousal,9,0.3226941262717908
446,abel,Response,Arousal,16,0.514622449561741
447,abel,Response,Arousal,21,0.6355803330359295
448,abel,Response,Arousal,26,0.7480744697438644
449,abel,Response,Arousal,31,0.8565131655493659
450,abel,Response,Disgust,1,0.004672859273243591
451,abel,Response,Disgust,3,0.014019513421010049
452,abel,Response,Disgust,5,0.023367414684276805
453,abel,Response,Disgust,7,0.03179027418150865
454,abel,Response,Disgust,9,0.04021443136843623
455,abel,Response,Disgust,16,0.06960362941367403
456,abel,Response,Disgust,21,0.09059301727155213
457,abel,Response,Disgust,26,0.11159045862274619
458,abel,Response,Disgust,31,0.13259595202942612
459,abel,Response,Dominance,1,0.06502411495944328
460,abel,Response,Dominance,3,0.17270434282443772
461,abel,Response,Dominance,5,0.2707088075939839
462,abel,Response,Dominance,7,0.360175724407379
463,abel,Response,Dominance,9,0.4431536106856732
464,abel,Response,Dominance,16,0.6971242398617904
465,abel,Response,Dominance,21,0.8534482550462563
466,abel,Response,Dominance,26,0.9981261029603277
467,abel,Response,Dominance,31,1.1374192915440893
468,abel,Response,Fear,1,0.011090453529920954
469,abel,Response,Fear,3,0.032407695058833084
470,abel,Response,Fear,5,0.05276882741500572
471,abel,Response,Fear,7,0.07182712078391983
472,abel,Response,Fear,9,0.09026263363584754
473,abel,Response,Fear,16,0.15476602096446934
474,abel,Response,Fear,21,0.19981508012089202
475,abel,Response,Fear,26,0.24202414114414347
476,abel,Response,Fear,31,0.28012654055624175
477,abel,Response,Joy,1,0.016919246181987223
478,abel,Response,Joy,3,0.047969402781467156
479,abel,Response,Joy,5,0.07757496247726796
480,abel,Response,Joy,7,0.10595789247356732
481,abel,Response,Joy,9,0.13394207385144727
482,abel,Response,Joy,16,0.2299307665196987
483,abel,Response,Joy,21,0.2956909643193275
484,abel,Response,Joy,26,0.35921677666206653
485,abel,Response,Joy,31,0.4214295137819455
486,abel,Response,Sadness,1,0.011693585037249401
487,abel,Response,Sadness,3,0.0327550560767759
488,abel,Response,Sadness,5,0.053760302873777435
489,abel,Response,Sadness,7,0.07476587832274441
490,abel,Response,Sadness,9,0.09577177381240165
491,abel,Response,Sadness,16,0.1661386580004823
492,abel,Response,Sadness,21,0.21628448857060611
493,abel,Response,Sadness,26,0.2658080154808664
494,abel,Response,Sadness,31,0.31275465089796134
495,abel,Response,Surprise,1,0.008619355818627156
496,abel,Response,Surprise,3,0.025053404966601106
497,abel,Response,Surprise,5,0.04064824605048523
498,abel,Response,Surprise,7,0.056209146622125714
499,abel,Response,Surprise,9,0.07177126607986951
500,abel,Response,Surprise,16,0.12624823951929698
501,abel,Response,Surprise,21,0.16243840012890814
502,abel,Response,Surprise,26,0.1971619685570443
503,abel,Response,Surprise,31,0.23189582328667885
504,abel,Response,Trust,1,0.015213391791759154
505,abel,Response,Trust,3,0.04343138856686057
506,abel,Response,Trust,5,0.07029048321323714
507,abel,Response,Trust,7,0.09588852089095576
508,abel,Response,Trust,9,0.12077079720308324
509,abel,Response,Trust,16,0.2055119263964412
510,abel,Response,Trust,21,0.2619771666338492
511,abel,Response,Trust,26,0.31678408004684205
512,abel,Response,Trust,31,0.37055428798691237
513,abel,Response,Valence,1,0.07827525949360858
514,abel,Response,Valence,3,0.21092527272818692
515,abel,Response,Valence,5,0.3255794245833759
516,abel,Response,Valence,7,0.43198706681515026
517,abel,Response,Valence,9,0.5288460132793351
518,abel,Response,Valence,16,0.8175485472386359
519,abel,Response,Valence,21,0.9913713247839978
520,abel,Response,Valence,26,1.1503102790297686
521,abel,Response,Valence,31,1.3001178776639468
522,abel,Stimulus,Anger,1,0.24671401121410452
523,abel,Stimulus,Anger,3,0.7379912711786608
524,abel,Stimulus,Anger,5,1.2277421599443483
525,abel,Stimulus,Anger,7,1.7160464051034283
526,abel,Stimulus,Anger,9,2.2018103450026594
527,abel,Stimulus,Anger,16,3.851795401263954
528,abel,Stimulus,Anger,21,4.967478855613468
529,abel,Stimulus,Anger,26,6.018014836835366
530,abel,Stimulus,Anger,31,6.985562729273469
531,abel,Stimulus,Anticipation,1,0.3522832106922295
532,abel,Stimulus,Anticipation,3,1.0560143189347753
533,abel,Stimulus,Anticipation,5,1.758343511687041
534,abel,Stimulus,Anticipation,7,2.458501514060735
535,abel,Stimulus,Anticipation,9,3.152818450977884
536,abel,Stimulus,Anticipation,16,5.49102594427028
537,abel,Stimulus,Anticipation,21,7.008600106036551
538,abel,Stimulus,Anticipation,26,8.375872335517837
539,abel,Stimulus,Anticipation,31,9.562263467120452
540,abel,Stimulus,Arousal,1,0.7879246978063053
541,abel,Stimulus,Arousal,3,2.3569663511706787
542,abel,Stimulus,Arousal,5,3.9234128368959076
543,abel,Stimulus,Arousal,7,5.485925253724835
544,abel,Stimulus,Arousal,9,7.034310324674758
545,abel,Stimulus,Arousal,16,11.578720223658557
546,abel,Stimulus,Arousal,21,13.159192195826622
547,abel,Stimulus,Arousal,26,13.752297246378467
548,abel,Stimulus,Arousal,31,13.944544866640365
549,abel,Stimulus,Disgust,1,0.18218136156398326
550,abel,Stimulus,Disgust,3,0.5460273467166904
551,abel,Stimulus,Disgust,5,0.9089983467689868
552,abel,Stimulus,Disgust,7,1.2700526860677124
553,abel,Stimulus,Disgust,9,1.6288398024634467
554,abel,Stimulus,Disgust,16,2.8599971500082533
555,abel,Stimulus,Disgust,21,3.7134831148765346
556,abel,Stimulus,Disgust,26,4.544175951943213
557,abel,Stimulus,Disgust,31,5.346872506378443
558,abel,Stimulus,Dominance,1,0.9443778164441514
559,abel,Stimulus,Dominance,3,2.8267509959852317
560,abel,Stimulus,Dominance,5,4.702552476955111
561,abel,Stimulus,Dominance,7,6.5742926332378815
562,abel,Stimulus,Dominance,9,8.431138692187005
563,abel,Stimulus,Dominance,16,13.243096018630167
564,abel,Stimulus,Dominance,21,13.899916740376364
565,abel,Stimulus,Dominance,26,13.987362995276898
566,abel,Stimulus,Dominance,31,14.003232624775928
567,abel,Stimulus,Fear,1,0.2868466430845249
568,abel,Stimulus,Fear,3,0.8581313900590152
569,abel,Stimulus,Fear,5,1.427007304316104
570,abel,Stimulus,Fear,7,1.9927156980641387
571,abel,Stimulus,Fear,9,2.5542600010613112
572,abel,Stimulus,Fear,16,4.45628849605052
573,abel,Stimulus,Fear,21,5.722724012983543
574,abel,Stimulus,Fear,26,6.89243948758772
575,abel,Stimulus,Fear,31,7.946113885763695
576,abel,Stimulus,Joy,1,0.32298473545796086
577,abel,Stimulus,Joy,3,0.9672544474783475
578,abel,Stimulus,Joy,5,1.6104697767259584
579,abel,Stimulus,Joy,7,2.2521225650639574
580,abel,Stimulus,Joy,9,2.889111100985121
581,abel,Stimulus,Joy,16,5.040705177373807
582,abel,Stimulus,Joy,21,6.458252132406755
583,abel,Stimulus,Joy,26,7.74654326389477
584,abel,Stimulus,Joy,31,8.865076430042755
585,abel,Stimulus,Sadness,1,0.2899210819459727
586,abel,Stimulus,Sadness,3,0.8683565436782628
587,abel,Stimulus,Sadness,5,1.445137113607509
588,abel,Stimulus,Sadness,7,2.018949879515232
589,abel,Stimulus,Sadness,9,2.5872053751703046
590,abel,Stimulus,Sadness,16,4.51028258021975
591,abel,Stimulus,Sadness,21,5.787753893686774
592,abel,Stimulus,Sadness,26,6.949036815306984
593,abel,Stimulus,Sadness,31,7.996236932669416
594,abel,Stimulus,Surprise,1,0.2386735600169476
595,abel,Stimulus,Surprise,3,0.7147719109060073
596,abel,Stimulus,Surprise,5,1.1899101187557921
597,abel,Stimulus,Surprise,7,1.6631935052420592
598,abel,Stimulus,Surprise,9,2.132418651729082
599,abel,Stimulus,Surprise,16,3.7296815308861477
600,abel,Stimulus,Surprise,21,4.821806161251994
601,abel,Stimulus,Surprise,26,5.8641194210572145
602,abel,Stimulus,Surprise,31,6.8531318216040065
603,abel,Stimulus,Trust,1,0.3347284547011815
604,abel,Stimulus,Trust,3,1.0028488631100703
605,abel,Stimulus,Trust,5,1.670105813665194
606,abel,Stimulus,Trust,7,2.3350756837151656
607,abel,Stimulus,Trust,9,2.997102416799781
608,abel,Stimulus,Trust,16,5.235528049155121
609,abel,Stimulus,Trust,21,6.717066635919186
610,abel,Stimulus,Trust,26,8.0565290930664
611,abel,Stimulus,Trust,31,9.235350397286679
612,abel,Stimulus,Valence,1,0.9930991894167325
613,abel,Stimulus,Valence,3,2.9642495586758275
614,abel,Stimulus,Valence,5,4.9245755170330865
615,abel,Stimulus,Valence,7,6.8794471055106525
616,abel,Stimulus,Valence,9,8.819502146312866
617,abel,Stimulus,Valence,16,13.592232070197143
618,abel,Stimulus,Valence,21,13.972218871310965
619,abel,Stimulus,Valence,26,14.00334126801974
620,abel,Stimulus,Valence,31,14.008188587550208
621,edward,Other,Unknown,1,0.1520135625475177
622,edward,Other,Unknown,3,0.42747977509583707
623,edward,Other,Unknown,5,0.6895397008321142
624,edward,Other,Unknown,7,0.9467030492222327
625,edward,Other,Unknown,9,1.1977475804858948
626,edward,Other,Unknown,16,2.028531646747181
627,edward,Other,Unknown,21,2.5760999409309493
628,edward,Other,Unknown,26,3.0947140162635236
629,edward,Other,Unknown,31,3.5916018510365624
630,edward,Response,Anger,1,0.038535208839766626
631,edward,Response,Anger,3,0.11376648283234125
632,edward,Response,Anger,5,0.18817339703718405
633,edward,Response,Anger,7,0.2621022938081262
634,edward,Response,Anger,9,0.3355889070264349
635,edward,Response,Anger,16,0.589037223488162
636,edward,Response,Anger,21,0.7676020276915007
637,edward,Response,Anger,26,0.9435240029405144
638,edward,Response,Anger,31,1.1140470938146656
639,edward,Response,Anticipation,1,0.05814173672681299
640,edward,Response,Anticipation,3,0.1712531883498434
641,edward,Response,Anticipation,5,0.2821828327064379
642,edward,Response,Anticipation,7,0.39134232949054054
643,edward,Response,Anticipation,9,0.49741376098139967
644,edward,Response,Anticipation,16,0.8573661949504411
645,edward,Response,Anticipation,21,1.1045508754320044
646,edward,Response,Anticipation,26,1.3453154527334372
647,edward,Response,Anticipation,31,1.5804143963917574
648,edward,Response,Arousal,1,0.16830097107039854
649,edward,Response,Arousal,3,0.4851534092514479
650,edward,Response,Arousal,5,0.793554000379479
651,edward,Response,Arousal,7,1.0943026156276419
652,edward,Response,Arousal,9,1.3852764564550684
653,edward,Response,Arousal,16,2.3226404506825435
654,edward,Response,Arousal,21,2.9091231136049402
655,edward,Response,Arousal,26,3.445937386334039
656,edward,Response,Arousal,31,3.9322323412582363
657,edward,Response,Disgust,1,0.02917229244265582
658,edward,Response,Disgust,3,0.08628696874408093
659,edward,Response,Disgust,5,0.1431368589700838
660,edward,Response,Disgust,7,0.19972897114624888
661,edward,Response,Disgust,9,0.25615657982089
662,edward,Response,Disgust,16,0.44792318471522485
663,edward,Response,Disgust,21,0.5802449200537824
664,edward,Response,Disgust,26,0.7109974298392924
665,edward,Response,Disgust,31,0.8399840768584279
666,edward,Response,Dominance,1,0.24753924681643227
667,edward,Response,Dominance,3,0.7055528078284379
668,edward,Response,Dominance,5,1.1415936413876224
669,edward,Response,Dominance,7,1.5645617076780756
670,edward,Response,Dominance,9,1.9708024016359327
671,edward,Response,Dominance,16,3.2251315511908705
672,edward,Response,Dominance,21,3.945816863209762
673,edward,Response,Dominance,26,4.553082469317021
674,edward,Response,Dominance,31,5.069045612677185
675,edward,Response,Fear,1,0.046968398287650766
676,edward,Response,Fear,3,0.13891772448429782
677,edward,Response,Fear,5,0.22963302580761058
678,edward,Response,Fear,7,0.319412693360069
679,edward,Response,Fear,9,0.40815043778783416
680,edward,Response,Fear,16,0.7114954748643497
681,edward,Response,Fear,21,0.919462894959354
682,edward,Response,Fear,26,1.122618939774257
683,edward,Response,Fear,31,1.316710589245614
684,edward,Response,Joy,1,0.05944680824504138
685,edward,Response,Joy,3,0.17418314686797243
686,edward,Response,Joy,5,0.28698901502738194
687,edward,Response,Joy,7,0.3973461494174796
688,edward,Response,Joy,9,0.5038499554224736
689,edward,Response,Joy,16,0.8636045918384462
690,edward,Response,Joy,21,1.1103816049314308
691,edward,Response,Joy,26,1.3503334065187722
692,edward,Response,Joy,31,1.5823665041560382
693,edward,Response,Sadness,1,0.04138791678015251
694,edward,Response,Sadness,3,0.1219821832565887
695,edward,Response,Sadness,5,0.2019013922824453
696,edward,Response,Sadness,7,0.2812557577760856
697,edward,Response,Sadness,9,0.35958182519895243
698,edward,Response,Sadness,16,0.6240173573252725
699,edward,Response,Sadness,21,0.8068394418051481
700,edward,Response,Sadness,26,0.9871397849579863
701,edward,Response,Sadness,31,1.1618666832780293
702,edward,Response,Surprise,1,0.03563603010886037
703,edward,Response,Surprise,3,0.10639614808358279
704,edward,Response,Surprise,5,0.1769817235063316
705,edward,Response,Surprise,7,0.24699348517959807
706,edward,Response,Surprise,9,0.3160332892522361
707,edward,Response,Surprise,16,0.5508282984694572
708,edward,Response,Surprise,21,0.7147070161321762
709,edward,Response,Surprise,26,0.8758425340693785
710,edward,Response,Surprise,31,1.0351291002066836
711,edward,Response,Trust,1,0.051055944479358774
712,edward,Response,Trust,3,0.15244918825285877
713,edward,Response,Trust,5,0.2532717013923738
714,edward,Response,Trust,7,0.35247366250668183
715,edward,Response,Trust,9,0.450307202119033
716,edward,Response,Trust,16,0.7844479476032998
717,edward,Response,Trust,21,1.018035917252753
718,edward,Response,Trust,26,1.249398436125594
719,edward,Response,Trust,31,1.477001522451045
720,edward,Response,Valence,1,0.29145237495411525
721,edward,Response,Valence,3,0.8106135567356415
722,edward,Response,Valence,5,1.303958043796511
723,edward,Response,Valence,7,1.776693521546464
724,edward,Response,Valence,9,2.2295217041600073
725,edward,Response,Valence,16,3.586550816144817
726,edward,Response,Valence,21,4.332036062839812
727,edward,Response,Valence,26,4.9460344764739785
728,edward,Response,Valence,31,5.470779181389403
729,edward,Stimulus,Anger,1,0.23587389613280302
730,edward,Stimulus,Anger,3,0.7061055680760978
731,edward,Stimulus,Anger,5,1.1746182308080169
732,edward,Stimulus,Anger,7,1.6414594734843577
733,edward,Stimulus,Anger,9,2.1056693083586717
734,edward,Stimulus,Anger,16,3.681817473191292
735,edward,Stimulus,Anger,21,4.750982095484766
736,edward,Stimulus,Anger,26,5.765639716992037
737,edward,Stimulus,Anger,31,6.707704215856612
738,edward,Stimulus,Anticipation,1,0.33733439435057033
739,edward,Stimulus,Anticipation,3,1.0112336074108426
740,edward,Stimulus,Anticipation,5,1.683590114565513
741,edward,Stimulus,Anticipation,7,2.3542212514807965
742,edward,Stimulus,Anticipation,9,3.019075299004868
743,edward,Stimulus,Anticipation,16,5.26884800566155
744,edward,Stimulus,Anticipation,21,6.739732806696548
745,edward,Stimulus,Anticipation,26,8.075200017415257
746,edward,Stimulus,Anticipation,31,9.237743153829832
747,edward,Stimulus,Arousal,1,0.7600017221259237
748,edward,Stimulus,Arousal,3,2.2718525691928777
749,edward,Stimulus,Arousal,5,3.780581490360034
750,edward,Stimulus,Arousal,7,5.286189307536845
751,edward,Stimulus,Arousal,9,6.776648950069581
752,edward,Stimulus,Arousal,16,11.193361913945367
753,edward,Stimulus,Arousal,21,12.869459412621305
754,edward,Stimulus,Arousal,26,13.594395694984762
755,edward,Stimulus,Arousal,31,13.86834332914648
756,edward,Stimulus,Disgust,1,0.17244392322165678
757,edward,Stimulus,Disgust,3,0.5170597371717811
758,edward,Stimulus,Disgust,5,0.8608534640629992
759,edward,Stimulus,Disgust,7,1.2027911078595372
760,edward,Stimulus,Disgust,9,1.5427725147759315
761,edward,Stimulus,Disgust,16,2.710907853544975
762,edward,Stimulus,Disgust,21,3.5223116636675793
763,edward,Stimulus,Disgust,26,4.313374883676813
764,edward,Stimulus,Disgust,31,5.078292235280512
765,edward,Stimulus,Dominance,1,0.9194813551218086
766,edward,Stimulus,Dominance,3,2.7500557321873784
767,edward,Stimulus,Dominance,5,4.574734909169719
768,edward,Stimulus,Dominance,7,6.394643423869719
769,edward,Stimulus,Dominance,9,8.19908822451729
770,edward,Stimulus,Dominance,16,12.971580772906943
771,edward,Stimulus,Dominance,21,13.787204346441685
772,edward,Stimulus,Dominance,26,13.95137760151806
773,edward,Stimulus,Dominance,31,13.988290808602299
774,edward,Stimulus,Fear,1,0.2730735761733819
775,edward,Stimulus,Fear,3,0.8173569402344781
776,edward,Stimulus,Fear,5,1.3591896782818165
777,edward,Stimulus,Fear,7,1.8975856240470277
778,edward,Stimulus,Fear,9,2.4318306876829885
779,edward,Stimulus,Fear,16,4.242764810908772
780,edward,Stimulus,Fear,21,5.445672191253555
781,edward,Stimulus,Fear,26,6.557567087554781
782,edward,Stimulus,Fear,31,7.56857922497121
783,edward,Stimulus,Joy,1,0.30630551448352494
784,edward,Stimulus,Joy,3,0.9170305213146501
785,edward,Stimulus,Joy,5,1.526910335423323
786,edward,Stimulus,Joy,7,2.135110119405847
787,edward,Stimulus,Joy,9,2.7385479767424865
788,edward,Stimulus,Joy,16,4.788144455671527
789,edward,Stimulus,Joy,21,6.146843573910459
790,edward,Stimulus,Joy,26,7.391302598840253
791,edward,Stimulus,Joy,31,8.491686069821503
792,edward,Stimulus,Sadness,1,0.27909012390887733
793,edward,Stimulus,Sadness,3,0.8358091887279024
794,edward,Stimulus,Sadness,5,1.390884355123582
795,edward,Stimulus,Sadness,7,1.9434759489081463
796,edward,Stimulus,Sadness,9,2.4908333848089
797,edward,Stimulus,Sadness,16,4.345506430733467
798,edward,Stimulus,Sadness,21,5.5809311817596345
799,edward,Stimulus,Sadness,26,6.701578885349682
800,edward,Stimulus,Sadness,31,7.714562163121308
801,edward,Stimulus,Surprise,1,0.2279584130032814
802,edward,Stimulus,Surprise,3,0.6825868050100398
803,edward,Stimulus,Surprise,5,1.1359596573530215
804,edward,Stimulus,Surprise,7,1.5872110372366417
805,edward,Stimulus,Surprise,9,2.034278684889307
806,edward,Stimulus,Surprise,16,3.5582199429147656
807,edward,Stimulus,Surprise,21,4.6045449373764775
808,edward,Stimulus,Surprise,26,5.608857641487841
809,edward,Stimulus,Surprise,31,6.566296544098222
810,edward,Stimulus,Trust,1,0.31983106505102443
811,edward,Stimulus,Trust,3,0.9578441144553904
812,edward,Stimulus,Trust,5,1.5945443234188987
813,edward,Stimulus,Trust,7,2.2292116743730914
814,edward,Stimulus,Trust,9,2.8610871144862746
815,edward,Stimulus,Trust,16,5.0012820967747365
816,edward,Stimulus,Trust,21,6.423073405634649
817,edward,Stimulus,Trust,26,7.712456646256937
818,edward,Stimulus,Trust,31,8.859896546861014
819,edward,Stimulus,Valence,1,0.9798565150561096
820,edward,Stimulus,Valence,3,2.9218648972040557
821,edward,Stimulus,Valence,5,4.853167199540656
822,edward,Stimulus,Valence,7,6.778744770335976
823,edward,Stimulus,Valence,9,8.688925233809336
824,edward,Stimulus,Valence,16,13.450706537371778
825,edward,Stimulus,Valence,21,13.929484072820678
826,edward,Stimulus,Valence,26,13.990371528299285
827,edward,Stimulus,Valence,31,14.006035827622698
828,foxy,Other,Unknown,1,0.1520135625475177
829,foxy,Other,Unknown,3,0.42747977509583707
830,foxy,Other,Unknown,5,0.6895397008321142
831,foxy,Other,Unknown,7,0.9467030492222327
832,foxy,Other,Unknown,9,1.1977475804858948
833,foxy,Other,Unknown,16,2.028531646747181
834,foxy,Other,Unknown,21,2.5760999409309493
835,foxy,Other,Unknown,26,3.0947140162635236
836,foxy,Other,Unknown,31,3.5916018510365624
837,foxy,Response,Anger,1,0.008619355818627156
838,foxy,Response,Anger,3,0.0258585317316877
839,foxy,Response,Anger,5,0.04243033080819331
840,foxy,Response,Anger,7,0.05899515759635547
841,foxy,Response,Anger,9,0.07555300510434039
842,foxy,Response,Anger,16,0.1335130530328742
843,foxy,Response,Anger,21,0.17492023508783414
844,foxy,Response,Anger,26,0.21633329934893084
845,foxy,Response,Anger,31,0.2577521795819985
846,foxy,Response,Anticipation,1,0.007342022989580658
847,foxy,Response,Anticipation,3,0.022026831332959212
848,foxy,Response,Anticipation,5,0.03671265362601011
849,foxy,Response,Anticipation,7,0.051399486816320124
850,foxy,Response,Anticipation,9,0.065720033023951
851,foxy,Response,Anticipation,16,0.11456619407498203
852,foxy,Response,Anticipation,21,0.1482579607489519
853,foxy,Response,Anticipation,26,0.18118588875032585
854,foxy,Response,Anticipation,31,0.21065482192311819
855,foxy,Response,Arousal,1,0.027640323790083174
856,foxy,Response,Arousal,3,0.07877110547070185
857,foxy,Response,Arousal,5,0.12686637738711898
858,foxy,Response,Arousal,7,0.17336906926453724
859,foxy,Response,Arousal,9,0.21746245222735233
860,foxy,Response,Arousal,16,0.3612411090504997
861,foxy,Response,Arousal,21,0.45551924030061974
862,foxy,Response,Arousal,26,0.5394875886570638
863,foxy,Response,Arousal,31,0.6172880846421875
864,foxy,Response,Disgust,1,0.003973649414767348
865,foxy,Response,Disgust,3,0.011921836158613076
866,foxy,Response,Disgust,5,0.018874495814851
867,foxy,Response,Disgust,7,0.025806263606866702
868,foxy,Response,Disgust,9,0.032717131626895234
869,foxy,Response,Disgust,16,0.056914343608653654
870,foxy,Response,Disgust,21,0.07420680531918972
871,foxy,Response,Disgust,26,0.09150655123322532
872,foxy,Response,Disgust,31,0.10881358293725066
873,foxy,Response,Dominance,1,0.03119004684584504
874,foxy,Response,Dominance,3,0.08485661225005488
875,foxy,Response,Dominance,5,0.13366182245214725
876,foxy,Response,Dominance,7,0.17779322064328965
877,foxy,Response,Dominance,9,0.21888407702132448
878,foxy,Response,Dominance,16,0.34115039159184674
879,foxy,Response,Dominance,21,0.4163118542106883
880,foxy,Response,Dominance,26,0.4845229257415464
881,foxy,Response,Dominance,31,0.5509128574717345
882,foxy,Response,Fear,1,0.01048185668983727
883,foxy,Response,Fear,3,0.030851995751109577
884,foxy,Response,Fear,5,0.050590791476955735
885,foxy,Response,Fear,7,0.07030949022121678
886,foxy,Response,Fear,9,0.09002152873060831
887,foxy,Response,Fear,16,0.1576837427654841
888,foxy,Response,Fear,21,0.2052277698685061
889,foxy,Response,Fear,26,0.25136369088705124
890,foxy,Response,Fear,31,0.2970467149436416
891,foxy,Response,Joy,1,0.0053574450920416995
892,foxy,Response,Joy,3,0.016073281499436744
893,foxy,Response,Joy,5,0.026790378828096928
894,foxy,Response,Joy,7,0.037508736223652125
895,foxy,Response,Joy,9,0.04822835282876357
896,foxy,Response,Joy,16,0.08575691477412023
897,foxy,Response,Joy,21,0.1117051862694609
898,foxy,Response,Joy,26,0.13636088278834188
899,foxy,Response,Joy,31,0.15871095661384266
900,foxy,Response,Sadness,1,0.009867429990530918
901,foxy,Response,Sadness,3,0.029602318331383617
902,foxy,Response,Sadness,5,0.048725389898999445
903,foxy,Response,Sadness,7,0.0678422268042543
904,foxy,Response,Sadness,9,0.08695281968964337
905,foxy,Response,Sadness,16,0.1538435736790832
906,foxy,Response,Sadness,21,0.20162606458634874
907,foxy,Response,Sadness,26,0.24812378729097762
908,foxy,Response,Sadness,31,0.2942499140543187
909,foxy,Response,Surprise,1,0.004672859273243591
910,foxy,Response,Surprise,3,0.014019513421010049
911,foxy,Response,Surprise,5,0.023367414684276805
912,foxy,Response,Surprise,7,0.032716562638112456
913,foxy,Response,Surprise,9,0.0420669568558839
914,foxy,Response,Surprise,16,0.07480314474697307
915,foxy,Response,Surprise,21,0.09726943824798663
916,foxy,Response,Surprise,26,0.11835468834909725
917,foxy,Response,Surprise,31,0.13944803962080518
918,foxy,Response,Trust,1,0.00669062981974036
919,foxy,Response,Trust,3,0.02007274856436147
920,foxy,Response,Trust,5,0.03306909935372884
921,foxy,Response,Trust,7,0.04567984181120929
922,foxy,Response,Trust,9,0.05828099311926754
923,foxy,Response,Trust,16,0.10235732774880225
924,foxy,Response,Trust,21,0.13303363416983902
925,foxy,Response,Trust,26,0.16068481397942247
926,foxy,Response,Trust,31,0.1865337331352307
927,foxy,Response,Valence,1,0.03660784646755848
928,foxy,Response,Valence,3,0.09878141878356048
929,foxy,Response,Valence,5,0.1551579660629677
930,foxy,Response,Valence,7,0.20547085129394566
931,foxy,Response,Valence,9,0.25127659471719094
932,foxy,Response,Valence,16,0.38658484096791107
933,foxy,Response,Valence,21,0.46859256514290526
934,foxy,Response,Valence,26,0.5447637792162917
935,foxy,Response,Valence,31,0.6197831833696279
936,foxy,Stimulus,Anger,1,0.24698922396097436
937,foxy,Stimulus,Anger,3,0.7381959855611694
938,foxy,Stimulus,Anger,5,1.2277594018016933
939,foxy,Stimulus,Anger,7,1.7157155356933425
940,foxy,Stimulus,Anger,9,2.2010119409056834
941,foxy,Stimulus,Anger,16,3.849102425623829
942,foxy,Stimulus,Anger,21,4.96069348568213
943,foxy,Stimulus,Anger,26,6.008105100929042
944,foxy,Stimulus,Anger,31,6.973987573548021
945,foxy,Stimulus,Anticipation,1,0.3557356118277514
946,foxy,Stimulus,Anticipation,3,1.0664468650243728
947,foxy,Stimulus,Anticipation,5,1.7757029656304848
948,foxy,Stimulus,Anticipation,7,2.48277948520325
949,foxy,Stimulus,Anticipation,9,3.183562981789647
950,foxy,Stimulus,Anticipation,16,5.544545347684152
951,foxy,Stimulus,Anticipation,21,7.071653786530223
952,foxy,Stimulus,Anticipation,26,8.445209996453674
953,foxy,Stimulus,Anticipation,31,9.634183916440799
954,foxy,Stimulus,Arousal,1,0.7904823786259192
955,foxy,Stimulus,Arousal,3,2.3642227064432713
956,foxy,Stimulus,Arousal,5,3.9356256906001392
957,foxy,Stimulus,Arousal,7,5.503264227503695
958,foxy,Stimulus,Arousal,9,7.056126108807913
959,foxy,Stimulus,Arousal,16,11.61179800927416
960,foxy,Stimulus,Arousal,21,13.180687684865864
961,foxy,Stimulus,Arousal,26,13.757236840455954
962,foxy,Stimulus,Arousal,31,13.943797634567721
963,foxy,Stimulus,Disgust,1,0.18249225275169947
964,foxy,Stimulus,Disgust,3,0.546969622636076
965,foxy,Stimulus,Disgust,5,0.9106561566912024
966,foxy,Stimulus,Disgust,7,1.2723788870846637
967,foxy,Stimulus,Disgust,9,1.6315923957839849
968,foxy,Stimulus,Disgust,16,2.863275253730391
969,foxy,Stimulus,Disgust,21,3.7157419748530134
970,foxy,Stimulus,Disgust,26,4.545410381215986
971,foxy,Stimulus,Disgust,31,5.346938787853778
972,foxy,Stimulus,Dominance,1,0.9471595190367332
973,foxy,Stimulus,Dominance,3,2.835003348039727
974,foxy,Stimulus,Dominance,5,4.717046523416338
975,foxy,Stimulus,Dominance,7,6.594760816964013
976,foxy,Stimulus,Dominance,9,8.45784764434843
977,foxy,Stimulus,Dominance,16,13.276020303775667
978,foxy,Stimulus,Dominance,21,13.90607880749773
979,foxy,Stimulus,Dominance,26,13.990303807797522
980,foxy,Stimulus,Dominance,31,14.004081366818967
981,foxy,Stimulus,Fear,1,0.28658972134305977
982,foxy,Stimulus,Fear,3,0.8572086258731657
983,foxy,Stimulus,Fear,5,1.425514530566557
984,foxy,Stimulus,Fear,7,1.990579801244771
985,foxy,Stimulus,Fear,9,2.5514075455472605
986,foxy,Stimulus,Fear,16,4.451733513476857
987,foxy,Stimulus,Fear,21,5.713647546023944
988,foxy,Stimulus,Fear,26,6.876272106260265
989,foxy,Stimulus,Fear,31,7.921273256843119
990,foxy,Stimulus,Joy,1,0.326603576714534
991,foxy,Stimulus,Joy,3,0.9780291261355752
992,foxy,Stimulus,Joy,5,1.6283591494369387
993,foxy,Stimulus,Joy,7,2.2770270111320166
994,foxy,Stimulus,Joy,9,2.9211450774692675
995,foxy,Stimulus,Joy,16,5.0957129544771265
996,foxy,Stimulus,Joy,21,6.520634483875502
997,foxy,Stimulus,Joy,26,7.812427691763015
998,foxy,Stimulus,Joy,31,8.929240864346136
999,foxy,Stimulus,Sadness,1,0.29094238031041086
1000,foxy,Stimulus,Sadness,3,0.8711883096870405
1001,foxy,Stimulus,Sadness,5,1.4499112405430177
1002,foxy,Stimulus,Sadness,7,2.0257092326880506
1003,foxy,Stimulus,Sadness,9,2.5955109672868044
1004,foxy,Stimulus,Sadness,16,4.52340534305679
1005,foxy,Stimulus,Sadness,21,5.801756951844573
1006,foxy,Stimulus,Sadness,26,6.957559875384835
1007,foxy,Stimulus,Sadness,31,8.000329796200008
1008,foxy,Stimulus,Surprise,1,0.23978948748106876
1009,foxy,Stimulus,Surprise,3,0.7181109099908687
1010,foxy,Stimulus,Surprise,5,1.195508514100493
1011,foxy,Stimulus,Surprise,7,1.6711291183801997
1012,foxy,Stimulus,Surprise,9,2.1426757748080063
1013,foxy,Stimulus,Surprise,16,3.7462371818795046
1014,foxy,Stimulus,Surprise,21,4.8410648634448075
1015,foxy,Stimulus,Surprise,26,5.88558210286904
1016,foxy,Stimulus,Surprise,31,6.875481931890533
1017,foxy,Stimulus,Trust,1,0.3363880477707725
1018,foxy,Stimulus,Trust,3,1.007689861368846
1019,foxy,Stimulus,Trust,5,1.6779825374935962
1020,foxy,Stimulus,Trust,7,2.345835168032637
1021,foxy,Stimulus,Trust,9,3.0106133337860896
1022,foxy,Stimulus,Trust,16,5.260465748897625
1023,foxy,Stimulus,Trust,21,6.74574696580599
1024,foxy,Stimulus,Trust,26,8.082249493760028
1025,foxy,Stimulus,Trust,31,9.257578501222714
1026,foxy,Stimulus,Valence,1,0.9943850642503366
1027,foxy,Stimulus,Valence,3,2.9689715915173713
1028,foxy,Stimulus,Valence,5,4.9343033173893325
1029,foxy,Stimulus,Valence,7,6.894381966310865
1030,foxy,Stimulus,Valence,9,8.838699319497875
1031,foxy,Stimulus,Valence,16,13.612122724201711
1032,foxy,Stimulus,Valence,21,13.973716344045574
1033,foxy,Stimulus,Valence,26,14.003462480140952
1034,foxy,Stimulus,Valence,31,14.008552334140084
1035,hazel,Other,Unknown,1,0.1520135625475177
1036,hazel,Other,Unknown,3,0.42747977509583707
1037,hazel,Other,Unknown,5,0.6895397008321142
1038,hazel,Other,Unknown,7,0.9467030492222327
1039,hazel,Other,Unknown,9,1.1977475804858948
1040,hazel,Other,Unknown,16,2.028531646747181
1041,hazel,Other,Unknown,21,2.5760999409309493
1042,hazel,Other,Unknown,26,3.0947140162635236
1043,hazel,Other,Unknown,31,3.5916018510365624
1044,hazel,Response,Anger,1,0.0790832966831762
1045,hazel,Response,Anger,3,0.23538801854368935
1046,hazel,Response,Anger,5,0.38869506476281573
1047,hazel,Response,Anger,7,0.5408789979259919
1048,hazel,Response,Anger,9,0.6915877775083188
1049,hazel,Response,Anger,16,1.2106529908700427
1050,hazel,Response,Anger,21,1.5734496777851004
1051,hazel,Response,Anger,26,1.9316254402968045
1052,hazel,Response,Anger,31,2.278594748866411
1053,hazel,Response,Anticipation,1,0.1333797113475277
1054,hazel,Response,Anticipation,3,0.3981873348639017
1055,hazel,Response,Anticipation,5,0.6609975792511101
1056,hazel,Response,Anticipation,7,0.9212934188859351
1057,hazel,Response,Anticipation,9,1.1783647457317488
1058,hazel,Response,Anticipation,16,2.0575579917442526
1059,hazel,Response,Anticipation,21,2.660477185280173
1060,hazel,Response,Anticipation,26,3.24593667905616
1061,hazel,Response,Anticipation,31,3.811733974381134
1062,hazel,Response,Arousal,1,0.34274805388579416
1063,hazel,Response,Arousal,3,0.9975965375833584
1064,hazel,Response,Arousal,5,1.6378226149399449
1065,hazel,Response,Arousal,7,2.270957124487924
1066,hazel,Response,Arousal,9,2.889907773680011
1067,hazel,Response,Arousal,16,4.856073560967365
1068,hazel,Response,Arousal,21,6.0015004499044995
1069,hazel,Response,Arousal,26,6.951867526720305
1070,hazel,Response,Arousal,31,7.753356166552384
1071,hazel,Response,Disgust,1,0.062036304825842714
1072,hazel,Response,Disgust,3,0.1844949010248783
1073,hazel,Response,Disgust,5,0.3054182890757155
1074,hazel,Response,Disgust,7,0.4251859380014574
1075,hazel,Response,Disgust,9,0.5444042315680792
1076,hazel,Response,Disgust,16,0.9571916120252126
1077,hazel,Response,Disgust,21,1.2483738552626176
1078,hazel,Response,Disgust,26,1.5344073490087529
1079,hazel,Response,Disgust,31,1.8126860052801208
1080,hazel,Response,Dominance,1,0.4572815007439065
1081,hazel,Response,Dominance,3,1.3203631350919347
1082,hazel,Response,Dominance,5,2.1542966769575487
1083,hazel,Response,Dominance,7,2.9745451449942624
1084,hazel,Response,Dominance,9,3.779060125579534
1085,hazel,Response,Dominance,16,6.149978541197573
1086,hazel,Response,Dominance,21,7.395233394781657
1087,hazel,Response,Dominance,26,8.376638814529944
1088,hazel,Response,Dominance,31,9.156585247883223
1089,hazel,Response,Fear,1,0.09443189940509064
1090,hazel,Response,Fear,3,0.2797671064956304
1091,hazel,Response,Fear,5,0.4626182462736185
1092,hazel,Response,Fear,7,0.6437674899195568
1093,hazel,Response,Fear,9,0.8229125002746858
1094,hazel,Response,Fear,16,1.4391854607546675
1095,hazel,Response,Fear,21,1.8678065929524101
1096,hazel,Response,Fear,26,2.2842548303698154
1097,hazel,Response,Fear,31,2.6881214069891977
1098,hazel,Response,Joy,1,0.11820614153601071
1099,hazel,Response,Joy,3,0.3503918254128042
1100,hazel,Response,Joy,5,0.580746782220292
1101,hazel,Response,Joy,7,0.8084863497082696
1102,hazel,Response,Joy,9,1.03467224971327
1103,hazel,Response,Joy,16,1.807408658783337
1104,hazel,Response,Joy,21,2.3404706031628404
1105,hazel,Response,Joy,26,2.8536583069504764
1106,hazel,Response,Joy,31,3.349133626161016
1107,hazel,Response,Sadness,1,0.10465427414687252
1108,hazel,Response,Sadness,3,0.31171537375563274
1109,hazel,Response,Sadness,5,0.5154060427770653
1110,hazel,Response,Sadness,7,0.7176066420150443
1111,hazel,Response,Sadness,9,0.9183656289708556
1112,hazel,Response,Sadness,16,1.6098821002660226
1113,hazel,Response,Sadness,21,2.088449529815524
1114,hazel,Response,Sadness,26,2.552309476062061
1115,hazel,Response,Sadness,31,3.002451840016782
1116,hazel,Response,Surprise,1,0.0717286792887745
1117,hazel,Response,Surprise,3,0.21431069977463005
1118,hazel,Response,Surprise,5,0.35657176623148634
1119,hazel,Response,Surprise,7,0.49741989832276684
1120,hazel,Response,Surprise,9,0.6370693980548405
1121,hazel,Response,Surprise,16,1.1207051742498346
1122,hazel,Response,Surprise,21,1.458715873214431
1123,hazel,Response,Surprise,26,1.7939869557915318
1124,hazel,Response,Surprise,31,2.1217920791649676
1125,hazel,Response,Trust,1,0.12214324221829503
1126,hazel,Response,Trust,3,0.3624726849499726
1127,hazel,Response,Trust,5,0.6017047357950625
1128,hazel,Response,Trust,7,0.8379862153672706
1129,hazel,Response,Trust,9,1.072424212787224
1130,hazel,Response,Trust,16,1.874539763951693
1131,hazel,Response,Trust,21,2.425398997570411
1132,hazel,Response,Trust,26,2.954668664309448
1133,hazel,Response,Trust,31,3.460861575621632
1134,hazel,Response,Valence,1,0.5397083860043759
1135,hazel,Response,Valence,3,1.5357336760032185
1136,hazel,Response,Valence,5,2.4951594269140083
1137,hazel,Response,Valence,7,3.43924766710371
1138,hazel,Response,Valence,9,4.363971868470544
1139,hazel,Response,Valence,16,7.009326013358318
1140,hazel,Response,Valence,21,8.28049414584734
1141,hazel,Response,Valence,26,9.21965132448191
1142,hazel,Response,Valence,31,9.922608864705788
1143,hazel,Stimulus,Anger,1,0.21469890226383068
1144,hazel,Stimulus,Anger,3,0.6415286316549772
1145,hazel,Stimulus,Anger,5,1.067232256565116
1146,hazel,Stimulus,Anger,7,1.4910014551048822
1147,hazel,Stimulus,Anger,9,1.912454955695749
1148,hazel,Stimulus,Anger,16,3.3452954688620364
1149,hazel,Stimulus,Anger,21,4.317149021582287
1150,hazel,Stimulus,Anger,26,5.242872918735858
1151,hazel,Stimulus,Anger,31,6.110013897810735
1152,hazel,Stimulus,Anticipation,1,0.29779091018789394
1153,hazel,Stimulus,Anticipation,3,0.8922272614680274
1154,hazel,Stimulus,Anticipation,5,1.4850913767954803
1155,hazel,Stimulus,Anticipation,7,2.075724164654022
1156,hazel,Stimulus,Anticipation,9,2.6612810238800777
1157,hazel,Stimulus,Anticipation,16,4.631655110133201
1158,hazel,Stimulus,Anticipation,21,5.930502520662156
1159,hazel,Stimulus,Anticipation,26,7.131174344533255
1160,hazel,Stimulus,Anticipation,31,8.2145994281339
1161,hazel,Stimulus,Arousal,1,0.6939746876045334
1162,hazel,Stimulus,Arousal,3,2.071798934895062
1163,hazel,Stimulus,Arousal,5,3.443934136627025
1164,hazel,Stimulus,Arousal,7,4.8103458803414085
1165,hazel,Stimulus,Arousal,9,6.161017382560209
1166,hazel,Stimulus,Arousal,16,10.227851239576918
1167,hazel,Stimulus,Arousal,21,11.999197746275156
1168,hazel,Stimulus,Arousal,26,12.97381457152584
1169,hazel,Stimulus,Arousal,31,13.502153065636538
1170,hazel,Stimulus,Disgust,1,0.1526763757643194
1171,hazel,Stimulus,Disgust,3,0.45742796134455527
1172,hazel,Stimulus,Disgust,5,0.7614495228748805
1173,hazel,Stimulus,Disgust,7,1.0643807459666206
1174,hazel,Stimulus,Disgust,9,1.3652847773871744
1175,hazel,Stimulus,Disgust,16,2.3952376141519713
1176,hazel,Stimulus,Disgust,21,3.108643817235948
1177,hazel,Stimulus,Disgust,26,3.8028863317586468
1178,hazel,Stimulus,Disgust,31,4.47692836414022
1179,hazel,Stimulus,Dominance,1,0.8642038411530448
1180,hazel,Stimulus,Dominance,3,2.576126966281781
1181,hazel,Stimulus,Dominance,5,4.2755840575039965
1182,hazel,Stimulus,Dominance,7,5.967813074237504
1183,hazel,Stimulus,Dominance,9,7.6425037728059735
1184,hazel,Stimulus,Dominance,16,12.175031687332813
1185,hazel,Stimulus,Dominance,21,13.347374493665033
1186,hazel,Stimulus,Dominance,26,13.755592393119684
1187,hazel,Stimulus,Dominance,31,13.91284267196639
1188,hazel,Stimulus,Fear,1,0.24726430243198558
1189,hazel,Stimulus,Fear,3,0.7390431440154555
1190,hazel,Stimulus,Fear,5,1.228379458058623
1191,hazel,Stimulus,Fear,7,1.7144582922620584
1192,hazel,Stimulus,Fear,9,2.1972037019079456
1193,hazel,Stimulus,Fear,16,3.830801452068478
1194,hazel,Stimulus,Fear,21,4.926726531808643
1195,hazel,Stimulus,Fear,26,5.954246324827358
1196,hazel,Stimulus,Fear,31,6.895557936979393
1197,hazel,Stimulus,Joy,1,0.27438678004802947
1198,hazel,Stimulus,Joy,3,0.8213051396603521
1199,hazel,Stimulus,Joy,5,1.366464375359929
1200,hazel,Stimulus,Joy,7,1.9097824180623912
1201,hazel,Stimulus,Joy,9,2.4489070873714773
1202,hazel,Stimulus,Joy,16,4.273489907028597
1203,hazel,Stimulus,Joy,21,5.477773570932445
1204,hazel,Stimulus,Joy,26,6.593854705081794
1205,hazel,Stimulus,Joy,31,7.600439609182936
1206,hazel,Stimulus,Sadness,1,0.245059904268472
1207,hazel,Stimulus,Sadness,3,0.7331228901975093
1208,hazel,Stimulus,Sadness,5,1.2199778207581171
1209,hazel,Stimulus,Sadness,7,1.704245751729943
1210,hazel,Stimulus,Sadness,9,2.1830453168659076
1211,hazel,Stimulus,Sadness,16,3.80888617105161
1212,hazel,Stimulus,Sadness,21,4.893586787172504
1213,hazel,Stimulus,Sadness,26,5.891742407099739
1214,hazel,Stimulus,Sadness,31,6.817245256585246
1215,hazel,Stimulus,Surprise,1,0.20853442168608677
1216,hazel,Stimulus,Surprise,3,0.6240468550096997
1217,hazel,Stimulus,Surprise,5,1.038535968632338
1218,hazel,Stimulus,Surprise,7,1.451404615867232
1219,hazel,Stimulus,Surprise,9,1.8609461233806355
1220,hazel,Stimulus,Surprise,16,3.2518192589322354
1221,hazel,Stimulus,Surprise,21,4.202630698651553
1222,hazel,Stimulus,Surprise,26,5.116895797992903
1223,hazel,Stimulus,Surprise,31,5.989980372580111
1224,hazel,Stimulus,Trust,1,0.28401437073786046
1225,hazel,Stimulus,Trust,3,0.8505058276415198
1226,hazel,Stimulus,Trust,5,1.4152498433701546
1227,hazel,Stimulus,Trust,7,1.9777225639324545
1228,hazel,Stimulus,Trust,9,2.53766675973026
1229,hazel,Stimulus,Trust,16,4.436296522541055
1230,hazel,Stimulus,Trust,21,5.708621429318456
1231,hazel,Stimulus,Trust,26,6.891538216055452
1232,hazel,Stimulus,Trust,31,7.973092891027028
1233,hazel,Stimulus,Valence,1,0.9370186196267143
1234,hazel,Stimulus,Valence,3,2.7773017143617036
1235,hazel,Stimulus,Valence,5,4.597015576494734
1236,hazel,Stimulus,Valence,7,6.408933743050367
1237,hazel,Stimulus,Valence,9,8.205342433186368
1238,hazel,Stimulus,Valence,16,12.805513530946923
1239,hazel,Stimulus,Valence,21,13.617309926473917
1240,hazel,Stimulus,Valence,26,13.870422943113727
1241,hazel,Stimulus,Valence,31,13.958331865095388
1242,martha,Other,Unknown,1,0.1520135625475177
1243,martha,Other,Unknown,3,0.42747977509583707
1244,martha,Other,Unknown,5,0.6895397008321142
1245,martha,Other,Unknown,7,0.9467030492222327
1246,martha,Other,Unknown,9,1.1977475804858948
1247,martha,Other,Unknown,16,2.028531646747181
1248,martha,Other,Unknown,21,2.5760999409309493
1249,martha,Other,Unknown,26,3.0947140162635236
1250,martha,Other,Unknown,31,3.5916018510365624
1251,martha,Response,Anger,1,0.006029510884437381
1252,martha,Response,Anger,3,0.017259186846098923
1253,martha,Response,Anger,5,0.028477730284703767
1254,martha,Response,Anger,7,0.039697655130809494
1255,martha,Response,Anger,9,0.050485141897643325
1256,martha,Response,Anger,16,0.08652975477502227
1257,martha,Response,Anger,21,0.11073963996565778
1258,martha,Response,Anger,26,0.13392732181379316
1259,martha,Response,Anger,31,0.15344879040655576
1260,martha,Response,Anticipation,1,0.006029510884437381
1261,martha,Response,Anticipation,3,0.018089453190054915
1262,martha,Response,Anticipation,5,0.02933296324159166
1263,martha,Response,Anticipation,7,0.04013150086457999
1264,martha,Response,Anticipation,9,0.050485141897643325
1265,martha,Response,Anticipation,16,0.08487615442921785
1266,martha,Response,Anticipation,21,0.10945135197719927
1267,martha,Response,Anticipation,26,0.134035033001741
1268,martha,Response,Anticipation,31,0.15862719123397673
1269,martha,Response,Arousal,1,0.02399698133963255
1270,martha,Response,Arousal,3,0.06735513023870814
1271,martha,Response,Arousal,5,0.10932630475385445
1272,martha,Response,Arousal,7,0.14927414102740647
1273,martha,Response,Arousal,9,0.18805710642106746
1274,martha,Response,Arousal,16,0.30706794600569387
1275,martha,Response,Arousal,21,0.3820509852612262
1276,martha,Response,Arousal,26,0.45239543040496927
1277,martha,Response,Arousal,31,0.5168490272662469
1278,martha,Response,Disgust,1,0.004672859273243591
1279,martha,Response,Disgust,3,0.014019513421010049
1280,martha,Response,Disgust,5,0.023367414684276805
1281,martha,Response,Disgust,7,0.032716562638112456
1282,martha,Response,Disgust,9,0.0420669568558839
1283,martha,Response,Disgust,16,0.07480314474697307
1284,martha,Response,Disgust,21,0.0968064145687201
1285,martha,Response,Disgust,26,0.11789168463107122
1286,martha,Response,Disgust,31,0.13649394817709457
1287,martha,Response,Dominance,1,0.03660784646755848
1288,martha,Response,Dominance,3,0.10078459919987229
1289,martha,Response,Dominance,5,0.15942831793424994
1290,martha,Response,Dominance,7,0.2137051677852278
1291,martha,Response,Dominance,9,0.2635901884117852
1292,martha,Response,Dominance,16,0.4108080332612043
1293,martha,Response,Dominance,21,0.5018619570575206
1294,martha,Response,Dominance,26,0.5852877961147388
1295,martha,Response,Dominance,31,0.6569201733960766
1296,martha,Response,Fear,1,0.003973649414767348
1297,martha,Response,Fear,3,0.010903057099908908
1298,martha,Response,Fear,5,0.017811570202437753
1299,martha,Response,Fear,7,0.024721248008959244
1300,martha,Response,Fear,9,0.03163209062410186
1301,martha,Response,Fear,16,0.055829214147612924
1302,martha,Response,Fear,21,0.07137497845666099
1303,martha,Response,Fear,26,0.08566411652895428
1304,martha,Response,Fear,31,0.09995991698532085
1305,martha,Response,Joy,1,0.003256855206175424
1306,martha,Response,Joy,3,0.009771367713647701
1307,martha,Response,Joy,5,0.01628694974026435
1308,martha,Response,Joy,7,0.02280360135649516
1309,martha,Response,Joy,9,0.029321322632455737
1310,martha,Response,Joy,16,0.04834361400918145
1311,martha,Response,Joy,21,0.06184934804114414
1312,martha,Response,Joy,26,0.07530185028874894
1313,martha,Response,Joy,31,0.08876050901419838
1314,martha,Response,Sadness,1,0.004672859273243591
1315,martha,Response,Sadness,3,0.014019513421010049
1316,martha,Response,Sadness,5,0.023367414684276805
1317,martha,Response,Sadness,7,0.03129195110250178
1318,martha,Response,Sadness,9,0.03871945607770677
1319,martha,Response,Sadness,16,0.06428074818747541
1320,martha,Response,Sadness,21,0.08078127021211434
1321,martha,Response,Sadness,26,0.09560042244665765
1322,martha,Response,Sadness,31,0.10665868306973546
1323,martha,Response,Surprise,1,0.003256855206175424
1324,martha,Response,Surprise,3,0.009771367713647701
1325,martha,Response,Surprise,5,0.01628694974026435
1326,martha,Response,Surprise,7,0.02280360135649516
1327,martha,Response,Surprise,9,0.029321322632455737
1328,martha,Response,Surprise,16,0.04834361400918145
1329,martha,Response,Surprise,21,0.06184934804114414
1330,martha,Response,Surprise,26,0.07530185028874894
1331,martha,Response,Surprise,31,0.08876050901419838
1332,martha,Response,Trust,1,0.0053574450920416995
1333,martha,Response,Trust,3,0.016073281499436744
1334,martha,Response,Trust,5,0.026790378828096928
1335,martha,Response,Trust,7,0.037508736223652125
1336,martha,Response,Trust,9,0.04822835282876357
1337,martha,Response,Trust,16,0.08575691477412023
1338,martha,Response,Trust,21,0.11257244747281472
1339,martha,Response,Trust,26,0.13896226691907004
1340,martha,Response,Trust,31,0.16362614231622075
1341,martha,Response,Valence,1,0.04512565593679339
1342,martha,Response,Valence,3,0.11976233086627251
1343,martha,Response,Valence,5,0.18702931552482216
1344,martha,Response,Valence,7,0.24832533906514892
1345,martha,Response,Valence,9,0.3063630691692223
1346,martha,Response,Valence,16,0.4795888494148288
1347,martha,Response,Valence,21,0.5859506045019186
1348,martha,Response,Valence,26,0.682892019295291
1349,martha,Response,Valence,31,0.7687316682231939
1350,martha,Stimulus,Anger,1,0.24836327733497443
1351,martha,Stimulus,Anger,3,0.7427286202596062
1352,martha,Stimulus,Anger,5,1.23547121726349
1353,martha,Stimulus,Anger,7,1.7264878362142653
1354,martha,Stimulus,Anger,9,2.21464662491137
1355,martha,Stimulus,Anger,16,3.8711504510079915
1356,martha,Stimulus,Anger,21,4.988057614160174
1357,martha,Stimulus,Anger,26,6.042630297861231
1358,martha,Stimulus,Anger,31,7.015588559510576
1359,martha,Stimulus,Anticipation,1,0.3564238116928463
1360,martha,Stimulus,Anticipation,3,1.068570687468034
1361,martha,Stimulus,Anticipation,5,1.7793079720328633
1362,martha,Stimulus,Anticipation,7,2.4879430384852985
1363,martha,Stimulus,Anticipation,9,3.190280966517861
1364,martha,Stimulus,Anticipation,16,5.556568107437184
1365,martha,Stimulus,Anticipation,21,7.089201654981688
1366,martha,Stimulus,Anticipation,26,8.467261751191817
1367,martha,Stimulus,Anticipation,31,9.658009488458891
1368,martha,Stimulus,Arousal,1,0.7911952562497249
1369,martha,Stimulus,Arousal,3,2.366642104046087
1370,martha,Stimulus,Arousal,5,3.939524904788446
1371,martha,Stimulus,Arousal,7,5.508753717512699
1372,martha,Stimulus,Arousal,9,7.063466803169993
1373,martha,Stimulus,Arousal,16,11.616950460999028
1374,martha,Stimulus,Arousal,21,13.173569943337128
1375,martha,Stimulus,Arousal,26,13.751050739761194
1376,martha,Stimulus,Arousal,31,13.9406553312078
1377,martha,Stimulus,Disgust,1,0.18249225275169947
1378,martha,Stimulus,Disgust,3,0.5470061653067839
1379,martha,Stimulus,Disgust,5,0.9106654819058656
1380,martha,Stimulus,Disgust,7,1.2723197281307783
1381,martha,Stimulus,Disgust,9,1.6314394114979514
1382,martha,Stimulus,Disgust,16,2.862583964098407
1383,martha,Stimulus,Disgust,21,3.7148248359757248
1384,martha,Stimulus,Disgust,26,4.54416508475596
1385,martha,Stimulus,Disgust,31,5.345771518020988
1386,martha,Stimulus,Dominance,1,0.9468701988827437
1387,martha,Stimulus,Dominance,3,2.8345832637154422
1388,martha,Stimulus,Dominance,5,4.716854334937017
1389,martha,Stimulus,Dominance,7,6.595127597657672
1390,martha,Stimulus,Dominance,9,8.458432980327245
1391,martha,Stimulus,Dominance,16,13.27917838640705
1392,martha,Stimulus,Dominance,21,13.908199166172666
1393,martha,Stimulus,Dominance,26,13.990303807797526
1394,martha,Stimulus,Dominance,31,14.004081366818967
1395,martha,Stimulus,Fear,1,0.2886419943227222
1396,martha,Stimulus,Fear,3,0.8636547947712281
1397,martha,Stimulus,Fear,5,1.4363911567474006
1398,martha,Stimulus,Fear,7,2.0059243546264303
1399,martha,Stimulus,Fear,9,2.5710603288386427
1400,martha,Stimulus,Fear,16,4.48466921271468
1401,martha,Stimulus,Fear,21,5.755173731395247
1402,martha,Stimulus,Fear,26,6.9257648518782755
1403,martha,Stimulus,Fear,31,7.974472184682534
1404,martha,Stimulus,Joy,1,0.3273247977203845
1405,martha,Stimulus,Joy,3,0.9802413880763531
1406,martha,Stimulus,Joy,5,1.632105680214192
1407,martha,Stimulus,Joy,7,2.2823030784763207
1408,martha,Stimulus,Joy,9,2.9279669474379646
1409,martha,Stimulus,Joy,16,5.108117295117825
1410,martha,Stimulus,Joy,21,6.536613927545763
1411,martha,Stimulus,Joy,26,7.831620154770917
1412,martha,Stimulus,Joy,31,8.952145802639597
1413,martha,Stimulus,Sadness,1,0.29247106004114104
1414,martha,Stimulus,Sadness,3,0.875984397828247
1415,martha,Stimulus,Sadness,5,1.4580512688933758
1416,martha,Stimulus,Sadness,7,2.037308695651667
1417,martha,Stimulus,Sadness,9,2.6108608004919507
1418,martha,Stimulus,Sadness,16,4.549665722815041
1419,martha,Stimulus,Sadness,21,5.834585698389857
1420,martha,Stimulus,Sadness,26,6.997119373333919
1421,martha,Stimulus,Sadness,31,8.04404610199114
1422,martha,Stimulus,Surprise,1,0.24034661397931736
1423,martha,Stimulus,Surprise,3,0.7198685266422897
1424,martha,Stimulus,Surprise,5,1.1985618526113404
1425,martha,Stimulus,Surprise,7,1.67573272685408
1426,martha,Stimulus,Surprise,9,2.1490352494405736
1427,martha,Stimulus,Surprise,16,3.758760807648196
1428,martha,Stimulus,Surprise,21,4.858058248756496
1429,martha,Stimulus,Surprise,26,5.906501524956623
1430,martha,Stimulus,Surprise,31,6.8999357670354815
1431,martha,Stimulus,Trust,1,0.33733439435057033
1432,martha,Stimulus,Trust,3,1.0105694264473264
1433,martha,Stimulus,Trust,5,1.6827919018943747
1434,martha,Stimulus,Trust,7,2.3526072474226054
1435,martha,Stimulus,Trust,9,3.019500886537194
1436,martha,Stimulus,Trust,16,5.274978008087015
1437,martha,Stimulus,Trust,21,6.761694159888793
1438,martha,Stimulus,Trust,26,8.10170622119803
1439,martha,Stimulus,Trust,31,9.277964405327745
1440,martha,Stimulus,Valence,1,0.9941511409792321
1441,martha,Stimulus,Valence,3,2.9694297763069737
1442,martha,Stimulus,Valence,5,4.9358416610564335
1443,martha,Stimulus,Valence,7,6.897306600673579
1444,martha,Stimulus,Valence,9,8.843154069767596
1445,martha,Stimulus,Valence,16,13.620617031359531
1446,martha,Stimulus,Valence,21,13.9769447119653
1447,martha,Stimulus,Valence,26,14.004189752868216
1448,martha,Stimulus,Valence,31,14.008552334140084
1449,mrs. marston,Other,Unknown,1,0.1520135625475177
1450,mrs. marston,Other,Unknown,3,0.42747977509583707
1451,mrs. marston,Other,Unknown,5,0.6895397008321142
1452,mrs. marston,Other,Unknown,7,0.9467030492222327
1453,mrs. marston,Other,Unknown,9,1.1977475804858948
1454,mrs. marston,Other,Unknown,16,2.028531646747181
1455,mrs. marston,Other,Unknown,21,2.5760999409309493
1456,mrs. marston,Other,Unknown,26,3.0947140162635236
1457,mrs. marston,Other,Unknown,31,3.5916018510365624
1458,mrs. marston,Response,Anger,1,0.011090453529920954
1459,mrs. marston,Response,Anger,3,0.0332708166722726
1460,mrs. marston,Response,Anger,5,0.05545044385258907
1461,mrs. marston,Response,Anger,7,0.07762932213325015
1462,mrs. marston,Response,Anger,9,0.09980743851783955
1463,mrs. marston,Response,Anger,16,0.1774246569043626
1464,mrs. marston,Response,Anger,21,0.23285940170822214
1465,mrs. marston,Response,Anger,26,0.28688790367474326
1466,mrs. marston,Response,Anger,31,0.3409145009901404
1467,mrs. marston,Response,Anticipation,1,0.01748095343753254
1468,mrs. marston,Response,Anticipation,3,0.04964967650890992
1469,mrs. marston,Response,Anticipation,5,0.08124482096456462
1470,mrs. marston,Response,Anticipation,7,0.11254586939419617
1471,mrs. marston,Response,Anticipation,9,0.14382933315187207
1472,mrs. marston,Response,Anticipation,16,0.2532814817941141
1473,mrs. marston,Response,Anticipation,21,0.3314401387626081
1474,mrs. marston,Response,Anticipation,26,0.409580395430728
1475,mrs. marston,Response,Anticipation,31,0.4877017802960085
1476,mrs. marston,Response,Arousal,1,0.04279804318714167
1477,mrs. marston,Response,Arousal,3,0.12230655106571336
1478,mrs. marston,Response,Arousal,5,0.19951204294910863
1479,mrs. marston,Response,Arousal,7,0.2750744597922059
1480,mrs. marston,Response,Arousal,9,0.34973678720042534
1481,mrs. marston,Response,Arousal,16,0.6088377587182681
1482,mrs. marston,Response,Arousal,21,0.7910056804480325
1483,mrs. marston,Response,Arousal,26,0.9676272857893353
1484,mrs. marston,Response,Arousal,31,1.1332114284632837
1485,mrs. marston,Response,Disgust,1,0.0053574450920416995
1486,mrs. marston,Response,Disgust,3,0.016073281499436744
1487,mrs. marston,Response,Disgust,5,0.026790378828096928
1488,mrs. marston,Response,Disgust,7,0.037508736223652125
1489,mrs. marston,Response,Disgust,9,0.04822835282876357
1490,mrs. marston,Response,Disgust,16,0.08575691477412023
1491,mrs. marston,Response,Disgust,21,0.11257244747281472
1492,mrs. marston,Response,Disgust,26,0.13722803225926208
1493,mrs. marston,Response,Disgust,31,0.1618921330227145
1494,mrs. marston,Response,Dominance,1,0.05814173672681299
1495,mrs. marston,Response,Dominance,3,0.1663696988515785
1496,mrs. marston,Response,Dominance,5,0.2698150036620554
1497,mrs. marston,Response,Dominance,7,0.37092103975803825
1498,mrs. marston,Response,Dominance,9,0.47085580125568416
1499,mrs. marston,Response,Dominance,16,0.8115531649497227
1500,mrs. marston,Response,Dominance,21,1.0441542603687084
1501,mrs. marston,Response,Dominance,26,1.2676471980970627
1502,mrs. marston,Response,Dominance,31,1.4792423813265547
1503,mrs. marston,Response,Fear,1,0.011090453529920954
1504,mrs. marston,Response,Fear,3,0.03270123283890056
1505,mrs. marston,Response,Fear,5,0.053706714566541684
1506,mrs. marston,Response,Fear,7,0.07469331282613417
1507,mrs. marston,Response,Fear,9,0.09567350066859474
1508,mrs. marston,Response,Fear,16,0.1691065019001759
1509,mrs. marston,Response,Fear,21,0.22156072474143582
1510,mrs. marston,Response,Fear,26,0.2740165237198365
1511,mrs. marston,Response,Fear,31,0.32585171847081235
1512,mrs. marston,Response,Joy,1,0.015213391791759154
1513,mrs. marston,Response,Joy,3,0.04497463298900785
1514,mrs. marston,Response,Joy,5,0.07400874390209872
1515,mrs. marston,Response,Joy,7,0.10300416594287023
1516,mrs. marston,Response,Joy,9,0.131992365502081
1517,mrs. marston,Response,Joy,16,0.2334320481626992
1518,mrs. marston,Response,Joy,21,0.3058704091212907
1519,mrs. marston,Response,Joy,26,0.37829285123466494
1520,mrs. marston,Response,Joy,31,0.45069896585772923
1521,mrs. marston,Response,Sadness,1,0.011090453529920954
1522,mrs. marston,Response,Sadness,3,0.032407695058833084
1523,mrs. marston,Response,Sadness,5,0.05339409082507352
1524,mrs. marston,Response,Sadness,7,0.07437408592250239
1525,mrs. marston,Response,Sadness,9,0.09535439486570682
1526,mrs. marston,Response,Sadness,16,0.16878782249420832
1527,mrs. marston,Response,Sadness,21,0.2212423523489021
1528,mrs. marston,Response,Sadness,26,0.2720777587341895
1529,mrs. marston,Response,Sadness,31,0.3228749027616053
1530,mrs. marston,Response,Surprise,1,0.013473229902590738
1531,mrs. marston,Response,Surprise,3,0.0391707975704144
1532,mrs. marston,Response,Surprise,5,0.06430536860697907
1533,mrs. marston,Response,Surprise,7,0.08941212695120082
1534,mrs. marston,Response,Surprise,9,0.11451225469531845
1535,mrs. marston,Response,Surprise,16,0.2023561411751357
1536,mrs. marston,Response,Surprise,21,0.26509525170776815
1537,mrs. marston,Response,Surprise,26,0.3278286457578414
1538,mrs. marston,Response,Surprise,31,0.3905560721212501
1539,mrs. marston,Response,Trust,1,0.01803942118813887
1540,mrs. marston,Response,Trust,3,0.05374514413922705
1541,mrs. marston,Response,Trust,5,0.08905742335873312
1542,mrs. marston,Response,Trust,7,0.1243525192813136
1543,mrs. marston,Response,Trust,9,0.15963709486549799
1544,mrs. marston,Response,Trust,16,0.28307698933594455
1545,mrs. marston,Response,Trust,21,0.3711939276355135
1546,mrs. marston,Response,Trust,26,0.45907288008681496
1547,mrs. marston,Response,Trust,31,0.5460852149617439
1548,mrs. marston,Response,Valence,1,0.0754294794142849
1549,mrs. marston,Response,Valence,3,0.21185953495111798
1550,mrs. marston,Response,Valence,5,0.34176941606362066
1551,mrs. marston,Response,Valence,7,0.4682207923793662
1552,mrs. marston,Response,Valence,9,0.5920271440558273
1553,mrs. marston,Response,Valence,16,1.0049791854326204
1554,mrs. marston,Response,Valence,21,1.2823037309905059
1555,mrs. marston,Response,Valence,26,1.5439798958165483
1556,mrs. marston,Response,Valence,31,1.7849454759420667
1557,mrs. marston,Stimulus,Anger,1,0.24671401121410452
1558,mrs. marston,Stimulus,Anger,3,0.7373464107265064
1559,mrs. marston,Stimulus,Anger,5,1.2262986336103556
1560,mrs. marston,Stimulus,Anger,7,1.7136111332898694
1561,mrs. marston,Stimulus,Anger,9,2.198027940354852
1562,mrs. marston,Stimulus,Anger,16,3.841279399106036
1563,mrs. marston,Stimulus,Anger,21,4.947986557996854
1564,mrs. marston,Stimulus,Anger,26,5.991106030269977
1565,mrs. marston,Stimulus,Anger,31,6.954531439756943
1566,mrs. marston,Stimulus,Anticipation,1,0.3527446337210404
1567,mrs. marston,Stimulus,Anticipation,3,1.057732738231894
1568,mrs. marston,Stimulus,Anticipation,5,1.761575299486014
1569,mrs. marston,Stimulus,Anticipation,7,2.463907159702391
1570,mrs. marston,Stimulus,Anticipation,9,3.1602464653780546
1571,mrs. marston,Stimulus,Anticipation,16,5.507709509979003
1572,mrs. marston,Stimulus,Anticipation,21,7.032687488138871
1573,mrs. marston,Stimulus,Anticipation,26,8.408924734439543
1574,mrs. marston,Stimulus,Anticipation,31,9.600716866293016
1575,mrs. marston,Stimulus,Arousal,1,0.7881299855937144
1576,mrs. marston,Stimulus,Arousal,3,2.3572437002991027
1577,mrs. marston,Stimulus,Arousal,5,3.9237303995646644
1578,mrs. marston,Stimulus,Arousal,7,5.486290494091615
1579,mrs. marston,Stimulus,Arousal,9,7.033757926440786
1580,mrs. marston,Stimulus,Arousal,16,11.582343633096045
1581,mrs. marston,Stimulus,Arousal,21,13.165024382163978
1582,mrs. marston,Stimulus,Arousal,26,13.746772768385542
1583,mrs. marston,Stimulus,Arousal,31,13.935857605776258
1584,mrs. marston,Stimulus,Disgust,1,0.18218136156398326
1585,mrs. marston,Stimulus,Disgust,3,0.5460273467166904
1586,mrs. marston,Stimulus,Disgust,5,0.9089983467689868
1587,mrs. marston,Stimulus,Disgust,7,1.2700454619343755
1588,mrs. marston,Stimulus,Disgust,9,1.6286039839319086
1589,mrs. marston,Stimulus,Disgust,16,2.857680443742124
1590,mrs. marston,Stimulus,Disgust,21,3.708234215556283
1591,mrs. marston,Stimulus,Disgust,26,4.535468381318473
1592,mrs. marston,Stimulus,Disgust,31,5.335092625871259
1593,mrs. marston,Stimulus,Dominance,1,0.9452642630596351
1594,mrs. marston,Stimulus,Dominance,3,2.8289524614106654
1595,mrs. marston,Stimulus,Dominance,5,4.70694006977337
1596,mrs. marston,Stimulus,Dominance,7,6.580934592392342
1597,mrs. marston,Stimulus,Dominance,9,8.44117286957183
1598,mrs. marston,Stimulus,Dominance,16,13.245079268733367
1599,mrs. marston,Stimulus,Dominance,21,13.895559402666393
1600,mrs. marston,Stimulus,Dominance,26,13.98720365039914
1601,mrs. marston,Stimulus,Dominance,31,14.003232624775928
1602,mrs. marston,Stimulus,Fear,1,0.2860755443476755
1603,mrs. marston,Stimulus,Fear,3,0.8556249420732565
1604,mrs. marston,Stimulus,Fear,5,1.4227237486192028
1605,mrs. marston,Stimulus,Fear,7,1.9864253865708525
1606,mrs. marston,Stimulus,Fear,9,2.545742192190893
1607,mrs. marston,Stimulus,Fear,16,4.439229455133148
1608,mrs. marston,Stimulus,Fear,21,5.699262410662822
1609,mrs. marston,Stimulus,Fear,26,6.862339574258221
1610,mrs. marston,Stimulus,Fear,31,7.905067795491403
1611,mrs. marston,Stimulus,Joy,1,0.3244348289300498
1612,mrs. marston,Stimulus,Joy,3,0.9714852726087283
1613,mrs. marston,Stimulus,Joy,5,1.6174335011670828
1614,mrs. marston,Stimulus,Joy,7,2.26167011418005
1615,mrs. marston,Stimulus,Joy,9,2.901284440553058
1616,mrs. marston,Stimulus,Joy,16,5.060268278537178
1617,mrs. marston,Stimulus,Joy,21,6.479887305623388
1618,mrs. marston,Stimulus,Joy,26,7.770490989073742
1619,mrs. marston,Stimulus,Joy,31,8.892402133061367
1620,mrs. marston,Stimulus,Sadness,1,0.2904319496343535
1621,mrs. marston,Stimulus,Sadness,3,0.869794239016396
1622,mrs. marston,Stimulus,Sadness,5,1.4475775433501021
1623,mrs. marston,Stimulus,Sadness,7,2.0223820188330937
1624,mrs. marston,Stimulus,Sadness,9,2.591153424791582
1625,mrs. marston,Stimulus,Sadness,16,4.514194440511001
1626,mrs. marston,Stimulus,Sadness,21,5.7899248681334985
1627,mrs. marston,Stimulus,Sadness,26,6.942963877325816
1628,mrs. marston,Stimulus,Sadness,31,7.98327931412057
1629,mrs. marston,Stimulus,Surprise,1,0.23671528015423082
1630,mrs. marston,Stimulus,Surprise,3,0.7089236172572407
1631,mrs. marston,Stimulus,Surprise,5,1.1802449495561258
1632,mrs. marston,Stimulus,Surprise,7,1.6499519903858808
1633,mrs. marston,Stimulus,Surprise,9,2.115811090582282
1634,mrs. marston,Stimulus,Surprise,16,3.702595802517122
1635,mrs. marston,Stimulus,Surprise,21,4.789134374702376
1636,mrs. marston,Stimulus,Surprise,26,5.828971171201592
1637,mrs. marston,Stimulus,Surprise,31,6.816605796977686
1638,mrs. marston,Stimulus,Trust,1,0.3340158363475202
1639,mrs. marston,Stimulus,Trust,3,1.0006778587096863
1640,mrs. marston,Stimulus,Trust,5,1.6662867283315435
1641,mrs. marston,Stimulus,Trust,7,2.329346267175854
1642,mrs. marston,Stimulus,Trust,9,2.989521030566252
1643,mrs. marston,Stimulus,Trust,16,5.224108854204826
1644,mrs. marston,Stimulus,Trust,21,6.7014420782570925
1645,mrs. marston,Stimulus,Trust,26,8.033070079667691
1646,mrs. marston,Stimulus,Trust,31,9.208465534462754
1647,mrs. marston,Stimulus,Valence,1,0.9933367669960986
1648,mrs. marston,Stimulus,Valence,3,2.9664323513605186
1649,mrs. marston,Stimulus,Valence,5,4.930887626392616
1650,mrs. marston,Stimulus,Valence,7,6.890235099525848
1651,mrs. marston,Stimulus,Valence,9,8.833928195156389
1652,mrs. marston,Stimulus,Valence,16,13.607722458271404
1653,mrs. marston,Stimulus,Valence,21,13.9706935483421
1654,mrs. marston,Stimulus,Valence,26,14.003095493624127
1655,mrs. marston,Stimulus,Valence,31,14.008552334140084
1656,reddin,Other,Unknown,1,0.1520135625475177
1657,reddin,Other,Unknown,3,0.42747977509583707
1658,reddin,Other,Unknown,5,0.6895397008321142
1659,reddin,Other,Unknown,7,0.9467030492222327
1660,reddin,Other,Unknown,9,1.1977475804858948
1661,reddin,Other,Unknown,16,2.028531646747181
1662,reddin,Other,Unknown,21,2.5760999409309493
1663,reddin,Other,Unknown,26,3.0947140162635236
1664,reddin,Other,Unknown,31,3.5916018510365624
1665,reddin,Response,Anger,1,0.020786948824032418
1666,reddin,Response,Anger,3,0.062350037244086165
1667,reddin,Response,Anger,5,0.1035947319713368
1668,reddin,Response,Anger,7,0.14405693356012866
1669,reddin,Response,Anger,9,0.18404822304136062
1670,reddin,Response,Anger,16,0.32193701978468825
1671,reddin,Response,Anger,21,0.419380244364596
1672,reddin,Response,Anger,26,0.5151561393500386
1673,reddin,Response,Anger,31,0.609892073776318
1674,reddin,Response,Anticipation,1,0.03068816798360797
1675,reddin,Response,Anticipation,3,0.0918110235379761
1676,reddin,Response,Anticipation,5,0.1521534914827305
1677,reddin,Response,Anticipation,7,0.21140439152580137
1678,reddin,Response,Anticipation,9,0.26966378899788773
1679,reddin,Response,Anticipation,16,0.46249653715248035
1680,reddin,Response,Anticipation,21,0.5896087769451507
1681,reddin,Response,Anticipation,26,0.7143781759363129
1682,reddin,Response,Anticipation,31,0.837927746548714
1683,reddin,Response,Arousal,1,0.11204090872116902
1684,reddin,Response,Arousal,3,0.31405121494437344
1685,reddin,Response,Arousal,5,0.5074983396528903
1686,reddin,Response,Arousal,7,0.6940067857451364
1687,reddin,Response,Arousal,9,0.8723237437037024
1688,reddin,Response,Arousal,16,1.4501089086572352
1689,reddin,Response,Arousal,21,1.8227213698476599
1690,reddin,Response,Arousal,26,2.17029726909848
1691,reddin,Response,Arousal,31,2.4993552928587253
1692,reddin,Response,Disgust,1,0.012884702512540256
1693,reddin,Response,Disgust,3,0.0386524518187163
1694,reddin,Response,Disgust,5,0.06315344937172958
1695,reddin,Response,Disgust,7,0.0870071809693631
1696,reddin,Response,Disgust,9,0.11074446928771876
1697,reddin,Response,Disgust,16,0.19290052632132268
1698,reddin,Response,Disgust,21,0.2515754588730709
1699,reddin,Response,Disgust,26,0.3102469874817639
1700,reddin,Response,Disgust,31,0.3689149022683248
1701,reddin,Response,Dominance,1,0.14566687240365334
1702,reddin,Response,Dominance,3,0.40659566754862947
1703,reddin,Response,Dominance,5,0.6525365465996187
1704,reddin,Response,Dominance,7,0.8908376107298832
1705,reddin,Response,Dominance,9,1.119136895288334
1706,reddin,Response,Dominance,16,1.8246919079788
1707,reddin,Response,Dominance,21,2.265634275121702
1708,reddin,Response,Dominance,26,2.6709477450116457
1709,reddin,Response,Dominance,31,3.0429978482031705
1710,reddin,Response,Fear,1,0.027125914153338912
1711,reddin,Response,Fear,3,0.07916141866299689
1712,reddin,Response,Fear,5,0.1305309359099058
1713,reddin,Response,Fear,7,0.18120433531730148
1714,reddin,Response,Fear,9,0.231411898960471
1715,reddin,Response,Fear,16,0.40266493338584075
1716,reddin,Response,Fear,21,0.5199071981715575
1717,reddin,Response,Fear,26,0.6350979718095513
1718,reddin,Response,Fear,31,0.7484757302754783
1719,reddin,Response,Joy,1,0.03169027306898051
1720,reddin,Response,Joy,3,0.0933999004831008
1721,reddin,Response,Joy,5,0.15422467405026724
1722,reddin,Response,Joy,7,0.21457955323507416
1723,reddin,Response,Joy,9,0.273971963291436
1724,reddin,Response,Joy,16,0.4773516919393585
1725,reddin,Response,Joy,21,0.6200120900413616
1726,reddin,Response,Joy,26,0.7610961766310688
1727,reddin,Response,Joy,31,0.9003136724531811
1728,reddin,Response,Sadness,1,0.026091214152095768
1729,reddin,Response,Sadness,3,0.07634459795410554
1730,reddin,Response,Sadness,5,0.12463786922118684
1731,reddin,Response,Sadness,7,0.1710851749493322
1732,reddin,Response,Sadness,9,0.21699998096385908
1733,reddin,Response,Sadness,16,0.3754485797019915
1734,reddin,Response,Sadness,21,0.4842265869299672
1735,reddin,Response,Sadness,26,0.5885444649014633
1736,reddin,Response,Sadness,31,0.6925053183949387
1737,reddin,Response,Surprise,1,0.02452376910389917
1738,reddin,Response,Surprise,3,0.07319243142487297
1739,reddin,Response,Surprise,5,0.12131383149225683
1740,reddin,Response,Surprise,7,0.16883366939410444
1741,reddin,Response,Surprise,9,0.21490993755430088
1742,reddin,Response,Surprise,16,0.36654738535612874
1743,reddin,Response,Surprise,21,0.4713711568908966
1744,reddin,Response,Surprise,26,0.5734707648117612
1745,reddin,Response,Surprise,31,0.6729618114319327
1746,reddin,Response,Trust,1,0.032685888526217
1747,reddin,Response,Trust,3,0.09564554035883405
1748,reddin,Response,Trust,5,0.15702173621097343
1749,reddin,Response,Trust,7,0.21792749020905888
1750,reddin,Response,Trust,9,0.2781316262985785
1751,reddin,Response,Trust,16,0.48189776335903517
1752,reddin,Response,Trust,21,0.6243325944639256
1753,reddin,Response,Trust,26,0.7644937222947586
1754,reddin,Response,Trust,31,0.9029815787290766
1755,reddin,Response,Valence,1,0.17339488957987173
1756,reddin,Response,Valence,3,0.4728310246001683
1757,reddin,Response,Valence,5,0.7520669943140031
1758,reddin,Response,Valence,7,1.021086365022163
1759,reddin,Response,Valence,9,1.2771562646573542
1760,reddin,Response,Valence,16,2.050159540159229
1761,reddin,Response,Valence,21,2.5250566655860776
1762,reddin,Response,Valence,26,2.9495770892441415
1763,reddin,Response,Valence,31,3.3339897896162087
1764,reddin,Stimulus,Anger,1,0.2439544565246417
1765,reddin,Stimulus,Anger,3,0.72929608147627
1766,reddin,Stimulus,Anger,5,1.213109535160159
1767,reddin,Stimulus,Anger,7,1.6954872608312876
1768,reddin,Stimulus,Anger,9,2.175132130155512
1769,reddin,Stimulus,Anger,16,3.8036932338116127
1770,reddin,Stimulus,Anger,21,4.902367946194663
1771,reddin,Stimulus,Anger,26,5.939762681722993
1772,reddin,Stimulus,Anger,31,6.899900564008847
1773,reddin,Stimulus,Anticipation,1,0.348347289465831
1774,reddin,Stimulus,Anticipation,3,1.0442433955957715
1775,reddin,Stimulus,Anticipation,5,1.738527492528888
1776,reddin,Stimulus,Anticipation,7,2.4306744132855855
1777,reddin,Stimulus,Anticipation,9,3.1165298399502563
1778,reddin,Stimulus,Anticipation,16,5.429197038324356
1779,reddin,Stimulus,Anticipation,21,6.937777580474409
1780,reddin,Stimulus,Anticipation,26,8.29920685213466
1781,reddin,Stimulus,Anticipation,31,9.476882604341114
1782,reddin,Stimulus,Arousal,1,0.7741143505143262
1783,reddin,Stimulus,Arousal,3,2.315667966631989
1784,reddin,Stimulus,Arousal,5,3.8543803781766117
1785,reddin,Stimulus,Arousal,7,5.389441354362882
1786,reddin,Stimulus,Arousal,9,6.910427316661493
1787,reddin,Stimulus,Arousal,16,11.392705565605588
1788,reddin,Stimulus,Arousal,21,13.014350334517804
1789,reddin,Stimulus,Arousal,26,13.672446421806084
1790,reddin,Stimulus,Arousal,31,13.90460905540199
1791,reddin,Stimulus,Disgust,1,0.17937443002927794
1792,reddin,Stimulus,Disgust,3,0.537516044481927
1793,reddin,Stimulus,Disgust,5,0.8948561635949476
1794,reddin,Stimulus,Disgust,7,1.2502575654234633
1795,reddin,Stimulus,Disgust,9,1.60318821124666
1796,reddin,Stimulus,Disgust,16,2.8122229528081735
1797,reddin,Stimulus,Disgust,21,3.6485174547283608
1798,reddin,Stimulus,Disgust,26,4.463927757879249
1799,reddin,Stimulus,Disgust,31,5.253440067851001
1800,reddin,Stimulus,Dominance,1,0.9355321511889602
1801,reddin,Stimulus,Dominance,3,2.7991016385658085
1802,reddin,Stimulus,Dominance,5,4.655982675400811
1803,reddin,Stimulus,Dominance,7,6.50785891958403
1804,reddin,Stimulus,Dominance,9,8.344152086875539
1805,reddin,Stimulus,Dominance,16,13.13261852902983
1806,reddin,Stimulus,Dominance,21,13.851708015769486
1807,reddin,Stimulus,Dominance,26,13.9775772698043
1808,reddin,Stimulus,Dominance,31,14.002443321956365
1809,reddin,Stimulus,Fear,1,0.28116849555604084
1810,reddin,Stimulus,Fear,3,0.8409680859164849
1811,reddin,Stimulus,Fear,5,1.3985487420952527
1812,reddin,Stimulus,Fear,7,1.9528376172377135
1813,reddin,Stimulus,Fear,9,2.5028292950240574
1814,reddin,Stimulus,Fear,16,4.364110611263024
1815,reddin,Stimulus,Fear,21,5.599661777896157
1816,reddin,Stimulus,Fear,26,6.740319462188527
1817,reddin,Stimulus,Fear,31,7.766976497163973
1818,reddin,Stimulus,Joy,1,0.31763820851870606
1819,reddin,Stimulus,Joy,3,0.9513347063688395
1820,reddin,Stimulus,Joy,5,1.583869323531956
1821,reddin,Stimulus,Joy,7,2.214526327602877
1822,reddin,Stimulus,Joy,9,2.8410310833837302
1823,reddin,Stimulus,Joy,16,4.958442499831904
1824,reddin,Stimulus,Joy,21,6.348631101765052
1825,reddin,Stimulus,Joy,26,7.613901628662518
1826,reddin,Stimulus,Joy,31,8.716079771384376
1827,reddin,Stimulus,Sadness,1,0.28504585272760075
1828,reddin,Stimulus,Sadness,3,0.8537157427045979
1829,reddin,Stimulus,Sadness,5,1.4211542529867005
1830,reddin,Stimulus,Sadness,7,1.9862495996914866
1831,reddin,Stimulus,Sadness,9,2.5463937148183007
1832,reddin,Stimulus,Sadness,16,4.439489787404604
1833,reddin,Stimulus,Sadness,21,5.696218935719587
1834,reddin,Stimulus,Sadness,26,6.838675082532395
1835,reddin,Stimulus,Sadness,31,7.870232603831112
1836,reddin,Stimulus,Surprise,1,0.23277781719388146
1837,reddin,Stimulus,Surprise,3,0.697197403435815
1838,reddin,Stimulus,Surprise,5,1.1609155199159105
1839,reddin,Stimulus,Surprise,7,1.6226949885128699
1840,reddin,Stimulus,Surprise,9,2.0808901329577614
1841,reddin,Stimulus,Surprise,16,3.6418324776354214
1842,reddin,Stimulus,Surprise,21,4.711789877416394
1843,reddin,Stimulus,Surprise,26,5.735031316224391
1844,reddin,Stimulus,Surprise,31,6.708053179353855
1845,reddin,Stimulus,Trust,1,0.3282851141030288
1846,reddin,Stimulus,Trust,3,0.9835899508814779
1847,reddin,Stimulus,Trust,5,1.6376897676796554
1848,reddin,Stimulus,Trust,7,2.288958425692289
1849,reddin,Stimulus,Trust,9,2.937290114215801
1850,reddin,Stimulus,Trust,16,5.1319439836936285
1851,reddin,Stimulus,Trust,21,6.579874039747253
1852,reddin,Stimulus,Trust,26,7.8930324903225335
1853,reddin,Stimulus,Trust,31,9.051949869483371
1854,reddin,Stimulus,Valence,1,0.9887719690832857
1855,reddin,Stimulus,Valence,3,2.9500318220466735
1856,reddin,Stimulus,Valence,5,4.900062602489482
1857,reddin,Stimulus,Valence,7,6.84445528757605
1858,reddin,Stimulus,Valence,9,8.773902768577946
1859,reddin,Stimulus,Valence,16,13.531191543565996
1860,reddin,Stimulus,Valence,21,13.947037429124652
1861,reddin,Stimulus,Valence,26,13.997217428161644
1862,reddin,Stimulus,Valence,31,14.00732380049313
