,NARRATOR,Other,Unknown,n,k,be,Response,Anger,Anticipation,Arousal,Disgust,Dominance,Fear,Joy,Sadness,Surprise,Trust,Valence,Stimulus,READER,emma
0,Subject,Category,Feature,10833,1,0.1311258468263493,,,,,,,,,,,,,,,
1,Subject,Category,Feature,10829,5,0.5696973246242161,,,,,,,,,,,,,,,
2,Subject,Category,Feature,10824,10,1.0632670244394546,,,,,,,,,,,,,,,
3,Subject,Category,Feature,10819,15,1.5010705495908332,,,,,,,,,,,,,,,
4,Subject,Category,Feature,10814,20,1.9179190783400852,,,,,,,,,,,,,,,
5,Subject,Category,Feature,10804,30,2.6841274938876514,,,,,,,,,,,,,,,
6,Subject,Category,Feature,10794,40,2.6819778529555918,,,,,,,,,,,,,,,
7,Subject,Category,Feature,10784,50,2.631067037962234,,,,,,,,,,,,,,,
8,Subject,Category,Feature,10774,60,2.586627545102468,,,,,,,,,,,,,,,
9,Subject,Category,Feature,10764,70,2.561474550504495,,,,,,,,,,,,,,,
10,Subject,,,10833,1,0.12952909776384566,Category,Feature,,,,,,,,,,,,,
11,Subject,,,10829,5,0.639903511133548,Category,Feature,,,,,,,,,,,,,
12,Subject,,,10824,10,1.2630240644330843,Category,Feature,,,,,,,,,,,,,
13,Subject,,,10819,15,1.8639170867281665,Category,Feature,,,,,,,,,,,,,
14,Subject,,,10814,20,2.435137475888428,Category,Feature,,,,,,,,,,,,,
15,Subject,,,10804,30,3.488746273452895,Category,Feature,,,,,,,,,,,,,
16,Subject,,,10794,40,3.34125755892262,Category,Feature,,,,,,,,,,,,,
17,Subject,,,10784,50,3.0367669166185736,Category,Feature,,,,,,,,,,,,,
18,Subject,,,10774,60,2.8082100591993093,Category,Feature,,,,,,,,,,,,,
19,Subject,,,10764,70,2.7132942836100895,Category,Feature,,,,,,,,,,,,,
20,Subject,,,10833,1,0.18078855988905101,Category,,Feature,,,,,,,,,,,,
21,Subject,,,10829,5,0.8959772931014449,Category,,Feature,,,,,,,,,,,,
22,Subject,,,10824,10,1.7661266549670371,Category,,Feature,,,,,,,,,,,,
23,Subject,,,10819,15,2.5996445109405015,Category,,Feature,,,,,,,,,,,,
24,Subject,,,10814,20,3.3798274578911234,Category,,Feature,,,,,,,,,,,,
25,Subject,,,10804,30,4.745234426558657,Category,,Feature,,,,,,,,,,,,
26,Subject,,,10794,40,4.0404270867082195,Category,,Feature,,,,,,,,,,,,
27,Subject,,,10784,50,3.3308053979498564,Category,,Feature,,,,,,,,,,,,
28,Subject,,,10774,60,2.8678947178904135,Category,,Feature,,,,,,,,,,,,
29,Subject,,,10764,70,2.727496165411327,Category,,Feature,,,,,,,,,,,,
30,Subject,,,10833,1,0.4529020217314236,Category,,,Feature,,,,,,,,,,,
31,Subject,,,10829,5,2.176535049634938,Category,,,Feature,,,,,,,,,,,
32,Subject,,,10824,10,4.182279900659632,Category,,,Feature,,,,,,,,,,,
33,Subject,,,10819,15,5.835309435294203,Category,,,Feature,,,,,,,,,,,
34,Subject,,,10814,20,7.013557014551983,Category,,,Feature,,,,,,,,,,,
35,Subject,,,10804,30,8.354968229503314,Category,,,Feature,,,,,,,,,,,
36,Subject,,,10794,40,4.027150603033797,Category,,,Feature,,,,,,,,,,,
37,Subject,,,10784,50,2.7235268725789057,Category,,,Feature,,,,,,,,,,,
38,Subject,,,10774,60,2.205631339205633,Category,,,Feature,,,,,,,,,,,
39,Subject,,,10764,70,2.0534487433681523,Category,,,Feature,,,,,,,,,,,
40,Subject,,,10833,1,0.07936387548850801,Category,,,,Feature,,,,,,,,,,
41,Subject,,,10829,5,0.39367939227310444,Category,,,,Feature,,,,,,,,,,
42,Subject,,,10824,10,0.7785918319338685,Category,,,,Feature,,,,,,,,,,
43,Subject,,,10819,15,1.1501661817224085,Category,,,,Feature,,,,,,,,,,
44,Subject,,,10814,20,1.5171367037169134,Category,,,,Feature,,,,,,,,,,
45,Subject,,,10804,30,2.2343832496320064,Category,,,,Feature,,,,,,,,,,
46,Subject,,,10794,40,2.4128091868560904,Category,,,,Feature,,,,,,,,,,
47,Subject,,,10784,50,2.360494421752816,Category,,,,Feature,,,,,,,,,,
48,Subject,,,10774,60,2.2620706688707277,Category,,,,Feature,,,,,,,,,,
49,Subject,,,10764,70,2.2124505865284574,Category,,,,Feature,,,,,,,,,,
50,Subject,,,10833,1,0.5517680796873206,Category,,,,,Feature,,,,,,,,,
51,Subject,,,10829,5,2.5954899191423233,Category,,,,,Feature,,,,,,,,,
52,Subject,,,10824,10,4.9503692530251495,Category,,,,,Feature,,,,,,,,,
53,Subject,,,10819,15,6.74033240028117,Category,,,,,Feature,,,,,,,,,
54,Subject,,,10814,20,7.805915994482923,Category,,,,,Feature,,,,,,,,,
55,Subject,,,10804,30,8.867885441579187,Category,,,,,Feature,,,,,,,,,
56,Subject,,,10794,40,3.6166406243098015,Category,,,,,Feature,,,,,,,,,
57,Subject,,,10784,50,2.5225478100501473,Category,,,,,Feature,,,,,,,,,
58,Subject,,,10774,60,2.1441547918652146,Category,,,,,Feature,,,,,,,,,
59,Subject,,,10764,70,2.0427774272521266,Category,,,,,Feature,,,,,,,,,
60,Subject,,,10833,1,0.17504589404047446,Category,,,,,,Feature,,,,,,,,
61,Subject,,,10829,5,0.8641750884050285,Category,,,,,,Feature,,,,,,,,
62,Subject,,,10824,10,1.705158133834821,Category,,,,,,Feature,,,,,,,,
63,Subject,,,10819,15,2.5036100641456644,Category,,,,,,Feature,,,,,,,,
64,Subject,,,10814,20,3.2474090336548507,Category,,,,,,Feature,,,,,,,,
65,Subject,,,10804,30,4.572660244541423,Category,,,,,,Feature,,,,,,,,
66,Subject,,,10794,40,3.9542250441562965,Category,,,,,,Feature,,,,,,,,
67,Subject,,,10784,50,3.28909461498438,Category,,,,,,Feature,,,,,,,,
68,Subject,,,10774,60,2.8519484206145043,Category,,,,,,Feature,,,,,,,,
69,Subject,,,10764,70,2.699872610945054,Category,,,,,,Feature,,,,,,,,
70,Subject,,,10833,1,0.15236255997774092,Category,,,,,,,Feature,,,,,,,
71,Subject,,,10829,5,0.749810745789787,Category,,,,,,,Feature,,,,,,,
72,Subject,,,10824,10,1.4691781232581484,Category,,,,,,,Feature,,,,,,,
73,Subject,,,10819,15,2.1502257470985993,Category,,,,,,,Feature,,,,,,,
74,Subject,,,10814,20,2.7928448152295755,Category,,,,,,,Feature,,,,,,,
75,Subject,,,10804,30,3.975211765299456,Category,,,,,,,Feature,,,,,,,
76,Subject,,,10794,40,3.6671284939304147,Category,,,,,,,Feature,,,,,,,
77,Subject,,,10784,50,3.247027663955797,Category,,,,,,,Feature,,,,,,,
78,Subject,,,10774,60,2.8775425647697213,Category,,,,,,,Feature,,,,,,,
79,Subject,,,10764,70,2.7606265255598395,Category,,,,,,,Feature,,,,,,,
80,Subject,,,10833,1,0.16186671900422114,Category,,,,,,,,Feature,,,,,,
81,Subject,,,10829,5,0.7961395736203198,Category,,,,,,,,Feature,,,,,,
82,Subject,,,10824,10,1.567486662403737,Category,,,,,,,,Feature,,,,,,
83,Subject,,,10819,15,2.303296758183021,Category,,,,,,,,Feature,,,,,,
84,Subject,,,10814,20,2.985099528268008,Category,,,,,,,,Feature,,,,,,
85,Subject,,,10804,30,4.217455257014636,Category,,,,,,,,Feature,,,,,,
86,Subject,,,10794,40,3.7972437748319754,Category,,,,,,,,Feature,,,,,,
87,Subject,,,10784,50,3.3087091665116946,Category,,,,,,,,Feature,,,,,,
88,Subject,,,10774,60,2.9692656702334155,Category,,,,,,,,Feature,,,,,,
89,Subject,,,10764,70,2.830335296350058,Category,,,,,,,,Feature,,,,,,
90,Subject,,,10833,1,0.09844697298394026,Category,,,,,,,,,Feature,,,,,
91,Subject,,,10829,5,0.48770881192780674,Category,,,,,,,,,Feature,,,,,
92,Subject,,,10824,10,0.9638609036412575,Category,,,,,,,,,Feature,,,,,
93,Subject,,,10819,15,1.4273559245928493,Category,,,,,,,,,Feature,,,,,
94,Subject,,,10814,20,1.876465259362414,Category,,,,,,,,,Feature,,,,,
95,Subject,,,10804,30,2.724682181432121,Category,,,,,,,,,Feature,,,,,
96,Subject,,,10794,40,2.771532133837769,Category,,,,,,,,,Feature,,,,,
97,Subject,,,10784,50,2.6270798706947702,Category,,,,,,,,,Feature,,,,,
98,Subject,,,10774,60,2.533827832469637,Category,,,,,,,,,Feature,,,,,
99,Subject,,,10764,70,2.496244446006305,Category,,,,,,,,,Feature,,,,,
100,Subject,,,10833,1,0.207648678580609,Category,,,,,,,,,,Feature,,,,
101,Subject,,,10829,5,1.0239062778749797,Category,,,,,,,,,,Feature,,,,
102,Subject,,,10824,10,2.0201584920635716,Category,,,,,,,,,,Feature,,,,
103,Subject,,,10819,15,2.955063230645452,Category,,,,,,,,,,Feature,,,,
104,Subject,,,10814,20,3.810150425258974,Category,,,,,,,,,,Feature,,,,
105,Subject,,,10804,30,5.2894816510711005,Category,,,,,,,,,,Feature,,,,
106,Subject,,,10794,40,4.249800509650879,Category,,,,,,,,,,Feature,,,,
107,Subject,,,10784,50,3.3290665395351704,Category,,,,,,,,,,Feature,,,,
108,Subject,,,10774,60,2.7226355316080766,Category,,,,,,,,,,Feature,,,,
109,Subject,,,10764,70,2.563744334805178,Category,,,,,,,,,,Feature,,,,
110,Subject,,,10833,1,0.5879449299085195,Category,,,,,,,,,,,Feature,,,
111,Subject,,,10829,5,2.7378669018577924,Category,,,,,,,,,,,Feature,,,
112,Subject,,,10824,10,5.203239914688748,Category,,,,,,,,,,,Feature,,,
113,Subject,,,10819,15,7.014897068036261,Category,,,,,,,,,,,Feature,,,
114,Subject,,,10814,20,8.026714364827578,Category,,,,,,,,,,,Feature,,,
115,Subject,,,10804,30,8.986579182652212,Category,,,,,,,,,,,Feature,,,
116,Subject,,,10794,40,3.463368646193956,Category,,,,,,,,,,,Feature,,,
117,Subject,,,10784,50,2.439842751738611,Category,,,,,,,,,,,Feature,,,
118,Subject,,,10774,60,2.1019530771944215,Category,,,,,,,,,,,Feature,,,
119,Subject,,,10764,70,2.0107774292437126,Category,,,,,,,,,,,Feature,,,
120,Subject,,,10833,1,0.23491302202486047,,Feature,,,,,,,,,,,Category,,
121,Subject,,,10829,5,1.1714254383586566,,Feature,,,,,,,,,,,Category,,
122,Subject,,,10824,10,2.3220643985635916,,Feature,,,,,,,,,,,Category,,
123,Subject,,,10819,15,3.437872156771447,,Feature,,,,,,,,,,,Category,,
124,Subject,,,10814,20,4.510522190352874,,Feature,,,,,,,,,,,Category,,
125,Subject,,,10804,30,6.459950393824782,,Feature,,,,,,,,,,,Category,,
126,Subject,,,10794,40,5.374920917061219,,Feature,,,,,,,,,,,Category,,
127,Subject,,,10784,50,3.9857857811187527,,Feature,,,,,,,,,,,Category,,
128,Subject,,,10774,60,2.990396254218004,,Feature,,,,,,,,,,,Category,,
129,Subject,,,10764,70,2.7150073903779783,,Feature,,,,,,,,,,,Category,,
130,Subject,,,10833,1,0.30353964661295185,,,Feature,,,,,,,,,,Category,,
131,Subject,,,10829,5,1.512766601256823,,,Feature,,,,,,,,,,Category,,
132,Subject,,,10824,10,2.99368157079479,,,Feature,,,,,,,,,,Category,,
133,Subject,,,10819,15,4.410484961064546,,,Feature,,,,,,,,,,Category,,
134,Subject,,,10814,20,5.725429819062111,,,Feature,,,,,,,,,,Category,,
135,Subject,,,10804,30,7.9537759641779004,,,Feature,,,,,,,,,,Category,,
136,Subject,,,10794,40,5.681820679916868,,,Feature,,,,,,,,,,Category,,
137,Subject,,,10784,50,3.7633026503989937,,,Feature,,,,,,,,,,Category,,
138,Subject,,,10774,60,2.6161461674302218,,,Feature,,,,,,,,,,Category,,
139,Subject,,,10764,70,2.2961612442886707,,,Feature,,,,,,,,,,Category,,
140,Subject,,,10833,1,0.6916624284877356,,,,Feature,,,,,,,,,Category,,
141,Subject,,,10829,5,3.4311011418955024,,,,Feature,,,,,,,,,Category,,
142,Subject,,,10824,10,6.775062407793956,,,,Feature,,,,,,,,,Category,,
143,Subject,,,10819,15,9.542672436262716,,,,Feature,,,,,,,,,Category,,
144,Subject,,,10814,20,11.296013981591248,,,,Feature,,,,,,,,,Category,,
145,Subject,,,10804,30,12.776385851809195,,,,Feature,,,,,,,,,Category,,
146,Subject,,,10794,40,3.16925687843306,,,,Feature,,,,,,,,,Category,,
147,Subject,,,10784,50,0.9619268427906914,,,,Feature,,,,,,,,,Category,,
148,Subject,,,10774,60,0.4215303777659647,,,,Feature,,,,,,,,,Category,,
149,Subject,,,10764,70,0.3329219533441306,,,,Feature,,,,,,,,,Category,,
150,Subject,,,10833,1,0.17020747611903037,,,,,Feature,,,,,,,,Category,,
151,Subject,,,10829,5,0.8458505496431808,,,,,Feature,,,,,,,,Category,,
152,Subject,,,10824,10,1.676601239941935,,,,,Feature,,,,,,,,Category,,
153,Subject,,,10819,15,2.489127350013367,,,,,Feature,,,,,,,,Category,,
154,Subject,,,10814,20,3.279985101025094,,,,,Feature,,,,,,,,Category,,
155,Subject,,,10804,30,4.7765129416330945,,,,,Feature,,,,,,,,Category,,
156,Subject,,,10794,40,4.563679395851027,,,,,Feature,,,,,,,,Category,,
157,Subject,,,10784,50,3.9421752034859936,,,,,Feature,,,,,,,,Category,,
158,Subject,,,10774,60,3.3229720554322144,,,,,Feature,,,,,,,,Category,,
159,Subject,,,10764,70,3.0934175144503335,,,,,Feature,,,,,,,,Category,,
160,Subject,,,10833,1,0.8277782046312301,,,,,,Feature,,,,,,,Category,,
161,Subject,,,10829,5,4.059625370772827,,,,,,Feature,,,,,,,Category,,
162,Subject,,,10824,10,7.994580042653855,,,,,,Feature,,,,,,,Category,,
163,Subject,,,10819,15,10.88474989935486,,,,,,Feature,,,,,,,Category,,
164,Subject,,,10814,20,12.246444263227685,,,,,,Feature,,,,,,,Category,,
165,Subject,,,10804,30,13.123074934942903,,,,,,Feature,,,,,,,Category,,
166,Subject,,,10794,40,2.2789512609527787,,,,,,Feature,,,,,,,Category,,
167,Subject,,,10784,50,0.6104658580370649,,,,,,Feature,,,,,,,Category,,
168,Subject,,,10774,60,0.20948799761835282,,,,,,Feature,,,,,,,Category,,
169,Subject,,,10764,70,0.13915022546871647,,,,,,Feature,,,,,,,Category,,
170,Subject,,,10833,1,0.28457075412373195,,,,,,,Feature,,,,,,Category,,
171,Subject,,,10829,5,1.4203016275711702,,,,,,,Feature,,,,,,Category,,
172,Subject,,,10824,10,2.8184056142064846,,,,,,,Feature,,,,,,Category,,
173,Subject,,,10819,15,4.167879055168531,,,,,,,Feature,,,,,,Category,,
174,Subject,,,10814,20,5.4338967359636206,,,,,,,Feature,,,,,,Category,,
175,Subject,,,10804,30,7.6125222769919345,,,,,,,Feature,,,,,,Category,,
176,Subject,,,10794,40,5.683283207409443,,,,,,,Feature,,,,,,Category,,
177,Subject,,,10784,50,3.8258125112812555,,,,,,,Feature,,,,,,Category,,
178,Subject,,,10774,60,2.630524843773775,,,,,,,Feature,,,,,,Category,,
179,Subject,,,10764,70,2.3000304988239235,,,,,,,Feature,,,,,,Category,,
180,Subject,,,10833,1,0.275454034895284,,,,,,,,Feature,,,,,Category,,
181,Subject,,,10829,5,1.3673529066865195,,,,,,,,Feature,,,,,Category,,
182,Subject,,,10824,10,2.7053550382108336,,,,,,,,Feature,,,,,Category,,
183,Subject,,,10819,15,3.992866338127764,,,,,,,,Feature,,,,,Category,,
184,Subject,,,10814,20,5.2063263993845625,,,,,,,,Feature,,,,,Category,,
185,Subject,,,10804,30,7.307689648010765,,,,,,,,Feature,,,,,Category,,
186,Subject,,,10794,40,5.640793342604867,,,,,,,,Feature,,,,,Category,,
187,Subject,,,10784,50,3.9540387533229433,,,,,,,,Feature,,,,,Category,,
188,Subject,,,10774,60,2.8689481079854184,,,,,,,,Feature,,,,,Category,,
189,Subject,,,10764,70,2.5101706719965753,,,,,,,,Feature,,,,,Category,,
190,Subject,,,10833,1,0.28338956729943443,,,,,,,,,Feature,,,,Category,,
191,Subject,,,10829,5,1.4134024504176574,,,,,,,,,Feature,,,,Category,,
192,Subject,,,10824,10,2.8106068309313663,,,,,,,,,Feature,,,,Category,,
193,Subject,,,10819,15,4.163395522753901,,,,,,,,,Feature,,,,Category,,
194,Subject,,,10814,20,5.415982249119262,,,,,,,,,Feature,,,,Category,,
195,Subject,,,10804,30,7.583075895329185,,,,,,,,,Feature,,,,Category,,
196,Subject,,,10794,40,5.675103997540277,,,,,,,,,Feature,,,,Category,,
197,Subject,,,10784,50,3.8545656386618994,,,,,,,,,Feature,,,,Category,,
198,Subject,,,10774,60,2.714236326920929,,,,,,,,,Feature,,,,Category,,
199,Subject,,,10764,70,2.3697285912470263,,,,,,,,,Feature,,,,Category,,
200,Subject,,,10833,1,0.19808650315307608,,,,,,,,,,Feature,,,Category,,
201,Subject,,,10829,5,0.9878798682086053,,,,,,,,,,Feature,,,Category,,
202,Subject,,,10824,10,1.9631160743418283,,,,,,,,,,Feature,,,Category,,
203,Subject,,,10819,15,2.9131021468089715,,,,,,,,,,Feature,,,Category,,
204,Subject,,,10814,20,3.831671681436256,,,,,,,,,,Feature,,,Category,,
205,Subject,,,10804,30,5.528497827545544,,,,,,,,,,Feature,,,Category,,
206,Subject,,,10794,40,5.001316142510824,,,,,,,,,,Feature,,,Category,,
207,Subject,,,10784,50,4.0634590063597456,,,,,,,,,,Feature,,,Category,,
208,Subject,,,10774,60,3.291428759996102,,,,,,,,,,Feature,,,Category,,
209,Subject,,,10764,70,3.026712655031895,,,,,,,,,,Feature,,,Category,,
210,Subject,,,10833,1,0.3818056037617986,,,,,,,,,,,Feature,,Category,,
211,Subject,,,10829,5,1.901740985454982,,,,,,,,,,,Feature,,Category,,
212,Subject,,,10824,10,3.764272605718208,,,,,,,,,,,Feature,,Category,,
213,Subject,,,10819,15,5.502418844229692,,,,,,,,,,,Feature,,Category,,
214,Subject,,,10814,20,7.064197748888294,,,,,,,,,,,Feature,,Category,,
215,Subject,,,10804,30,9.496829807768234,,,,,,,,,,,Feature,,Category,,
216,Subject,,,10794,40,5.6596153763697865,,,,,,,,,,,Feature,,Category,,
217,Subject,,,10784,50,3.1603890921602473,,,,,,,,,,,Feature,,Category,,
218,Subject,,,10774,60,1.9176381426995281,,,,,,,,,,,Feature,,Category,,
219,Subject,,,10764,70,1.6038911125395776,,,,,,,,,,,Feature,,Category,,
220,Subject,,,10833,1,0.8559233107967151,,,,,,,,,,,,Feature,Category,,
221,Subject,,,10829,5,4.178850333355211,,,,,,,,,,,,Feature,Category,,
222,Subject,,,10824,10,8.218191801132141,,,,,,,,,,,,Feature,Category,,
223,Subject,,,10819,15,11.127984990979314,,,,,,,,,,,,Feature,Category,,
224,Subject,,,10814,20,12.395756353935452,,,,,,,,,,,,Feature,Category,,
225,Subject,,,10804,30,13.171391658793718,,,,,,,,,,,,Feature,Category,,
226,Subject,,,10794,40,2.132344287791405,,,,,,,,,,,,Feature,Category,,
227,Subject,,,10784,50,0.5598680541646677,,,,,,,,,,,,Feature,Category,,
228,Subject,,,10774,60,0.18885729596935433,,,,,,,,,,,,Feature,Category,,
229,Subject,,,10764,70,0.12675588643176872,,,,,,,,,,,,Feature,Category,,
230,,Category,Feature,10833,1,0.207648678580609,,,,,,,,,,,,,,Subject,
231,,Category,Feature,10829,5,1.0239062778749797,,,,,,,,,,,,,,Subject,
232,,Category,Feature,10824,10,2.0201584920635716,,,,,,,,,,,,,,Subject,
233,,Category,Feature,10819,15,2.955063230645452,,,,,,,,,,,,,,Subject,
234,,Category,Feature,10814,20,3.810150425258974,,,,,,,,,,,,,,Subject,
235,,Category,Feature,10804,30,5.2894816510711005,,,,,,,,,,,,,,Subject,
236,,Category,Feature,10794,40,4.249800509650879,,,,,,,,,,,,,,Subject,
237,,Category,Feature,10784,50,3.3290665395351704,,,,,,,,,,,,,,Subject,
238,,Category,Feature,10774,60,2.7226355316080766,,,,,,,,,,,,,,Subject,
239,,Category,Feature,10764,70,2.563744334805178,,,,,,,,,,,,,,Subject,
240,,,,10833,1,0.8277782046312301,Category,Feature,,,,,,,,,,,,Subject,
241,,,,10829,5,4.059625370772827,Category,Feature,,,,,,,,,,,,Subject,
242,,,,10824,10,7.994580042653855,Category,Feature,,,,,,,,,,,,Subject,
243,,,,10819,15,10.88474989935486,Category,Feature,,,,,,,,,,,,Subject,
244,,,,10814,20,12.246444263227685,Category,Feature,,,,,,,,,,,,Subject,
245,,,,10804,30,13.123074934942903,Category,Feature,,,,,,,,,,,,Subject,
246,,,,10794,40,2.2789512609527787,Category,Feature,,,,,,,,,,,,Subject,
247,,,,10784,50,0.6104658580370649,Category,Feature,,,,,,,,,,,,Subject,
248,,,,10774,60,0.20948799761835282,Category,Feature,,,,,,,,,,,,Subject,
249,,,,10764,70,0.13915022546871647,Category,Feature,,,,,,,,,,,,Subject,
250,,,,10833,1,0.30353964661295185,Category,,Feature,,,,,,,,,,,Subject,
251,,,,10829,5,1.512766601256823,Category,,Feature,,,,,,,,,,,Subject,
252,,,,10824,10,2.99368157079479,Category,,Feature,,,,,,,,,,,Subject,
253,,,,10819,15,4.410484961064546,Category,,Feature,,,,,,,,,,,Subject,
254,,,,10814,20,5.725429819062111,Category,,Feature,,,,,,,,,,,Subject,
255,,,,10804,30,7.9537759641779004,Category,,Feature,,,,,,,,,,,Subject,
256,,,,10794,40,5.681820679916868,Category,,Feature,,,,,,,,,,,Subject,
257,,,,10784,50,3.7633026503989937,Category,,Feature,,,,,,,,,,,Subject,
258,,,,10774,60,2.6161461674302218,Category,,Feature,,,,,,,,,,,Subject,
259,,,,10764,70,2.2961612442886707,Category,,Feature,,,,,,,,,,,Subject,
260,,,,10833,1,0.6916624284877356,Category,,,Feature,,,,,,,,,,Subject,
261,,,,10829,5,3.4311011418955024,Category,,,Feature,,,,,,,,,,Subject,
262,,,,10824,10,6.775062407793956,Category,,,Feature,,,,,,,,,,Subject,
263,,,,10819,15,9.542672436262716,Category,,,Feature,,,,,,,,,,Subject,
264,,,,10814,20,11.296013981591248,Category,,,Feature,,,,,,,,,,Subject,
265,,,,10804,30,12.776385851809195,Category,,,Feature,,,,,,,,,,Subject,
266,,,,10794,40,3.16925687843306,Category,,,Feature,,,,,,,,,,Subject,
267,,,,10784,50,0.9619268427906914,Category,,,Feature,,,,,,,,,,Subject,
268,,,,10774,60,0.4215303777659647,Category,,,Feature,,,,,,,,,,Subject,
269,,,,10764,70,0.3329219533441306,Category,,,Feature,,,,,,,,,,Subject,
270,,,,10833,1,0.0243455519443729,Category,,,,Feature,,,,,,,,,Subject,
271,,,,10829,5,0.11836784855987452,Category,,,,Feature,,,,,,,,,Subject,
272,,,,10824,10,0.23385650169567648,Category,,,,Feature,,,,,,,,,Subject,
273,,,,10819,15,0.3476579983727941,Category,,,,Feature,,,,,,,,,Subject,
274,,,,10814,20,0.4594140373185322,Category,,,,Feature,,,,,,,,,Subject,
275,,,,10804,30,0.6658746691296012,Category,,,,Feature,,,,,,,,,Subject,
276,,,,10794,40,0.7718301506263904,Category,,,,Feature,,,,,,,,,Subject,
277,,,,10784,50,0.8334693072507985,Category,,,,Feature,,,,,,,,,Subject,
278,,,,10774,60,0.8960393275635946,Category,,,,Feature,,,,,,,,,Subject,
279,,,,10764,70,0.9218744486885145,Category,,,,Feature,,,,,,,,,Subject,
280,,,,10833,1,0.16186671900422114,Category,,,,,Feature,,,,,,,,Subject,
281,,,,10829,5,0.7961395736203198,Category,,,,,Feature,,,,,,,,Subject,
282,,,,10824,10,1.567486662403737,Category,,,,,Feature,,,,,,,,Subject,
283,,,,10819,15,2.303296758183021,Category,,,,,Feature,,,,,,,,Subject,
284,,,,10814,20,2.985099528268008,Category,,,,,Feature,,,,,,,,Subject,
285,,,,10804,30,4.217455257014636,Category,,,,,Feature,,,,,,,,Subject,
286,,,,10794,40,3.7972437748319754,Category,,,,,Feature,,,,,,,,Subject,
287,,,,10784,50,3.3087091665116946,Category,,,,,Feature,,,,,,,,Subject,
288,,,,10774,60,2.9692656702334155,Category,,,,,Feature,,,,,,,,Subject,
289,,,,10764,70,2.830335296350058,Category,,,,,Feature,,,,,,,,Subject,
290,,,,24832,1,0.8917777125505026,Category,,,,,,Feature,,,,,,,Subject,
291,,,,24828,5,4.339495650428714,Category,,,,,,Feature,,,,,,,Subject,
292,,,,24823,10,8.578018897390857,Category,,,,,,Feature,,,,,,,Subject,
293,,,,24818,15,12.032049497919106,Category,,,,,,Feature,,,,,,,Subject,
294,,,,24813,20,13.569093841281882,Category,,,,,,Feature,,,,,,,Subject,
295,,,,24803,30,14.421307665763932,Category,,,,,,Feature,,,,,,,Subject,
296,,,,24793,40,2.029821876177057,Category,,,,,,Feature,,,,,,,Subject,
297,,,,24783,50,0.5010138939437431,Category,,,,,,Feature,,,,,,,Subject,
298,,,,24773,60,0.1469094543841998,Category,,,,,,Feature,,,,,,,Subject,
299,,,,24763,70,0.10295191828379822,Category,,,,,,Feature,,,,,,,Subject,
300,,,,10833,1,0.03290455568139016,Category,,,,,,,Feature,,,,,,Subject,
301,,,,10829,5,0.15817212068245773,Category,,,,,,,Feature,,,,,,Subject,
302,,,,10824,10,0.30847391287455544,Category,,,,,,,Feature,,,,,,Subject,
303,,,,10819,15,0.45701736698296586,Category,,,,,,,Feature,,,,,,Subject,
304,,,,10814,20,0.6022357735267728,Category,,,,,,,Feature,,,,,,Subject,
305,,,,10804,30,0.875563702399463,Category,,,,,,,Feature,,,,,,Subject,
306,,,,10794,40,1.0002372072318655,Category,,,,,,,Feature,,,,,,Subject,
307,,,,10784,50,1.041364743550453,Category,,,,,,,Feature,,,,,,Subject,
308,,,,10774,60,1.0590051349836902,Category,,,,,,,Feature,,,,,,Subject,
309,,,,10764,70,1.0629857837293548,Category,,,,,,,Feature,,,,,,Subject,
310,,,,10833,1,0.04810038159289309,Category,,,,,,,,Feature,,,,,Subject,
311,,,,10829,5,0.23646705474384067,Category,,,,,,,,Feature,,,,,Subject,
312,,,,10824,10,0.4614502712788925,Category,,,,,,,,Feature,,,,,Subject,
313,,,,10819,15,0.6731423753850322,Category,,,,,,,,Feature,,,,,Subject,
314,,,,10814,20,0.8657081817855474,Category,,,,,,,,Feature,,,,,Subject,
315,,,,10804,30,1.2285861703848648,Category,,,,,,,,Feature,,,,,Subject,
316,,,,10794,40,1.333829426634129,Category,,,,,,,,Feature,,,,,Subject,
317,,,,10784,50,1.3668628033512134,Category,,,,,,,,Feature,,,,,Subject,
318,,,,10774,60,1.4154214406082557,Category,,,,,,,,Feature,,,,,Subject,
319,,,,10764,70,1.4337054981008914,Category,,,,,,,,Feature,,,,,Subject,
320,,,,10833,1,0.03214682498443369,Category,,,,,,,,,Feature,,,,Subject,
321,,,,10829,5,0.1583750062372489,Category,,,,,,,,,Feature,,,,Subject,
322,,,,10824,10,0.3102907928315631,Category,,,,,,,,,Feature,,,,Subject,
323,,,,10819,15,0.46060219075089875,Category,,,,,,,,,Feature,,,,Subject,
324,,,,10814,20,0.6074832795885561,Category,,,,,,,,,Feature,,,,Subject,
325,,,,10804,30,0.8767050062987964,Category,,,,,,,,,Feature,,,,Subject,
326,,,,10794,40,0.9637249646634612,Category,,,,,,,,,Feature,,,,Subject,
327,,,,10784,50,0.9754845169092365,Category,,,,,,,,,Feature,,,,Subject,
328,,,,10774,60,0.9792148500794641,Category,,,,,,,,,Feature,,,,Subject,
329,,,,10764,70,0.9860024056974859,Category,,,,,,,,,Feature,,,,Subject,
330,,,,10833,1,0.23491302202486047,Category,,,,,,,,,,Feature,,,Subject,
331,,,,10829,5,1.1714254383586566,Category,,,,,,,,,,Feature,,,Subject,
332,,,,10824,10,2.3220643985635916,Category,,,,,,,,,,Feature,,,Subject,
333,,,,10819,15,3.437872156771447,Category,,,,,,,,,,Feature,,,Subject,
334,,,,10814,20,4.510522190352874,Category,,,,,,,,,,Feature,,,Subject,
335,,,,10804,30,6.459950393824782,Category,,,,,,,,,,Feature,,,Subject,
336,,,,10794,40,5.374920917061219,Category,,,,,,,,,,Feature,,,Subject,
337,,,,10784,50,3.9857857811187527,Category,,,,,,,,,,Feature,,,Subject,
338,,,,10774,60,2.990396254218004,Category,,,,,,,,,,Feature,,,Subject,
339,,,,10764,70,2.7150073903779783,Category,,,,,,,,,,Feature,,,Subject,
340,,,,10833,1,0.19946341758760827,Category,,,,,,,,,,,Feature,,Subject,
341,,,,10829,5,0.866821994086971,Category,,,,,,,,,,,Feature,,Subject,
342,,,,10824,10,1.5871239692162091,Category,,,,,,,,,,,Feature,,Subject,
343,,,,10819,15,2.1759937570275616,Category,,,,,,,,,,,Feature,,Subject,
344,,,,10814,20,2.671155053675918,Category,,,,,,,,,,,Feature,,Subject,
345,,,,10804,30,3.4672016986018517,Category,,,,,,,,,,,Feature,,Subject,
346,,,,10794,40,2.8283957576805907,Category,,,,,,,,,,,Feature,,Subject,
347,,,,10784,50,2.5357144478560674,Category,,,,,,,,,,,Feature,,Subject,
348,,,,10774,60,2.4250062094678033,Category,,,,,,,,,,,Feature,,Subject,
349,,,,10764,70,2.387797859435331,Category,,,,,,,,,,,Feature,,Subject,
350,,,,10833,1,0.2837835579458447,,Feature,,,,,,,,,,,Category,Subject,
351,,,,10829,5,1.4149696393172377,,Feature,,,,,,,,,,,Category,Subject,
352,,,,10824,10,2.803144142395879,,Feature,,,,,,,,,,,Category,Subject,
353,,,,10819,15,4.1377752144882844,,Feature,,,,,,,,,,,Category,Subject,
354,,,,10814,20,5.410596792781574,,Feature,,,,,,,,,,,Category,Subject,
355,,,,10804,30,7.671740945303095,,Feature,,,,,,,,,,,Category,Subject,
356,,,,10794,40,5.8580810480188585,,Feature,,,,,,,,,,,Category,Subject,
357,,,,10784,50,3.9316766355565105,,Feature,,,,,,,,,,,Category,Subject,
358,,,,10774,60,2.676980616628178,,Feature,,,,,,,,,,,Category,Subject,
359,,,,10764,70,2.328979532455717,,Feature,,,,,,,,,,,Category,Subject,
360,,,,10833,1,0.3740320080538171,,,Feature,,,,,,,,,,Category,Subject,
361,,,,10829,5,1.8670751675280344,,,Feature,,,,,,,,,,Category,Subject,
362,,,,10824,10,3.7039204685927096,,,Feature,,,,,,,,,,Category,Subject,
363,,,,10819,15,5.46606271952564,,,Feature,,,,,,,,,,Category,Subject,
364,,,,10814,20,7.070317077730723,,,Feature,,,,,,,,,,Category,Subject,
365,,,,10804,30,9.646525983336057,,,Feature,,,,,,,,,,Category,Subject,
366,,,,10794,40,5.810822077195633,,,Feature,,,,,,,,,,Category,Subject,
367,,,,10784,50,3.0715404994227162,,,Feature,,,,,,,,,,Category,Subject,
368,,,,10774,60,1.7092392986287306,,,Feature,,,,,,,,,,Category,Subject,
369,,,,10764,70,1.395703481811961,,,Feature,,,,,,,,,,Category,Subject,
370,,,,10833,1,0.8096279983069193,,,,Feature,,,,,,,,,Category,Subject,
371,,,,10829,5,4.02975059904154,,,,Feature,,,,,,,,,Category,Subject,
372,,,,10824,10,7.977651040399158,,,,Feature,,,,,,,,,Category,Subject,
373,,,,10819,15,11.073985118715749,,,,Feature,,,,,,,,,Category,Subject,
374,,,,10814,20,12.570722720558031,,,,Feature,,,,,,,,,Category,Subject,
375,,,,10804,30,13.309266353974257,,,,Feature,,,,,,,,,Category,Subject,
376,,,,10794,40,1.799913082885154,,,,Feature,,,,,,,,,Category,Subject,
377,,,,10784,50,0.26671841986546285,,,,Feature,,,,,,,,,Category,Subject,
378,,,,10774,60,0.05232464631531876,,,,Feature,,,,,,,,,Category,Subject,
379,,,,10764,70,0.030320812009541644,,,,Feature,,,,,,,,,Category,Subject,
380,,,,10833,1,0.20175010958916667,,,,,Feature,,,,,,,,Category,Subject,
381,,,,10829,5,1.0040620284389965,,,,,Feature,,,,,,,,Category,Subject,
382,,,,10824,10,1.9909795835620205,,,,,Feature,,,,,,,,Category,Subject,
383,,,,10819,15,2.9506956783481346,,,,,Feature,,,,,,,,Category,Subject,
384,,,,10814,20,3.883178023888232,,,,,Feature,,,,,,,,Category,Subject,
385,,,,10804,30,5.626648288949726,,,,,Feature,,,,,,,,Category,Subject,
386,,,,10794,40,5.175390076260566,,,,,Feature,,,,,,,,Category,Subject,
387,,,,10784,50,4.2298688528341,,,,,Feature,,,,,,,,Category,Subject,
388,,,,10774,60,3.3149332617827656,,,,,Feature,,,,,,,,Category,Subject,
389,,,,10764,70,2.992820003125875,,,,,Feature,,,,,,,,Category,Subject,
390,,,,10833,1,0.9300867708970513,,,,,,Feature,,,,,,,Category,Subject,
391,,,,10829,5,4.609011473013518,,,,,,Feature,,,,,,,Category,Subject,
392,,,,10824,10,9.120973175267848,,,,,,Feature,,,,,,,Category,Subject,
393,,,,10819,15,12.27409971601121,,,,,,Feature,,,,,,,Category,Subject,
394,,,,10814,20,13.145636025065428,,,,,,Feature,,,,,,,Category,Subject,
395,,,,10804,30,13.373766027145814,,,,,,Feature,,,,,,,Category,Subject,
396,,,,10794,40,0.9829845550508023,,,,,,Feature,,,,,,,Category,Subject,
397,,,,10784,50,0.15953778334346064,,,,,,Feature,,,,,,,Category,Subject,
398,,,,10774,60,0.03580301649683554,,,,,,Feature,,,,,,,Category,Subject,
399,,,,10764,70,0.017917572672630708,,,,,,Feature,,,,,,,Category,Subject,
400,,,,10833,1,0.3490567546435336,,,,,,,Feature,,,,,,Category,Subject,
401,,,,10829,5,1.7432111821376526,,,,,,,Feature,,,,,,Category,Subject,
402,,,,10824,10,3.464100357220959,,,,,,,Feature,,,,,,Category,Subject,
403,,,,10819,15,5.115945753707542,,,,,,,Feature,,,,,,Category,Subject,
404,,,,10814,20,6.638380209520802,,,,,,,Feature,,,,,,Category,Subject,
405,,,,10804,30,9.14774638094562,,,,,,,Feature,,,,,,Category,Subject,
406,,,,10794,40,5.976421626817168,,,,,,,Feature,,,,,,Category,Subject,
407,,,,10784,50,3.5004356404784427,,,,,,,Feature,,,,,,Category,Subject,
408,,,,10774,60,2.0406417486740938,,,,,,,Feature,,,,,,Category,Subject,
409,,,,10764,70,1.6369984720407946,,,,,,,Feature,,,,,,Category,Subject,
410,,,,10833,1,0.336906760532552,,,,,,,,Feature,,,,,Category,Subject,
411,,,,10829,5,1.6747223442057055,,,,,,,,Feature,,,,,Category,Subject,
412,,,,10824,10,3.3114132881962033,,,,,,,,Feature,,,,,Category,Subject,
413,,,,10819,15,4.852564837931403,,,,,,,,Feature,,,,,Category,Subject,
414,,,,10814,20,6.255162507131449,,,,,,,,Feature,,,,,Category,Subject,
415,,,,10804,30,8.585361998553092,,,,,,,,Feature,,,,,Category,Subject,
416,,,,10794,40,5.830130164441505,,,,,,,,Feature,,,,,Category,Subject,
417,,,,10784,50,3.5932729755121176,,,,,,,,Feature,,,,,Category,Subject,
418,,,,10774,60,2.2693391434894528,,,,,,,,Feature,,,,,Category,Subject,
419,,,,10764,70,1.9090961233245562,,,,,,,,Feature,,,,,Category,Subject,
420,,,,10833,1,0.17504589404047446,,,,,,,,,Feature,,,,Category,Subject,
421,,,,10829,5,0.8641750884050285,,,,,,,,,Feature,,,,Category,Subject,
422,,,,10824,10,1.705158133834821,,,,,,,,,Feature,,,,Category,Subject,
423,,,,10819,15,2.5036100641456644,,,,,,,,,Feature,,,,Category,Subject,
424,,,,10814,20,3.2474090336548507,,,,,,,,,Feature,,,,Category,Subject,
425,,,,10804,30,4.572660244541423,,,,,,,,,Feature,,,,Category,Subject,
426,,,,10794,40,3.9542250441562965,,,,,,,,,Feature,,,,Category,Subject,
427,,,,10784,50,3.28909461498438,,,,,,,,,Feature,,,,Category,Subject,
428,,,,10774,60,2.8519484206145043,,,,,,,,,Feature,,,,Category,Subject,
429,,,,10764,70,2.699872610945054,,,,,,,,,Feature,,,,Category,Subject,
430,,,,10833,1,0.17020747611903037,,,,,,,,,,Feature,,,Category,Subject,
431,,,,10829,5,0.8458505496431808,,,,,,,,,,Feature,,,Category,Subject,
432,,,,10824,10,1.676601239941935,,,,,,,,,,Feature,,,Category,Subject,
433,,,,10819,15,2.489127350013367,,,,,,,,,,Feature,,,Category,Subject,
434,,,,10814,20,3.279985101025094,,,,,,,,,,Feature,,,Category,Subject,
435,,,,10804,30,4.7765129416330945,,,,,,,,,,Feature,,,Category,Subject,
436,,,,10794,40,4.563679395851027,,,,,,,,,,Feature,,,Category,Subject,
437,,,,10784,50,3.9421752034859936,,,,,,,,,,Feature,,,Category,Subject,
438,,,,10774,60,3.3229720554322144,,,,,,,,,,Feature,,,Category,Subject,
439,,,,10764,70,3.0934175144503335,,,,,,,,,,Feature,,,Category,Subject,
440,,,,10833,1,0.4555980956108827,,,,,,,,,,,Feature,,Category,Subject,
441,,,,10829,5,2.2732763654845956,,,,,,,,,,,Feature,,Category,Subject,
442,,,,10824,10,4.508675293661539,,,,,,,,,,,Feature,,Category,Subject,
443,,,,10819,15,6.584686924509485,,,,,,,,,,,Feature,,Category,Subject,
444,,,,10814,20,8.371402570970883,,,,,,,,,,,Feature,,Category,Subject,
445,,,,10804,30,10.879225736692156,,,,,,,,,,,Feature,,Category,Subject,
446,,,,10794,40,5.254921181558999,,,,,,,,,,,Feature,,Category,Subject,
447,,,,10784,50,2.321340653951073,,,,,,,,,,,Feature,,Category,Subject,
448,,,,10774,60,1.0684299449330308,,,,,,,,,,,Feature,,Category,Subject,
449,,,,10764,70,0.8278813807006477,,,,,,,,,,,Feature,,Category,Subject,
450,,,,10833,1,0.9543404125197941,,,,,,,,,,,,Feature,Category,Subject,
451,,,,10829,5,4.711550419639794,,,,,,,,,,,,Feature,Category,Subject,
452,,,,10824,10,9.317606252609627,,,,,,,,,,,,Feature,Category,Subject,
453,,,,10819,15,12.426317462184407,,,,,,,,,,,,Feature,Category,Subject,
454,,,,10814,20,13.183114208368368,,,,,,,,,,,,Feature,Category,Subject,
455,,,,10804,30,13.382028607685228,,,,,,,,,,,,Feature,Category,Subject,
456,,,,10794,40,0.8705126015039139,,,,,,,,,,,,Feature,Category,Subject,
457,,,,10784,50,0.14029214096433398,,,,,,,,,,,,Feature,Category,Subject,
458,,,,10774,60,0.023410616683724232,,,,,,,,,,,,Feature,Category,Subject,
459,,,,10764,70,0.00689162327691209,,,,,,,,,,,,Feature,Category,Subject,
460,,Category,Feature,10833,1,0.1311258468263493,,,,,,,,,,,,,,,Subject
461,,Category,Feature,10829,5,0.5696973246242161,,,,,,,,,,,,,,,Subject
462,,Category,Feature,10824,10,1.0632670244394546,,,,,,,,,,,,,,,Subject
463,,Category,Feature,10819,15,1.5010705495908332,,,,,,,,,,,,,,,Subject
464,,Category,Feature,10814,20,1.9179190783400852,,,,,,,,,,,,,,,Subject
465,,Category,Feature,10804,30,2.6841274938876514,,,,,,,,,,,,,,,Subject
466,,Category,Feature,10794,40,2.6819778529555918,,,,,,,,,,,,,,,Subject
467,,Category,Feature,10784,50,2.631067037962234,,,,,,,,,,,,,,,Subject
468,,Category,Feature,10774,60,2.586627545102468,,,,,,,,,,,,,,,Subject
469,,Category,Feature,10764,70,2.561474550504495,,,,,,,,,,,,,,,Subject
470,,,,10833,1,0.30353964661295185,Category,Feature,,,,,,,,,,,,,Subject
471,,,,10829,5,1.512766601256823,Category,Feature,,,,,,,,,,,,,Subject
472,,,,10824,10,2.99368157079479,Category,Feature,,,,,,,,,,,,,Subject
473,,,,10819,15,4.410484961064546,Category,Feature,,,,,,,,,,,,,Subject
474,,,,10814,20,5.725429819062111,Category,Feature,,,,,,,,,,,,,Subject
475,,,,10804,30,7.9537759641779004,Category,Feature,,,,,,,,,,,,,Subject
476,,,,10794,40,5.681820679916868,Category,Feature,,,,,,,,,,,,,Subject
477,,,,10784,50,3.7633026503989937,Category,Feature,,,,,,,,,,,,,Subject
478,,,,10774,60,2.6161461674302218,Category,Feature,,,,,,,,,,,,,Subject
479,,,,10764,70,2.2961612442886707,Category,Feature,,,,,,,,,,,,,Subject
480,,,,10833,1,0.23491302202486047,Category,,Feature,,,,,,,,,,,,Subject
481,,,,10829,5,1.1714254383586566,Category,,Feature,,,,,,,,,,,,Subject
482,,,,10824,10,2.3220643985635916,Category,,Feature,,,,,,,,,,,,Subject
483,,,,10819,15,3.437872156771447,Category,,Feature,,,,,,,,,,,,Subject
484,,,,10814,20,4.510522190352874,Category,,Feature,,,,,,,,,,,,Subject
485,,,,10804,30,6.459950393824782,Category,,Feature,,,,,,,,,,,,Subject
486,,,,10794,40,5.374920917061219,Category,,Feature,,,,,,,,,,,,Subject
487,,,,10784,50,3.9857857811187527,Category,,Feature,,,,,,,,,,,,Subject
488,,,,10774,60,2.990396254218004,Category,,Feature,,,,,,,,,,,,Subject
489,,,,10764,70,2.7150073903779783,Category,,Feature,,,,,,,,,,,,Subject
490,,,,10833,1,0.17020747611903037,Category,,,Feature,,,,,,,,,,,Subject
491,,,,10829,5,0.8458505496431808,Category,,,Feature,,,,,,,,,,,Subject
492,,,,10824,10,1.676601239941935,Category,,,Feature,,,,,,,,,,,Subject
493,,,,10819,15,2.489127350013367,Category,,,Feature,,,,,,,,,,,Subject
494,,,,10814,20,3.279985101025094,Category,,,Feature,,,,,,,,,,,Subject
495,,,,10804,30,4.7765129416330945,Category,,,Feature,,,,,,,,,,,Subject
496,,,,10794,40,4.563679395851027,Category,,,Feature,,,,,,,,,,,Subject
497,,,,10784,50,3.9421752034859936,Category,,,Feature,,,,,,,,,,,Subject
498,,,,10774,60,3.3229720554322144,Category,,,Feature,,,,,,,,,,,Subject
499,,,,10764,70,3.0934175144503335,Category,,,Feature,,,,,,,,,,,Subject
500,,,,10833,1,0.006790627606875098,Category,,,,Feature,,,,,,,,,,Subject
501,,,,10829,5,0.03395976928235383,Category,,,,Feature,,,,,,,,,,Subject
502,,,,10824,10,0.06793610119043929,Category,,,,Feature,,,,,,,,,,Subject
503,,,,10819,15,0.10192896964426688,Category,,,,Feature,,,,,,,,,,Subject
504,,,,10814,20,0.13593834819469,Category,,,,Feature,,,,,,,,,,Subject
505,,,,10804,30,0.20335699688329295,Category,,,,Feature,,,,,,,,,,Subject
506,,,,10794,40,0.24588762904693703,Category,,,,Feature,,,,,,,,,,Subject
507,,,,10784,50,0.2749316523193276,Category,,,,Feature,,,,,,,,,,Subject
508,,,,10774,60,0.29948168030124594,Category,,,,Feature,,,,,,,,,,Subject
509,,,,10764,70,0.31054126405753124,Category,,,,Feature,,,,,,,,,,Subject
510,,,,10833,1,0.03214682498443369,Category,,,,,Feature,,,,,,,,,Subject
511,,,,10829,5,0.1583750062372489,Category,,,,,Feature,,,,,,,,,Subject
512,,,,10824,10,0.3102907928315631,Category,,,,,Feature,,,,,,,,,Subject
513,,,,10819,15,0.46060219075089875,Category,,,,,Feature,,,,,,,,,Subject
514,,,,10814,20,0.6074832795885561,Category,,,,,Feature,,,,,,,,,Subject
515,,,,10804,30,0.8767050062987964,Category,,,,,Feature,,,,,,,,,Subject
516,,,,10794,40,0.9637249646634612,Category,,,,,Feature,,,,,,,,,Subject
517,,,,10784,50,0.9754845169092365,Category,,,,,Feature,,,,,,,,,Subject
518,,,,10774,60,0.9792148500794641,Category,,,,,Feature,,,,,,,,,Subject
519,,,,10764,70,0.9860024056974859,Category,,,,,Feature,,,,,,,,,Subject
520,,,,10833,1,0.207648678580609,Category,,,,,,Feature,,,,,,,,Subject
521,,,,10829,5,1.0239062778749797,Category,,,,,,Feature,,,,,,,,Subject
522,,,,10824,10,2.0201584920635716,Category,,,,,,Feature,,,,,,,,Subject
523,,,,10819,15,2.955063230645452,Category,,,,,,Feature,,,,,,,,Subject
524,,,,10814,20,3.810150425258974,Category,,,,,,Feature,,,,,,,,Subject
525,,,,10804,30,5.2894816510711005,Category,,,,,,Feature,,,,,,,,Subject
526,,,,10794,40,4.249800509650879,Category,,,,,,Feature,,,,,,,,Subject
527,,,,10784,50,3.3290665395351704,Category,,,,,,Feature,,,,,,,,Subject
528,,,,10774,60,2.7226355316080766,Category,,,,,,Feature,,,,,,,,Subject
529,,,,10764,70,2.563744334805178,Category,,,,,,Feature,,,,,,,,Subject
530,,,,10833,1,0.12952909776384566,Category,,,,,,,Feature,,,,,,,Subject
531,,,,10829,5,0.639903511133548,Category,,,,,,,Feature,,,,,,,Subject
532,,,,10824,10,1.2630240644330843,Category,,,,,,,Feature,,,,,,,Subject
533,,,,10819,15,1.8639170867281665,Category,,,,,,,Feature,,,,,,,Subject
534,,,,10814,20,2.435137475888428,Category,,,,,,,Feature,,,,,,,Subject
535,,,,10804,30,3.488746273452895,Category,,,,,,,Feature,,,,,,,Subject
536,,,,10794,40,3.34125755892262,Category,,,,,,,Feature,,,,,,,Subject
537,,,,10784,50,3.0367669166185736,Category,,,,,,,Feature,,,,,,,Subject
538,,,,10774,60,2.8082100591993093,Category,,,,,,,Feature,,,,,,,Subject
539,,,,10764,70,2.7132942836100895,Category,,,,,,,Feature,,,,,,,Subject
540,,,,10833,1,0.017736996949073797,Category,,,,,,,,Feature,,,,,,Subject
541,,,,10829,5,0.08728679727131923,Category,,,,,,,,Feature,,,,,,Subject
542,,,,10824,10,0.171199637661207,Category,,,,,,,,Feature,,,,,,Subject
543,,,,10819,15,0.25074640123791436,Category,,,,,,,,Feature,,,,,,Subject
544,,,,10814,20,0.3244121654704998,Category,,,,,,,,Feature,,,,,,Subject
545,,,,10804,30,0.44548350278473553,Category,,,,,,,,Feature,,,,,,Subject
546,,,,10794,40,0.4309710024359385,Category,,,,,,,,Feature,,,,,,Subject
547,,,,10784,50,0.3800049195699269,Category,,,,,,,,Feature,,,,,,Subject
548,,,,10774,60,0.35088584423533453,Category,,,,,,,,Feature,,,,,,Subject
549,,,,10764,70,0.34632817819849354,Category,,,,,,,,Feature,,,,,,Subject
550,,,,10833,1,0.0243455519443729,Category,,,,,,,,,Feature,,,,,Subject
551,,,,10829,5,0.11836784855987452,Category,,,,,,,,,Feature,,,,,Subject
552,,,,10824,10,0.23385650169567648,Category,,,,,,,,,Feature,,,,,Subject
553,,,,10819,15,0.3476579983727941,Category,,,,,,,,,Feature,,,,,Subject
554,,,,10814,20,0.4594140373185322,Category,,,,,,,,,Feature,,,,,Subject
555,,,,10804,30,0.6658746691296012,Category,,,,,,,,,Feature,,,,,Subject
556,,,,10794,40,0.7718301506263904,Category,,,,,,,,,Feature,,,,,Subject
557,,,,10784,50,0.8334693072507985,Category,,,,,,,,,Feature,,,,,Subject
558,,,,10774,60,0.8960393275635946,Category,,,,,,,,,Feature,,,,,Subject
559,,,,10764,70,0.9218744486885145,Category,,,,,,,,,Feature,,,,,Subject
560,,,,10833,1,0.027518554874401878,Category,,,,,,,,,,Feature,,,,Subject
561,,,,10829,5,0.12139847725939802,Category,,,,,,,,,,Feature,,,,Subject
562,,,,10824,10,0.22329119182529855,Category,,,,,,,,,,Feature,,,,Subject
563,,,,10819,15,0.3114116331887609,Category,,,,,,,,,,Feature,,,,Subject
564,,,,10814,20,0.3868849058168958,Category,,,,,,,,,,Feature,,,,Subject
565,,,,10804,30,0.5118805078193626,Category,,,,,,,,,,Feature,,,,Subject
566,,,,10794,40,0.5038212506219206,Category,,,,,,,,,,Feature,,,,Subject
567,,,,10784,50,0.4876581106038774,Category,,,,,,,,,,Feature,,,,Subject
568,,,,10774,60,0.47330578305228543,Category,,,,,,,,,,Feature,,,,Subject
569,,,,10764,70,0.46564598424778425,Category,,,,,,,,,,Feature,,,,Subject
570,,,,10833,1,0.08363763420734241,Category,,,,,,,,,,,Feature,,,Subject
571,,,,10829,5,0.32160454636249014,Category,,,,,,,,,,,Feature,,,Subject
572,,,,10824,10,0.5290054036049754,Category,,,,,,,,,,,Feature,,,Subject
573,,,,10819,15,0.6628551363301299,Category,,,,,,,,,,,Feature,,,Subject
574,,,,10814,20,0.7559158612145238,Category,,,,,,,,,,,Feature,,,Subject
575,,,,10804,30,0.8643391938975629,Category,,,,,,,,,,,Feature,,,Subject
576,,,,10794,40,0.605692811100364,Category,,,,,,,,,,,Feature,,,Subject
577,,,,10784,50,0.531970420865016,Category,,,,,,,,,,,Feature,,,Subject
578,,,,10774,60,0.5293559802901414,Category,,,,,,,,,,,Feature,,,Subject
579,,,,10764,70,0.534046445733257,Category,,,,,,,,,,,Feature,,,Subject
580,,,,10833,1,0.6916624284877356,,Feature,,,,,,,,,,,Category,,Subject
581,,,,10829,5,3.4311011418955024,,Feature,,,,,,,,,,,Category,,Subject
582,,,,10824,10,6.775062407793956,,Feature,,,,,,,,,,,Category,,Subject
583,,,,10819,15,9.542672436262716,,Feature,,,,,,,,,,,Category,,Subject
584,,,,10814,20,11.296013981591248,,Feature,,,,,,,,,,,Category,,Subject
585,,,,10804,30,12.776385851809195,,Feature,,,,,,,,,,,Category,,Subject
586,,,,10794,40,3.16925687843306,,Feature,,,,,,,,,,,Category,,Subject
587,,,,10784,50,0.9619268427906914,,Feature,,,,,,,,,,,Category,,Subject
588,,,,10774,60,0.4215303777659647,,Feature,,,,,,,,,,,Category,,Subject
589,,,,10764,70,0.3329219533441306,,Feature,,,,,,,,,,,Category,,Subject
590,,,,10833,1,0.9543404125197941,,,Feature,,,,,,,,,,Category,,Subject
591,,,,10829,5,4.711550419639794,,,Feature,,,,,,,,,,Category,,Subject
592,,,,10824,10,9.317606252609627,,,Feature,,,,,,,,,,Category,,Subject
593,,,,10819,15,12.426317462184407,,,Feature,,,,,,,,,,Category,,Subject
594,,,,10814,20,13.183114208368368,,,Feature,,,,,,,,,,Category,,Subject
595,,,,10804,30,13.382028607685228,,,Feature,,,,,,,,,,Category,,Subject
596,,,,10794,40,0.8705126015039139,,,Feature,,,,,,,,,,Category,,Subject
597,,,,10784,50,0.14029214096433398,,,Feature,,,,,,,,,,Category,,Subject
598,,,,10774,60,0.023410616683724232,,,Feature,,,,,,,,,,Category,,Subject
599,,,,10764,70,0.00689162327691209,,,Feature,,,,,,,,,,Category,,Subject
600,,,,10833,1,0.4529020217314236,,,,Feature,,,,,,,,,Category,,Subject
601,,,,10829,5,2.176535049634938,,,,Feature,,,,,,,,,Category,,Subject
602,,,,10824,10,4.182279900659632,,,,Feature,,,,,,,,,Category,,Subject
603,,,,10819,15,5.835309435294203,,,,Feature,,,,,,,,,Category,,Subject
604,,,,10814,20,7.013557014551983,,,,Feature,,,,,,,,,Category,,Subject
605,,,,10804,30,8.354968229503314,,,,Feature,,,,,,,,,Category,,Subject
606,,,,10794,40,4.027150603033797,,,,Feature,,,,,,,,,Category,,Subject
607,,,,10784,50,2.7235268725789057,,,,Feature,,,,,,,,,Category,,Subject
608,,,,10774,60,2.205631339205633,,,,Feature,,,,,,,,,Category,,Subject
609,,,,10764,70,2.0534487433681523,,,,Feature,,,,,,,,,Category,,Subject
610,,,,10833,1,0.3490567546435336,,,,,Feature,,,,,,,,Category,,Subject
611,,,,10829,5,1.7432111821376526,,,,,Feature,,,,,,,,Category,,Subject
612,,,,10824,10,3.464100357220959,,,,,Feature,,,,,,,,Category,,Subject
613,,,,10819,15,5.115945753707542,,,,,Feature,,,,,,,,Category,,Subject
614,,,,10814,20,6.638380209520802,,,,,Feature,,,,,,,,Category,,Subject
615,,,,10804,30,9.14774638094562,,,,,Feature,,,,,,,,Category,,Subject
616,,,,10794,40,5.976421626817168,,,,,Feature,,,,,,,,Category,,Subject
617,,,,10784,50,3.5004356404784427,,,,,Feature,,,,,,,,Category,,Subject
618,,,,10774,60,2.0406417486740938,,,,,Feature,,,,,,,,Category,,Subject
619,,,,10764,70,1.6369984720407946,,,,,Feature,,,,,,,,Category,,Subject
620,,,,10833,1,0.9427689754162086,,,,,,Feature,,,,,,,Category,,Subject
621,,,,10829,5,4.673863983802009,,,,,,Feature,,,,,,,Category,,Subject
622,,,,10824,10,9.256880674889537,,,,,,Feature,,,,,,,Category,,Subject
623,,,,10819,15,12.424607081408247,,,,,,Feature,,,,,,,Category,,Subject
624,,,,10814,20,13.188640537190064,,,,,,Feature,,,,,,,Category,,Subject
625,,,,10804,30,13.383259908028512,,,,,,Feature,,,,,,,Category,,Subject
626,,,,10794,40,0.8541101361877979,,,,,,Feature,,,,,,,Category,,Subject
627,,,,10784,50,0.13204325689006766,,,,,,Feature,,,,,,,Category,,Subject
628,,,,10774,60,0.026164570475943255,,,,,,Feature,,,,,,,Category,,Subject
629,,,,10764,70,0.012404697671390883,,,,,,Feature,,,,,,,Category,,Subject
630,,,,10833,1,0.2837835579458447,,,,,,,Feature,,,,,,Category,,Subject
631,,,,10829,5,1.4149696393172377,,,,,,,Feature,,,,,,Category,,Subject
632,,,,10824,10,2.803144142395879,,,,,,,Feature,,,,,,Category,,Subject
633,,,,10819,15,4.1377752144882844,,,,,,,Feature,,,,,,Category,,Subject
634,,,,10814,20,5.410596792781574,,,,,,,Feature,,,,,,Category,,Subject
635,,,,10804,30,7.671740945303095,,,,,,,Feature,,,,,,Category,,Subject
636,,,,10794,40,5.8580810480188585,,,,,,,Feature,,,,,,Category,,Subject
637,,,,10784,50,3.9316766355565105,,,,,,,Feature,,,,,,Category,,Subject
638,,,,10774,60,2.676980616628178,,,,,,,Feature,,,,,,Category,,Subject
639,,,,10764,70,2.328979532455717,,,,,,,Feature,,,,,,Category,,Subject
640,,,,10833,1,0.8277782046312301,,,,,,,,Feature,,,,,Category,,Subject
641,,,,10829,5,4.059625370772827,,,,,,,,Feature,,,,,Category,,Subject
642,,,,10824,10,7.994580042653855,,,,,,,,Feature,,,,,Category,,Subject
643,,,,10819,15,10.88474989935486,,,,,,,,Feature,,,,,Category,,Subject
644,,,,10814,20,12.246444263227685,,,,,,,,Feature,,,,,Category,,Subject
645,,,,10804,30,13.123074934942903,,,,,,,,Feature,,,,,Category,,Subject
646,,,,10794,40,2.2789512609527787,,,,,,,,Feature,,,,,Category,,Subject
647,,,,10784,50,0.6104658580370649,,,,,,,,Feature,,,,,Category,,Subject
648,,,,10774,60,0.20948799761835282,,,,,,,,Feature,,,,,Category,,Subject
649,,,,10764,70,0.13915022546871647,,,,,,,,Feature,,,,,Category,,Subject
650,,,,24832,1,0.8917777125505026,,,,,,,,,Feature,,,,Category,,Subject
651,,,,24828,5,4.339495650428714,,,,,,,,,Feature,,,,Category,,Subject
652,,,,24823,10,8.578018897390857,,,,,,,,,Feature,,,,Category,,Subject
653,,,,24818,15,12.032049497919106,,,,,,,,,Feature,,,,Category,,Subject
654,,,,24813,20,13.569093841281882,,,,,,,,,Feature,,,,Category,,Subject
655,,,,24803,30,14.421307665763932,,,,,,,,,Feature,,,,Category,,Subject
656,,,,24793,40,2.029821876177057,,,,,,,,,Feature,,,,Category,,Subject
657,,,,24783,50,0.5010138939437431,,,,,,,,,Feature,,,,Category,,Subject
658,,,,24773,60,0.1469094543841998,,,,,,,,,Feature,,,,Category,,Subject
659,,,,24763,70,0.10295191828379822,,,,,,,,,Feature,,,,Category,,Subject
660,,,,10833,1,0.2425799185268849,,,,,,,,,,Feature,,,Category,,Subject
661,,,,10829,5,1.2102024332558274,,,,,,,,,,Feature,,,Category,,Subject
662,,,,10824,10,2.405796886866977,,,,,,,,,,Feature,,,Category,,Subject
663,,,,10819,15,3.560912964046956,,,,,,,,,,Feature,,,Category,,Subject
664,,,,10814,20,4.660997703377885,,,,,,,,,,Feature,,,Category,,Subject
665,,,,10804,30,6.65429659367647,,,,,,,,,,Feature,,,Category,,Subject
666,,,,10794,40,5.525928290895742,,,,,,,,,,Feature,,,Category,,Subject
667,,,,10784,50,4.100482006242606,,,,,,,,,,Feature,,,Category,,Subject
668,,,,10774,60,3.0574507212516306,,,,,,,,,,Feature,,,Category,,Subject
669,,,,10764,70,2.7159153597346943,,,,,,,,,,Feature,,,Category,,Subject
670,,,,10833,1,0.9300867708970513,,,,,,,,,,,Feature,,Category,,Subject
671,,,,10829,5,4.609011473013518,,,,,,,,,,,Feature,,Category,,Subject
672,,,,10824,10,9.120973175267848,,,,,,,,,,,Feature,,Category,,Subject
673,,,,10819,15,12.27409971601121,,,,,,,,,,,Feature,,Category,,Subject
674,,,,10814,20,13.145636025065428,,,,,,,,,,,Feature,,Category,,Subject
675,,,,10804,30,13.373766027145814,,,,,,,,,,,Feature,,Category,,Subject
676,,,,10794,40,0.9829845550508023,,,,,,,,,,,Feature,,Category,,Subject
677,,,,10784,50,0.15953778334346064,,,,,,,,,,,Feature,,Category,,Subject
678,,,,10774,60,0.03580301649683554,,,,,,,,,,,Feature,,Category,,Subject
679,,,,10764,70,0.017917572672630708,,,,,,,,,,,Feature,,Category,,Subject
680,,,,10833,1,0.9649263180062366,,,,,,,,,,,,Feature,Category,,Subject
681,,,,10829,5,4.766693923692299,,,,,,,,,,,,Feature,Category,,Subject
682,,,,10824,10,9.433142481380553,,,,,,,,,,,,Feature,Category,,Subject
683,,,,10819,15,12.563805079820247,,,,,,,,,,,,Feature,Category,,Subject
684,,,,10814,20,13.231110848626042,,,,,,,,,,,,Feature,Category,,Subject
685,,,,10804,30,13.387969075055407,,,,,,,,,,,,Feature,Category,,Subject
686,,,,10794,40,0.7515519436278654,,,,,,,,,,,,Feature,Category,,Subject
687,,,,10784,50,0.10729390201880896,,,,,,,,,,,,Feature,Category,,Subject
688,,,,10774,60,0.012394303679570028,,,,,,,,,,,,Feature,Category,,Subject
689,,,,10764,70,0.0055133235317872,,,,,,,,,,,,Feature,Category,,Subject
