,L_NRCw_Em_anger,L_NRCw_Em_anticipation,L_NRCw_Em_disgust,L_NRCw_Em_fear,L_NRCw_Em_negative,L_NRCw_Em_positive,L_NRCw_Em_sadness,L_NRCw_Em_surprise,L_NRCw_Em_trust,R_agent,R_patient,i,lemma,neg,t,text
0,0.0,0.0,0.0,0.0,0.0,0.0,0.0,0.0,1.0,my,,3,father,False,0,father
1,0.0,0.0,0.0,0.0,0.0,0.0,0.0,1.0,0.0,my,,16,infant,False,0,infant
2,0.0,0.0,0.0,0.0,0.0,0.0,0.0,0.0,1.0,my,,57,authority,False,46,authority
3,0.0,0.0,0.0,0.0,0.0,0.0,0.0,0.0,1.0,my,,51,father,False,46,father
4,0.0,0.0,0.0,0.0,0.0,0.0,0.0,0.0,1.0,my,,82,mother,False,74,mother
5,0.0,0.0,0.0,0.0,0.0,0.0,1.0,0.0,0.0,my,,143,dark,False,120,dark
6,0.0,0.0,0.0,0.0,0.0,0.0,1.0,0.0,0.0,my,,148,black,False,120,black
7,0.0,0.0,0.0,0.0,1.0,0.0,0.0,0.0,0.0,my,,171,childish,False,151,childish
8,0.0,0.0,0.0,0.0,0.0,0.0,1.0,0.0,0.0,my,,179,sickly,False,151,sickly
9,0.0,0.0,0.0,0.0,0.0,0.0,0.0,0.0,1.0,my,,175,mother,False,151,mother
10,0.0,0.0,0.0,0.0,0.0,1.0,0.0,0.0,0.0,my,,242,entertain,False,181,entertained
11,0.0,0.0,0.0,0.0,0.0,1.0,0.0,0.0,0.0,my,,300,impression,False,294,impression
12,0.0,0.0,0.0,0.0,0.0,1.0,0.0,0.0,0.0,my,,297,vivid,False,294,vivid
13,0.0,0.0,0.0,0.0,0.0,1.0,0.0,0.0,0.0,my,my,300,impression,False,294,impression
14,0.0,0.0,0.0,0.0,0.0,0.0,0.0,0.0,1.0,my,,321,find,False,316,found
15,0.0,1.0,0.0,0.0,0.0,0.0,0.0,0.0,0.0,my,,319,time,False,316,time
16,0.0,0.0,0.0,0.0,0.0,0.0,1.0,0.0,0.0,father,,143,dark,False,120,dark
17,0.0,0.0,0.0,0.0,0.0,0.0,1.0,0.0,0.0,father,,148,black,False,120,black
18,0.0,0.0,0.0,0.0,0.0,0.0,1.0,0.0,0.0,their,,204,grave,False,181,grave
19,0.0,0.0,0.0,0.0,0.0,0.0,1.0,0.0,0.0,river,,2074,black,False,2039,black
20,0.0,0.0,0.0,0.0,0.0,0.0,1.0,0.0,0.0,man,,525,broken,False,517,broken
21,0.0,0.0,0.0,0.0,1.0,0.0,0.0,0.0,0.0,man,,615,terror,False,603,terror
22,0.0,0.0,0.0,0.0,0.0,1.0,0.0,0.0,0.0,man,,873,eat,True,867,eat
23,0.0,0.0,0.0,0.0,0.0,1.0,0.0,0.0,0.0,man,man,873,eat,True,867,eat
24,0.0,0.0,0.0,0.0,0.0,0.0,0.0,0.0,1.0,man,,905,hope,False,901,hope
25,0.0,0.0,0.0,0.0,0.0,0.0,0.0,0.0,1.0,sir,,981,shoulder,False,960,shoulder
26,0.0,1.0,0.0,0.0,0.0,0.0,0.0,0.0,0.0,sir,,1012,come,False,1005,coming
27,0.0,0.0,0.0,0.0,0.0,0.0,0.0,0.0,1.0,sir,,1020,father,False,1016,father
28,0.0,0.0,0.0,0.0,0.0,0.0,0.0,0.0,1.0,sir,,1023,mother,False,1016,mother
29,0.0,0.0,0.0,0.0,0.0,0.0,0.0,0.0,1.0,sir,,1086,sir,False,1080,sir
30,0.0,0.0,0.0,0.0,0.0,1.0,0.0,0.0,0.0,sir,,1187,question,False,1177,question
31,0.0,0.0,0.0,0.0,0.0,0.0,0.0,0.0,1.0,sir,,1394,upright,False,1383,upright
32,0.0,0.0,0.0,0.0,0.0,0.0,0.0,0.0,1.0,sir,,1398,top,False,1383,top
33,0.0,0.0,0.0,0.0,1.0,0.0,0.0,0.0,0.0,sir,,1401,stone,False,1383,stone
34,0.0,0.0,0.0,0.0,1.0,0.0,0.0,0.0,0.0,sir,,1490,word,False,1482,words
35,0.0,0.0,0.0,0.0,0.0,0.0,0.0,0.0,1.0,sir,,1549,angel,False,1531,angel
36,0.0,0.0,0.0,0.0,0.0,0.0,0.0,0.0,1.0,sister,,1086,sir,False,1080,sir
37,0.0,0.0,0.0,0.0,0.0,1.0,0.0,0.0,0.0,sister,,1187,question,False,1177,question
38,0.0,0.0,0.0,0.0,0.0,0.0,1.0,0.0,0.0,terms,,1407,fearful,False,1383,fearful
39,0.0,0.0,0.0,0.0,1.0,0.0,0.0,0.0,0.0,you,,1437,battery,False,1427,battery
40,0.0,0.0,0.0,0.0,0.0,0.0,0.0,0.0,1.0,you,,1448,dare,True,1441,dare
41,0.0,0.0,0.0,0.0,0.0,0.0,0.0,0.0,1.0,you,you,1448,dare,True,1441,dare
42,0.0,0.0,0.0,0.0,0.0,0.0,0.0,1.0,0.0,man,,1534,young,False,1531,young
43,0.0,0.0,0.0,0.0,0.0,0.0,0.0,1.0,0.0,man,,1552,young,False,1551,young
44,0.0,0.0,0.0,0.0,1.0,0.0,0.0,0.0,0.0,man,,1556,word,False,1551,words
45,0.0,0.0,0.0,0.0,0.0,0.0,0.0,1.0,0.0,man,,1561,young,False,1560,young
46,0.0,0.0,0.0,0.0,0.0,0.0,0.0,0.0,1.0,man,,1565,secret,False,1560,secret
47,0.0,0.0,0.0,0.0,0.0,0.0,0.0,1.0,0.0,man,,1601,young,False,1587,young
48,0.0,0.0,0.0,0.0,0.0,0.0,0.0,1.0,0.0,man,,1638,young,False,1604,young
49,0.0,0.0,0.0,0.0,1.0,0.0,0.0,0.0,0.0,man,,1642,creep,False,1604,creep
50,0.0,0.0,0.0,0.0,1.0,0.0,0.0,0.0,0.0,man,,1644,creep,False,1604,creep
51,0.0,0.0,0.0,0.0,1.0,0.0,0.0,0.0,0.0,man,boy,1644,creep,False,1604,creep
52,0.0,0.0,0.0,0.0,1.0,0.0,0.0,0.0,0.0,man,boy,1644,creep,False,1604,creep
53,0.0,0.0,0.0,0.0,0.0,0.0,0.0,1.0,0.0,man,,1659,young,False,1654,young
54,0.0,0.0,0.0,0.0,0.0,0.0,0.0,1.0,0.0,man,,1682,young,False,1674,young
55,0.0,0.0,0.0,0.0,0.0,0.0,0.0,1.0,0.0,man,,1779,young,False,1761,young
56,0.0,1.0,0.0,0.0,0.0,0.0,0.0,0.0,0.0,man,,1837,time,False,1834,time
57,0.0,0.0,0.0,0.0,0.0,1.0,0.0,0.0,0.0,man,,1922,pull,False,1866,pull
58,0.0,0.0,0.0,0.0,0.0,1.0,0.0,0.0,0.0,man,man,1922,pull,False,1866,pull
59,0.0,1.0,0.0,0.0,0.0,0.0,0.0,0.0,0.0,man,,2044,long,False,2039,long
60,0.0,0.0,0.0,0.0,0.0,0.0,1.0,0.0,0.0,man,,2045,black,False,2039,black
61,0.0,0.0,0.0,0.0,0.0,0.0,0.0,0.0,1.0,man,,1986,shoulder,False,1980,shoulder
62,0.0,0.0,0.0,0.0,0.0,0.0,1.0,0.0,0.0,man,,2010,sore,False,1980,sore
63,0.0,0.0,0.0,0.0,0.0,0.0,1.0,0.0,0.0,man,,2107,black,False,2094,black
64,0.0,0.0,0.0,0.0,0.0,1.0,0.0,0.0,0.0,man,,2112,prospect,False,2094,prospect
65,0.0,1.0,0.0,0.0,0.0,0.0,0.0,0.0,0.0,man,,2207,think,False,2199,thought
66,0.0,0.0,0.0,0.0,1.0,0.0,0.0,0.0,0.0,man,,2238,horrible,False,2232,horrible
67,0.0,0.0,0.0,0.0,0.0,0.0,0.0,1.0,0.0,man,,2239,young,False,2232,young
68,0.0,0.0,0.0,0.0,0.0,1.0,0.0,0.0,0.0,man,,2279,establish,False,2266,established
69,0.0,1.0,0.0,0.0,0.0,0.0,0.0,0.0,0.0,man,,2301,time,False,2298,time
70,0.0,0.0,0.0,0.0,0.0,0.0,0.0,0.0,1.0,man,,2378,marry,False,2354,marry
71,0.0,0.0,0.0,0.0,0.0,1.0,0.0,0.0,0.0,man,,3512,needle,False,3483,needle
72,0.0,0.0,0.0,0.0,0.0,0.0,0.0,0.0,1.0,man,,3545,kind,False,3522,kind
73,0.0,0.0,0.0,0.0,0.0,1.0,0.0,0.0,0.0,man,,3566,dexterity,False,3522,dexterity
74,0.0,0.0,0.0,0.0,1.0,0.0,0.0,0.0,0.0,man,,3604,loaf,False,3578,loaf
75,0.0,0.0,0.0,0.0,0.0,1.0,0.0,0.0,0.0,man,,3646,eat,True,3633,eat
76,0.0,0.0,0.0,0.0,0.0,0.0,0.0,0.0,1.0,man,,3635,present,False,3633,present
77,0.0,0.0,0.0,0.0,0.0,1.0,0.0,0.0,0.0,man,,3658,reserve,False,3650,reserve
78,0.0,0.0,0.0,0.0,0.0,0.0,1.0,0.0,0.0,man,,3661,dreadful,False,3650,dreadful
79,0.0,0.0,0.0,0.0,0.0,0.0,0.0,0.0,1.0,man,,3697,safe,False,3674,safe
80,0.0,0.0,0.0,0.0,0.0,0.0,0.0,0.0,1.0,man,,3729,find,False,3717,found
81,0.0,0.0,0.0,0.0,1.0,0.0,0.0,0.0,0.0,man,,3756,plunge,False,3735,plunge
82,0.0,0.0,0.0,0.0,0.0,0.0,0.0,0.0,1.0,man,,3760,depth,False,3735,depth
83,0.0,0.0,0.0,0.0,0.0,0.0,1.0,0.0,0.0,man,,3866,mug,False,3830,mug
84,0.0,0.0,0.0,0.0,0.0,1.0,0.0,0.0,0.0,man,,3917,advantage,False,3915,advantage
85,0.0,0.0,0.0,0.0,0.0,0.0,1.0,0.0,0.0,man,,3952,loss,False,3940,loss
86,0.0,1.0,0.0,0.0,0.0,0.0,0.0,0.0,0.0,man,,4207,time,False,4205,time
87,0.0,0.0,0.0,0.0,1.0,0.0,0.0,0.0,0.0,man,,4504,word,False,4483,words
88,0.0,0.0,0.0,0.0,0.0,0.0,1.0,0.0,0.0,man,,4503,awful,False,4483,awful
89,0.0,0.0,0.0,0.0,1.0,0.0,0.0,0.0,0.0,man,,5474,contrary,False,5452,contrary
90,0.0,0.0,0.0,0.0,0.0,1.0,0.0,0.0,0.0,man,,5551,needle,False,5542,needle
91,0.0,0.0,0.0,0.0,0.0,1.0,0.0,0.0,0.0,man,,2371,impression,False,2354,impression
92,0.0,0.0,0.0,0.0,0.0,0.0,0.0,0.0,1.0,man,,2370,general,False,2354,general
93,0.0,1.0,0.0,0.0,0.0,0.0,0.0,0.0,0.0,boy,,1595,attempt,False,1587,attempt
94,0.0,0.0,0.0,0.0,0.0,0.0,0.0,0.0,1.0,boy,,1634,safe,False,1604,safe
95,0.0,0.0,0.0,0.0,0.0,0.0,0.0,0.0,1.0,boy,,1667,present,False,1654,present
96,0.0,0.0,0.0,0.0,0.0,0.0,1.0,0.0,0.0,boy,,1672,difficulty,False,1654,difficulty
97,0.0,0.0,0.0,0.0,1.0,0.0,0.0,0.0,0.0,boy,,1729,battery,False,1698,battery
98,0.0,0.0,0.0,0.0,0.0,0.0,0.0,1.0,0.0,boy,,1893,young,False,1866,young
99,0.0,0.0,0.0,0.0,0.0,0.0,0.0,1.0,0.0,you,,1779,young,False,1761,young
100,0.0,1.0,0.0,0.0,0.0,0.0,0.0,0.0,0.0,marshes,,2044,long,False,2039,long
101,0.0,0.0,0.0,0.0,0.0,0.0,1.0,0.0,0.0,marshes,,2045,black,False,2039,black
102,0.0,1.0,0.0,0.0,0.0,0.0,0.0,0.0,0.0,cattle,,2228,think,False,2199,thought
103,0.0,0.0,0.0,0.0,0.0,0.0,0.0,0.0,1.0,joe gargery,,2378,marry,False,2354,marry
104,0.0,0.0,0.0,0.0,0.0,0.0,0.0,0.0,1.0,joe gargery,herself,2378,marry,False,2354,marry
105,0.0,0.0,0.0,0.0,0.0,1.0,0.0,0.0,0.0,sister,,3512,needle,False,3483,needle
106,0.0,0.0,0.0,0.0,0.0,0.0,0.0,0.0,1.0,sister,,3545,kind,False,3522,kind
107,0.0,0.0,0.0,0.0,0.0,1.0,0.0,0.0,0.0,sister,,3566,dexterity,False,3522,dexterity
108,0.0,0.0,0.0,0.0,1.0,0.0,0.0,0.0,0.0,sister,,3604,loaf,False,3578,loaf
109,0.0,0.0,0.0,0.0,0.0,1.0,0.0,0.0,0.0,sister,,3646,eat,True,3633,eat
110,0.0,0.0,0.0,0.0,0.0,0.0,0.0,0.0,1.0,sister,,3635,present,False,3633,present
111,0.0,0.0,0.0,0.0,0.0,1.0,0.0,0.0,0.0,sister,,3658,reserve,False,3650,reserve
112,0.0,0.0,0.0,0.0,0.0,0.0,1.0,0.0,0.0,sister,,3661,dreadful,False,3650,dreadful
113,0.0,0.0,0.0,0.0,0.0,0.0,0.0,0.0,1.0,sister,,3697,safe,False,3674,safe
114,0.0,0.0,0.0,0.0,0.0,0.0,0.0,0.0,1.0,sister,,3729,find,False,3717,found
115,0.0,0.0,0.0,0.0,1.0,0.0,0.0,0.0,0.0,sister,,3756,plunge,False,3735,plunge
116,0.0,0.0,0.0,0.0,0.0,0.0,0.0,0.0,1.0,sister,,3760,depth,False,3735,depth
117,0.0,0.0,0.0,0.0,0.0,0.0,1.0,0.0,0.0,sister,,3866,mug,False,3830,mug
118,0.0,0.0,0.0,0.0,0.0,1.0,0.0,0.0,0.0,sister,,3917,advantage,False,3915,advantage
119,0.0,0.0,0.0,0.0,0.0,0.0,1.0,0.0,0.0,sister,,3952,loss,False,3940,loss
120,0.0,1.0,0.0,0.0,0.0,0.0,0.0,0.0,0.0,sister,,4207,time,False,4205,time
121,0.0,0.0,0.0,0.0,1.0,0.0,0.0,0.0,0.0,sister,,4504,word,False,4483,words
122,0.0,0.0,0.0,0.0,0.0,0.0,1.0,0.0,0.0,sister,,4503,awful,False,4483,awful
123,0.0,0.0,0.0,0.0,1.0,0.0,0.0,0.0,0.0,sister,,5474,contrary,False,5452,contrary
124,0.0,0.0,0.0,0.0,0.0,1.0,0.0,0.0,0.0,sister,,5551,needle,False,5542,needle
125,0.0,0.0,0.0,0.0,0.0,1.0,0.0,0.0,0.0,joe,,2386,fair,False,2383,fair
126,0.0,0.0,0.0,0.0,0.0,0.0,0.0,0.0,1.0,joe,,2443,fellow,False,2423,fellow
127,0.0,0.0,0.0,0.0,0.0,0.0,0.0,0.0,1.0,joe,,2428,good,False,2423,good
128,0.0,0.0,0.0,0.0,0.0,1.0,0.0,0.0,0.0,joe,,2434,tempered,False,2423,tempered
129,0.0,0.0,0.0,0.0,0.0,0.0,0.0,0.0,1.0,joe,,2432,sweet,False,2423,sweet
130,0.0,0.0,0.0,0.0,1.0,0.0,0.0,0.0,0.0,joe,,2440,foolish,False,2423,foolish
131,0.0,0.0,0.0,0.0,0.0,1.0,0.0,0.0,0.0,joe,,2442,dear,False,2423,dear
132,0.0,0.0,0.0,0.0,0.0,0.0,0.0,0.0,1.0,joe,,2450,strength,False,2423,strength
133,0.0,0.0,0.0,0.0,1.0,0.0,0.0,0.0,0.0,joe,,2455,weakness,False,2423,weakness
134,0.0,0.0,0.0,0.0,0.0,0.0,1.0,0.0,0.0,joe,,2464,black,False,2458,black
135,0.0,0.0,0.0,0.0,0.0,0.0,0.0,0.0,1.0,joe,,2672,confidence,False,2656,confidence
136,0.0,0.0,0.0,0.0,0.0,0.0,0.0,0.0,1.0,joe,i,2672,confidence,False,2656,confidence
137,0.0,0.0,0.0,1.0,0.0,0.0,0.0,0.0,0.0,joe,,2846,fire,False,2833,fire
138,0.0,0.0,0.0,0.0,0.0,0.0,1.0,0.0,0.0,joe,,2849,low,False,2833,lower
139,0.0,0.0,0.0,0.0,1.0,0.0,0.0,0.0,0.0,joe,,3416,calculate,False,3387,calculating
140,0.0,0.0,0.0,0.0,0.0,0.0,1.0,0.0,0.0,joe,,3451,blue,False,3432,blue
141,0.0,0.0,0.0,0.0,1.0,0.0,0.0,0.0,0.0,joe,,3773,unconscious,False,3764,unconscious
142,0.0,0.0,0.0,0.0,0.0,0.0,0.0,0.0,1.0,joe,,3789,good,False,3776,good
143,0.0,0.0,0.0,0.0,0.0,0.0,0.0,0.0,1.0,joe,,3857,find,False,3830,found
144,0.0,0.0,0.0,0.0,0.0,0.0,0.0,0.0,1.0,joe,i,3857,find,False,3830,found
145,0.0,0.0,0.0,0.0,0.0,0.0,0.0,0.0,1.0,joe,,3991,deal,False,3974,deal
146,0.0,0.0,0.0,0.0,0.0,0.0,0.0,0.0,1.0,joe,,3990,good,False,3974,good
147,0.0,0.0,0.0,0.0,0.0,0.0,0.0,1.0,0.0,joe,,3980,mouth,False,3974,mouth
148,0.0,0.0,0.0,0.0,0.0,0.0,0.0,0.0,1.0,joe,,4021,good,False,4002,good
149,0.0,0.0,0.0,0.0,0.0,0.0,1.0,0.0,0.0,joe,,4029,fall,False,4002,fell
150,0.0,0.0,0.0,0.0,0.0,0.0,1.0,0.0,0.0,joe,joe,4029,fall,False,4002,fell
151,0.0,0.0,0.0,0.0,1.0,0.0,0.0,0.0,0.0,joe,,4058,bite,False,4045,bite
152,0.0,0.0,0.0,0.0,1.0,0.0,0.0,0.0,0.0,joe,,4127,mischief,False,4122,mischief
153,0.0,0.0,0.0,0.0,0.0,0.0,0.0,0.0,1.0,joe,,4177,recommend,False,4164,recommend
154,0.0,0.0,0.0,0.0,0.0,0.0,0.0,0.0,1.0,joe,joe,4177,recommend,False,4164,recommend
155,0.0,0.0,0.0,0.0,0.0,0.0,0.0,1.0,0.0,joe,,4188,aghast,False,4164,aghast
156,0.0,0.0,0.0,0.0,0.0,0.0,0.0,0.0,1.0,joe,,4331,confidential,False,4308,confidential
157,0.0,1.0,0.0,0.0,0.0,0.0,0.0,0.0,0.0,joe,,4207,time,False,4205,time
158,0.0,0.0,0.0,0.0,0.0,0.0,1.0,0.0,0.0,joe,,4291,helpless,False,4285,helpless
159,0.0,0.0,0.0,0.0,1.0,0.0,0.0,0.0,0.0,joe,,4322,bite,False,4308,bite
160,0.0,0.0,0.0,0.0,0.0,0.0,0.0,0.0,1.0,joe,,4398,food,False,4394,food
161,0.0,0.0,0.0,0.0,1.0,0.0,0.0,0.0,0.0,joe,,4431,bite,False,4410,bite
162,0.0,0.0,0.0,0.0,1.0,0.0,0.0,0.0,0.0,joe,,4450,boy,False,4437,boy
163,0.0,0.0,0.0,0.0,1.0,0.0,0.0,0.0,0.0,joe,,4504,word,False,4483,words
164,0.0,0.0,0.0,0.0,0.0,0.0,1.0,0.0,0.0,joe,,4503,awful,False,4483,awful
165,0.0,0.0,0.0,0.0,0.0,0.0,0.0,1.0,0.0,joe,,4645,disturbance,False,4628,disturbance
166,0.0,0.0,0.0,0.0,1.0,0.0,0.0,0.0,0.0,joe,,5212,gun,False,5196,gun
167,0.0,0.0,0.0,0.0,0.0,0.0,0.0,0.0,1.0,joe,,5407,word,False,5380,word
168,0.0,0.0,0.0,0.0,1.0,0.0,0.0,0.0,0.0,joe,,5504,cough,False,5500,cough
169,0.0,0.0,0.0,0.0,0.0,0.0,1.0,0.0,0.0,they,,2409,blue,False,2383,blue
170,0.0,0.0,0.0,0.0,1.0,0.0,0.0,0.0,0.0,they,,2408,undecided,False,2383,undecided
171,0.0,0.0,0.0,0.0,0.0,0.0,1.0,0.0,0.0,she,,2573,wear,False,2563,worn
172,0.0,0.0,0.0,0.0,0.0,0.0,1.0,0.0,0.0,she,it,2573,wear,False,2563,worn
173,0.0,0.0,0.0,0.0,0.0,0.0,0.0,0.0,1.0,she,,2584,wear,False,2563,wear
174,0.0,0.0,0.0,0.0,1.0,0.0,0.0,0.0,0.0,mrs. joe,,2823,grab,False,2806,grab
175,0.0,1.0,0.0,0.0,0.0,0.0,0.0,0.0,0.0,mrs. joe,,2932,coming,False,2929,coming
176,1.0,0.0,0.0,0.0,0.0,0.0,0.0,0.0,0.0,mrs. joe,,3019,fence,False,2987,fenced
177,1.0,0.0,0.0,0.0,0.0,0.0,0.0,0.0,0.0,mrs. joe,i,3019,fence,False,2987,fenced
178,0.0,0.0,0.0,0.0,0.0,1.0,0.0,0.0,0.0,mrs. joe,,3318,restore,False,3311,restoring
179,0.0,0.0,0.0,0.0,0.0,1.0,0.0,0.0,0.0,mrs. joe,tickler,3318,restore,False,3311,restoring
180,0.0,0.0,0.0,0.0,0.0,1.0,0.0,0.0,0.0,mrs. joe,,4534,supply,False,4515,supply
181,0.0,0.0,0.0,0.0,0.0,1.0,0.0,0.0,0.0,mrs. joe,mrs. joe,4534,supply,False,4515,supply
182,0.0,0.0,0.0,1.0,0.0,0.0,0.0,0.0,0.0,tickler,,2793,cane,False,2785,cane
183,0.0,0.0,0.0,0.0,0.0,0.0,1.0,0.0,0.0,tickler,,2795,wear,False,2785,worn
184,0.0,1.0,0.0,0.0,0.0,0.0,0.0,0.0,0.0,tickler,,2985,investigation,False,2956,investigation
185,0.0,0.0,0.0,0.0,0.0,0.0,0.0,0.0,1.0,i,,2762,intelligence,False,2759,intelligence
186,0.0,0.0,0.0,0.0,0.0,0.0,1.0,0.0,0.0,i,,2761,dismal,False,2759,dismal
187,0.0,0.0,0.0,0.0,0.0,0.0,1.0,0.0,0.0,i,,2780,depression,False,2759,depression
188,0.0,0.0,0.0,0.0,0.0,0.0,1.0,0.0,0.0,i,fire,2780,depression,False,2759,depression
189,0.0,0.0,0.0,0.0,0.0,0.0,0.0,0.0,1.0,i,,2886,large,False,2880,larger
190,0.0,0.0,0.0,0.0,0.0,1.0,0.0,0.0,0.0,i,,2889,child,False,2880,child
191,0.0,0.0,0.0,0.0,0.0,0.0,0.0,0.0,1.0,i,,2954,advice,False,2951,advice
192,0.0,0.0,0.0,0.0,1.0,0.0,0.0,0.0,0.0,i,,2970,obstruction,False,2956,obstruction
193,0.0,0.0,0.0,0.0,0.0,0.0,0.0,1.0,0.0,i,,3036,young,False,3030,young
194,0.0,0.0,0.0,0.0,0.0,0.0,0.0,0.0,1.0,i,,3057,wear,False,3047,wear
195,0.0,0.0,0.0,0.0,0.0,0.0,0.0,0.0,1.0,i,i,3057,wear,False,3047,wear
196,0.0,0.0,0.0,0.0,1.0,0.0,0.0,0.0,0.0,i,,3061,fret,False,3047,fret
197,0.0,0.0,0.0,0.0,0.0,0.0,0.0,1.0,0.0,i,,3063,fright,False,3047,fright
198,0.0,0.0,0.0,0.0,0.0,0.0,1.0,0.0,0.0,he,,3107,cry,False,3090,crying
199,0.0,0.0,0.0,0.0,0.0,0.0,1.0,0.0,0.0,he,he,3107,cry,False,3090,crying
200,0.0,0.0,0.0,0.0,0.0,0.0,0.0,0.0,1.0,he,,3245,mother,False,3226,mother
201,0.0,0.0,0.0,0.0,0.0,1.0,0.0,0.0,0.0,he,,3254,question,False,3249,question
202,0.0,0.0,0.0,0.0,0.0,1.0,0.0,0.0,0.0,i,,3646,eat,True,3633,eat
203,0.0,0.0,0.0,0.0,0.0,0.0,0.0,0.0,1.0,i,,3635,present,False,3633,present
204,0.0,0.0,0.0,0.0,0.0,1.0,0.0,0.0,0.0,i,,3658,reserve,False,3650,reserve
205,0.0,0.0,0.0,0.0,0.0,0.0,1.0,0.0,0.0,i,,3661,dreadful,False,3650,dreadful
206,0.0,0.0,0.0,0.0,0.0,0.0,0.0,0.0,1.0,i,,3697,safe,False,3674,safe
207,0.0,0.0,0.0,0.0,0.0,0.0,0.0,0.0,1.0,i,,3729,find,False,3717,found
208,0.0,0.0,0.0,0.0,1.0,0.0,0.0,0.0,0.0,i,,3756,plunge,False,3735,plunge
209,0.0,0.0,0.0,0.0,0.0,0.0,0.0,0.0,1.0,i,,3760,depth,False,3735,depth
210,0.0,0.0,0.0,0.0,0.0,0.0,1.0,0.0,0.0,i,,3866,mug,False,3830,mug
211,0.0,0.0,0.0,0.0,0.0,1.0,0.0,0.0,0.0,i,,3917,advantage,False,3915,advantage
212,0.0,0.0,0.0,0.0,0.0,0.0,1.0,0.0,0.0,i,,3952,loss,False,3940,loss
213,0.0,0.0,0.0,0.0,1.0,0.0,0.0,0.0,0.0,our,,3853,competition,False,3830,competition
214,0.0,0.0,0.0,0.0,0.0,0.0,0.0,0.0,1.0,our,,3851,usual,False,3830,usual
215,0.0,0.0,0.0,0.0,0.0,0.0,0.0,0.0,1.0,our,,3852,friendly,False,3830,friendly
216,0.0,0.0,0.0,0.0,0.0,0.0,0.0,1.0,0.0,joe,,4188,aghast,False,4164,aghast
217,0.0,0.0,0.0,0.0,0.0,0.0,0.0,0.0,1.0,joe,,4331,confidential,False,4308,confidential
218,0.0,0.0,0.0,0.0,0.0,0.0,1.0,0.0,0.0,me,,4590,case,False,4584,case
219,0.0,0.0,0.0,0.0,0.0,0.0,0.0,0.0,1.0,me,,4607,comfort,False,4584,comfort
220,0.0,0.0,0.0,0.0,0.0,1.0,0.0,0.0,0.0,me,,4606,great,False,4584,greater
221,0.0,0.0,0.0,0.0,0.0,0.0,0.0,0.0,1.0,fire,,4818,glow,False,4809,glow
222,0.0,0.0,0.0,0.0,0.0,0.0,1.0,0.0,0.0,conscience,,4693,dreadful,False,4690,dreadful
223,0.0,0.0,0.0,0.0,1.0,0.0,0.0,0.0,0.0,conscience,,4700,boy,False,4690,boy
224,0.0,1.0,0.0,0.0,0.0,0.0,0.0,0.0,0.0,i,,4763,think,True,4760,thought
225,0.0,0.0,0.0,0.0,0.0,0.0,1.0,0.0,0.0,i,,4773,necessity,False,4760,necessity
226,0.0,1.0,0.0,0.0,0.0,0.0,0.0,0.0,0.0,i,i,4763,think,True,4760,thought
227,0.0,0.0,0.0,0.0,0.0,0.0,0.0,0.0,1.0,i,,4799,errand,False,4760,errand
228,0.0,0.0,0.0,0.0,1.0,0.0,0.0,0.0,0.0,i,,4798,small,False,4760,small
229,0.0,1.0,0.0,0.0,0.0,0.0,0.0,0.0,0.0,i,,4823,think,False,4809,thought
230,0.0,0.0,0.0,0.0,0.0,0.0,0.0,0.0,1.0,i,,4835,iron,False,4809,iron
231,0.0,1.0,0.0,0.0,0.0,0.0,0.0,0.0,0.0,i,,4871,think,False,4866,thought
232,0.0,0.0,0.0,0.0,0.0,0.0,0.0,0.0,1.0,i,,5035,conscience,False,5024,conscience
233,0.0,1.0,0.0,0.0,0.0,0.0,0.0,0.0,0.0,his,,4858,morrow,False,4809,morrow
234,0.0,0.0,0.0,0.0,0.0,0.0,0.0,0.0,1.0,his,,4908,accredit,False,4866,accredited
235,0.0,1.0,0.0,0.0,0.0,0.0,0.0,0.0,0.0,his,,4922,morrow,False,4866,morrow
236,0.0,0.0,0.0,1.0,0.0,0.0,0.0,0.0,0.0,they,,5217,warn,False,5214,warning
237,0.0,0.0,0.0,1.0,0.0,0.0,0.0,0.0,0.0,they,him,5217,warn,False,5214,warning
238,0.0,1.0,0.0,0.0,0.0,0.0,0.0,0.0,0.0,they,,5289,think,False,5278,thought
239,0.0,0.0,0.0,0.0,0.0,0.0,0.0,1.0,0.0,they,,5326,curiosity,False,5319,curiosity
240,0.0,0.0,0.0,0.0,0.0,0.0,0.0,0.0,1.0,they,,5419,word,False,5412,word
241,0.0,0.0,0.0,1.0,0.0,0.0,0.0,0.0,0.0,they,,5228,warn,False,5221,warning
242,0.0,1.0,0.0,0.0,0.0,0.0,0.0,0.0,0.0,him,,5289,think,False,5278,thought
243,0.0,0.0,0.0,0.0,0.0,0.0,0.0,1.0,0.0,him,,5326,curiosity,False,5319,curiosity
244,0.0,0.0,0.0,0.0,0.0,0.0,0.0,0.0,1.0,him,,5419,word,False,5412,word
245,0.0,0.0,0.0,0.0,0.0,0.0,0.0,0.0,1.0,i,,5625,general,False,5602,general
246,0.0,0.0,0.0,0.0,0.0,0.0,1.0,0.0,0.0,i,,5630,quiet,False,5602,quiet
247,0.0,0.0,0.0,0.0,1.0,0.0,0.0,0.0,0.0,i,,5667,badger,False,5646,badger
248,0.0,0.0,0.0,0.0,0.0,0.0,1.0,0.0,0.0,i,,5748,dark,False,5726,dark
249,0.0,1.0,0.0,0.0,0.0,0.0,0.0,0.0,0.0,i,,5798,begin,False,5796,begun
250,0.0,1.0,0.0,0.0,0.0,0.0,0.0,0.0,0.0,i,,5826,think,False,5812,thought
251,0.0,1.0,0.0,0.0,0.0,0.0,0.0,0.0,0.0,i,,5814,time,False,5812,time
252,0.0,0.0,0.0,0.0,1.0,0.0,0.0,0.0,0.0,i,,5858,terror,False,5854,terror
253,0.0,0.0,0.0,0.0,1.0,0.0,0.0,0.0,0.0,i,,5857,mortal,False,5854,mortal
254,0.0,0.0,0.0,0.0,0.0,0.0,0.0,1.0,0.0,i,,5861,young,False,5854,young
255,0.0,0.0,0.0,0.0,1.0,0.0,0.0,0.0,0.0,i,,5874,terror,False,5854,terror
256,0.0,0.0,0.0,0.0,1.0,0.0,0.0,0.0,0.0,i,,5873,mortal,False,5854,mortal
257,0.0,0.0,0.0,0.0,1.0,0.0,0.0,0.0,0.0,i,,5886,terror,False,5854,terror
258,0.0,0.0,0.0,0.0,1.0,0.0,0.0,0.0,0.0,i,,5885,mortal,False,5854,mortal
259,0.0,0.0,0.0,0.0,1.0,0.0,0.0,0.0,0.0,i,i,5886,terror,False,5854,terror
260,0.0,0.0,0.0,0.0,0.0,0.0,0.0,0.0,1.0,i,,5902,hope,False,5854,hope
261,0.0,0.0,0.0,0.0,0.0,0.0,0.0,0.0,1.0,i,,5904,deliverance,False,5854,deliverance
262,0.0,0.0,0.0,0.0,0.0,0.0,0.0,0.0,1.0,i,,5909,powerful,False,5854,powerful
263,0.0,0.0,0.0,0.0,0.0,0.0,0.0,0.0,1.0,i,,5935,secrecy,False,5854,secrecy
264,0.0,0.0,0.0,0.0,1.0,0.0,0.0,0.0,0.0,i,,5938,terror,False,5854,terror
265,0.0,0.0,0.0,0.0,0.0,0.0,1.0,0.0,0.0,i,,6030,rob,False,6004,rob
266,0.0,0.0,0.0,0.0,0.0,0.0,0.0,0.0,1.0,i,,6025,dawn,False,6004,dawn
267,0.0,0.0,0.0,0.0,1.0,0.0,0.0,0.0,0.0,i,,6074,noise,False,6055,noise
268,0.0,0.0,0.0,0.0,1.0,0.0,0.0,0.0,0.0,i,,6078,pirate,False,6055,pirate
269,0.0,1.0,0.0,0.0,0.0,0.0,0.0,0.0,0.0,i,,6169,think,False,6135,thought
270,0.0,1.0,0.0,0.0,0.0,0.0,0.0,0.0,0.0,i,,6184,time,False,6181,time
271,0.0,0.0,0.0,0.0,0.0,0.0,0.0,0.0,1.0,i,,6186,verification,False,6181,verification
272,0.0,1.0,0.0,0.0,0.0,0.0,0.0,0.0,0.0,i,,6189,time,False,6181,time
273,0.0,1.0,0.0,0.0,0.0,0.0,0.0,0.0,0.0,i,,6202,time,False,6181,time
274,0.0,0.0,0.0,0.0,0.0,0.0,0.0,0.0,1.0,i,,6333,find,False,6292,found
275,0.0,0.0,0.0,0.0,0.0,0.0,0.0,0.0,1.0,i,,6345,hope,False,6292,hope
276,0.0,0.0,0.0,0.0,0.0,1.0,0.0,0.0,0.0,i,,6350,intend,True,6292,intended
277,0.0,1.0,0.0,0.0,0.0,0.0,0.0,0.0,0.0,i,,6362,time,False,6292,time
278,0.0,0.0,0.0,0.0,0.0,0.0,0.0,0.0,1.0,i,,6403,find,False,6395,found
279,0.0,0.0,0.0,0.0,0.0,0.0,1.0,0.0,0.0,i,,6499,hang,False,6475,hanging
280,0.0,0.0,0.0,0.0,0.0,0.0,1.0,0.0,0.0,i,damp,6499,hang,False,6475,hanging
281,0.0,0.0,0.0,0.0,0.0,0.0,0.0,1.0,0.0,people,,5694,murder,False,5686,murder
282,0.0,0.0,0.0,0.0,0.0,0.0,1.0,0.0,0.0,people,,5699,rob,False,5686,rob
283,0.0,0.0,0.0,0.0,0.0,1.0,0.0,0.0,0.0,people,,5702,forge,False,5686,forge
284,0.0,0.0,0.0,0.0,0.0,0.0,1.0,0.0,0.0,people,,5709,bad,False,5686,bad
285,0.0,0.0,0.0,0.0,1.0,0.0,0.0,0.0,0.0,terror,,5852,terror,False,5841,terror
286,0.0,0.0,0.0,0.0,1.0,0.0,0.0,0.0,0.0,damp,,6446,lie,False,6441,lying
287,0.0,0.0,0.0,0.0,1.0,0.0,0.0,0.0,0.0,damp,,6481,lie,False,6475,lying
288,0.0,0.0,0.0,0.0,0.0,0.0,0.0,0.0,1.0,me,,6578,conscience,False,6561,conscience
289,0.0,0.0,0.0,0.0,1.0,0.0,0.0,0.0,0.0,me,,6581,phantom,False,6561,phantom
290,0.0,0.0,0.0,0.0,1.0,0.0,0.0,0.0,0.0,me,me,6581,phantom,False,6561,phantom
291,0.0,0.0,0.0,0.0,0.0,0.0,0.0,0.0,1.0,me,,6709,conscience,False,6693,conscience
292,0.0,0.0,0.0,0.0,0.0,0.0,0.0,0.0,1.0,me,,6834,iron,False,6800,iron
293,0.0,0.0,0.0,0.0,0.0,1.0,0.0,0.0,0.0,me,,7032,breakfast,False,7018,breakfast
294,0.0,0.0,0.0,0.0,0.0,0.0,0.0,0.0,1.0,me,,7150,oath,False,7129,oath
295,0.0,0.0,0.0,0.0,1.0,0.0,0.0,0.0,0.0,me,,7156,hit,False,7129,hit
296,0.0,0.0,0.0,0.0,1.0,0.0,0.0,0.0,0.0,me,,7178,stumble,False,7129,stumble
297,0.0,0.0,0.0,0.0,0.0,0.0,0.0,1.0,0.0,me,,7204,young,False,7201,young
298,0.0,0.0,0.0,0.0,0.0,0.0,1.0,0.0,0.0,me,,7303,die,False,7292,die
299,0.0,0.0,0.0,0.0,1.0,0.0,0.0,0.0,0.0,me,,7306,cold,False,7292,cold
300,0.0,0.0,0.0,0.0,0.0,0.0,1.0,0.0,0.0,me,,8611,gray,False,8598,gray
301,0.0,0.0,0.0,0.0,1.0,0.0,0.0,0.0,0.0,me,,6855,battery,False,6849,battery
302,0.0,0.0,0.0,0.0,0.0,0.0,0.0,0.0,1.0,me,,6913,find,False,6903,found
303,0.0,0.0,0.0,0.0,1.0,0.0,0.0,0.0,0.0,me,,6907,confusion,False,6903,confusion
304,0.0,0.0,0.0,0.0,1.0,0.0,0.0,0.0,0.0,me,mist,6907,confusion,False,6903,confusion
305,0.0,0.0,0.0,0.0,0.0,0.0,0.0,0.0,1.0,me,me,6913,find,False,6903,found
306,0.0,1.0,0.0,0.0,0.0,0.0,0.0,0.0,0.0,me,,7019,think,False,7018,thought
307,0.0,0.0,0.0,0.0,0.0,0.0,0.0,1.0,0.0,me,,7036,unexpected,False,7018,unexpected
308,0.0,0.0,0.0,0.0,1.0,0.0,0.0,0.0,0.0,me,,7045,touch,False,7018,touched
309,0.0,0.0,0.0,0.0,0.0,0.0,0.0,0.0,1.0,me,,7049,shoulder,False,7018,shoulder
310,0.0,0.0,0.0,0.0,0.0,0.0,1.0,0.0,0.0,me,,7196,lose,False,7129,lost
311,0.0,1.0,0.0,0.0,0.0,0.0,0.0,0.0,0.0,me,,7209,think,False,7208,thought
312,0.0,0.0,0.0,0.0,0.0,0.0,0.0,0.0,1.0,me,,7211,feel,False,7208,feeling
313,0.0,0.0,0.0,0.0,0.0,0.0,0.0,0.0,1.0,me,,7220,dare,False,7219,dare
314,0.0,0.0,0.0,0.0,0.0,0.0,1.0,0.0,0.0,me,,7227,pain,False,7219,pain
315,0.0,0.0,0.0,0.0,1.0,0.0,0.0,0.0,0.0,me,,7248,battery,False,7243,battery
316,0.0,1.0,0.0,0.0,0.0,0.0,0.0,0.0,0.0,me,,7294,expect,False,7292,expected
317,0.0,0.0,0.0,0.0,1.0,0.0,0.0,0.0,0.0,cattle,,6673,star,False,6664,staring
318,0.0,1.0,0.0,0.0,0.0,0.0,0.0,0.0,0.0,sir,,7744,time,False,7731,time
319,0.0,0.0,0.0,0.0,0.0,0.0,0.0,1.0,0.0,he,,6783,vanish,False,6765,vanished
320,0.0,0.0,1.0,0.0,0.0,0.0,0.0,0.0,0.0,he,,6780,nose,False,6765,nose
321,0.0,0.0,0.0,0.0,0.0,1.0,0.0,0.0,0.0,man,,7032,breakfast,False,7018,breakfast
322,0.0,0.0,0.0,0.0,0.0,0.0,0.0,0.0,1.0,man,,7150,oath,False,7129,oath
323,0.0,0.0,0.0,0.0,1.0,0.0,0.0,0.0,0.0,man,,7156,hit,False,7129,hit
324,0.0,0.0,0.0,0.0,1.0,0.0,0.0,0.0,0.0,man,,7178,stumble,False,7129,stumble
325,0.0,0.0,0.0,0.0,0.0,0.0,0.0,1.0,0.0,man,,7204,young,False,7201,young
326,0.0,0.0,0.0,0.0,0.0,0.0,1.0,0.0,0.0,man,,7303,die,False,7292,die
327,0.0,0.0,0.0,0.0,1.0,0.0,0.0,0.0,0.0,man,,7306,cold,False,7292,cold
328,0.0,0.0,0.0,0.0,0.0,0.0,1.0,0.0,0.0,man,,8611,gray,False,8598,gray
329,0.0,0.0,0.0,0.0,0.0,0.0,1.0,0.0,0.0,boy,,7449,liquor,False,7404,liquor
330,0.0,0.0,0.0,0.0,0.0,1.0,0.0,0.0,0.0,boy,,7547,eat,False,7544,eat
331,0.0,0.0,0.0,0.0,0.0,1.0,0.0,0.0,0.0,boy,,7549,breakfast,False,7544,breakfast
332,0.0,0.0,0.0,0.0,1.0,0.0,0.0,0.0,0.0,you,,7505,boy,False,7498,boy
333,0.0,0.0,0.0,0.0,1.0,0.0,0.0,0.0,0.0,you,,7528,lie,False,7525,lying
334,0.0,0.0,0.0,0.0,0.0,0.0,0.0,1.0,0.0,they,,7554,death,False,7551,death
335,0.0,0.0,0.0,0.0,0.0,0.0,0.0,1.0,0.0,they,boy,7554,death,False,7551,death
336,0.0,0.0,0.0,0.0,1.0,0.0,0.0,0.0,0.0,you,,7736,fierce,False,7731,fierce
337,0.0,0.0,0.0,0.0,0.0,0.0,0.0,1.0,0.0,you,,7737,young,False,7731,young
338,0.0,0.0,0.0,0.0,0.0,0.0,1.0,0.0,0.0,his,,7806,desolation,False,7804,desolation
339,0.0,0.0,0.0,0.0,0.0,0.0,0.0,0.0,1.0,his,,7830,enjoy,False,7804,enjoy
340,0.0,0.0,0.0,0.0,0.0,0.0,0.0,0.0,1.0,his,it,7830,enjoy,False,7804,enjoy
341,0.0,0.0,0.0,0.0,1.0,0.0,0.0,0.0,0.0,his,,7858,boy,False,7854,boy
342,0.0,0.0,0.0,0.0,0.0,0.0,0.0,1.0,0.0,man,,7903,sudden,False,7898,sudden
343,0.0,0.0,1.0,0.0,0.0,0.0,0.0,0.0,0.0,man,,7919,mouthful,False,7911,mouthful
344,0.0,1.0,0.0,0.0,0.0,0.0,0.0,0.0,0.0,man,,7941,think,False,7911,thought
345,0.0,0.0,0.0,1.0,0.0,0.0,0.0,0.0,0.0,man,,7991,jaw,False,7958,jaws
346,0.0,0.0,0.0,0.0,0.0,1.0,0.0,0.0,0.0,man,,7994,visitor,False,7958,visitor
347,0.0,0.0,0.0,0.0,0.0,1.0,0.0,0.0,0.0,man,,8040,politeness,False,8009,politeness
348,0.0,0.0,0.0,0.0,1.0,0.0,0.0,0.0,0.0,man,,8107,speak,False,8105,spoke
349,0.0,1.0,0.0,0.0,0.0,0.0,0.0,0.0,0.0,man,,8151,think,False,8149,thought
350,0.0,0.0,0.0,0.0,0.0,0.0,0.0,0.0,1.0,man,,8213,find,False,8198,found
351,0.0,1.0,0.0,0.0,0.0,0.0,0.0,0.0,0.0,man,,8219,think,False,8198,thought
352,0.0,0.0,0.0,0.0,1.0,0.0,0.0,0.0,0.0,man,,8271,tremble,False,8254,trembling
353,0.0,0.0,0.0,0.0,0.0,0.0,0.0,1.0,0.0,him,,8131,laugh,False,8122,laugh
354,0.0,0.0,0.0,0.0,1.0,0.0,0.0,0.0,0.0,him,,8130,gruff,False,8122,gruff
355,0.0,0.0,0.0,0.0,1.0,0.0,0.0,0.0,0.0,friend,,8107,speak,False,8105,spoke
356,0.0,1.0,0.0,0.0,0.0,0.0,0.0,0.0,0.0,friend,,8151,think,False,8149,thought
357,0.0,0.0,0.0,0.0,0.0,0.0,0.0,0.0,1.0,friend,,8213,find,False,8198,found
358,0.0,1.0,0.0,0.0,0.0,0.0,0.0,0.0,0.0,friend,,8219,think,False,8198,thought
359,0.0,0.0,0.0,0.0,1.0,0.0,0.0,0.0,0.0,friend,,8271,tremble,False,8254,trembling
360,0.0,0.0,0.0,0.0,0.0,0.0,0.0,1.0,0.0,man,,8102,young,False,8100,young
361,0.0,0.0,0.0,0.0,1.0,0.0,0.0,0.0,0.0,man,,8173,scrutiny,False,8162,scrutiny
362,0.0,0.0,0.0,0.0,0.0,0.0,0.0,1.0,0.0,man,,8177,surprise,False,8162,surprise
363,0.0,0.0,1.0,0.0,0.0,0.0,0.0,0.0,0.0,man,,8380,stomach,False,8364,stomach
364,0.0,0.0,0.0,0.0,0.0,0.0,1.0,0.0,0.0,man,,8382,perishing,False,8364,perishing
365,0.0,0.0,0.0,0.0,1.0,0.0,0.0,0.0,0.0,man,,8384,cold,False,8364,cold
366,0.0,0.0,0.0,0.0,0.0,1.0,0.0,0.0,0.0,i,,8624,pull,False,8622,pull
367,0.0,0.0,0.0,0.0,0.0,1.0,0.0,0.0,0.0,i,man,8624,pull,False,8622,pull
368,0.0,0.0,0.0,0.0,0.0,0.0,1.0,0.0,0.0,i,,8636,sore,False,8631,sore
369,0.0,1.0,0.0,0.0,0.0,0.0,0.0,0.0,0.0,i,,8780,think,False,8765,thought
370,0.0,1.0,0.0,0.0,0.0,0.0,0.0,0.0,0.0,i,,8850,expect,False,8846,expected
371,0.0,0.0,0.0,0.0,0.0,0.0,0.0,0.0,1.0,i,,9587,general,False,9575,general
372,0.0,0.0,0.0,0.0,0.0,0.0,0.0,0.0,1.0,i,,10460,present,False,10453,present
373,0.0,1.0,0.0,0.0,0.0,0.0,0.0,0.0,0.0,i,,10570,come,False,10524,coming
374,0.0,0.0,0.0,0.0,0.0,0.0,1.0,0.0,0.0,i,,10875,mournful,False,10865,mournful
375,0.0,0.0,0.0,0.0,0.0,0.0,0.0,0.0,1.0,i,,10816,fix,False,10812,fixed
376,0.0,0.0,0.0,0.0,0.0,0.0,0.0,0.0,1.0,i,me,10816,fix,False,10812,fixed
377,0.0,0.0,0.0,0.0,0.0,0.0,0.0,0.0,1.0,i,,8963,conscience,False,8953,conscience
378,0.0,1.0,0.0,0.0,0.0,0.0,0.0,0.0,0.0,i,,9003,think,False,8997,thought
379,0.0,0.0,0.0,0.0,0.0,0.0,0.0,0.0,1.0,i,,8999,doubt,True,8997,doubt
380,0.0,0.0,0.0,0.0,1.0,0.0,0.0,0.0,0.0,i,,9065,hear,True,9046,hearing
381,0.0,0.0,0.0,0.0,0.0,0.0,1.0,0.0,0.0,'em,,8481,tramp,False,8463,tramp
382,0.0,0.0,0.0,0.0,1.0,0.0,0.0,0.0,0.0,mist,,8688,madman,False,8672,madman
383,0.0,0.0,0.0,0.0,0.0,0.0,0.0,0.0,1.0,mist,,8723,feeling,False,8672,feeling
384,0.0,0.0,0.0,0.0,0.0,0.0,0.0,0.0,1.0,mist,mist,8723,feeling,False,8672,feeling
385,0.0,0.0,0.0,0.0,0.0,0.0,0.0,0.0,1.0,mist,file,8723,feeling,False,8672,feeling
386,0.0,1.0,0.0,0.0,0.0,0.0,0.0,0.0,0.0,mist,,8748,hurry,False,8730,hurry
387,0.0,0.0,0.0,0.0,1.0,0.0,0.0,0.0,0.0,mist,,8747,fierce,False,8730,fierce
388,0.0,0.0,0.0,0.0,0.0,1.0,0.0,0.0,0.0,mist,,8808,work,False,8791,working
389,0.0,0.0,0.0,0.0,0.0,1.0,0.0,0.0,0.0,mist,fetter,8808,work,False,8791,working
390,0.0,0.0,0.0,0.0,0.0,0.0,0.0,0.0,1.0,mist,,9952,find,False,9944,found
391,0.0,0.0,0.0,0.0,0.0,1.0,0.0,0.0,0.0,mist,,9513,scarecrow,False,9488,scarecrow
392,0.0,0.0,0.0,0.0,0.0,0.0,0.0,0.0,1.0,mist,,9515,good,False,9488,good
393,0.0,0.0,0.0,0.0,0.0,0.0,0.0,0.0,1.0,mist,,9547,present,False,9545,present
394,0.0,0.0,0.0,0.0,0.0,1.0,0.0,0.0,0.0,mist,,9548,festive,False,9545,festive
395,0.0,0.0,0.0,0.0,0.0,0.0,1.0,0.0,0.0,mist,,9566,misery,False,9545,misery
396,0.0,0.0,0.0,0.0,0.0,1.0,0.0,0.0,0.0,mist,,9570,full,False,9545,full
397,0.0,0.0,0.0,0.0,0.0,1.0,0.0,0.0,0.0,mist,,9714,spectacle,False,9700,spectacle
398,0.0,0.0,0.0,0.0,0.0,1.0,0.0,0.0,0.0,mist,,9716,compassionate,False,9700,compassionate
399,0.0,0.0,0.0,1.0,0.0,0.0,0.0,0.0,0.0,mist,,10444,change,False,10413,change
400,0.0,0.0,0.0,0.0,0.0,1.0,0.0,0.0,0.0,mist,,10945,influence,False,10941,influence
401,0.0,1.0,0.0,0.0,0.0,0.0,0.0,0.0,0.0,mist,,10988,time,False,10963,time
402,0.0,0.0,0.0,0.0,1.0,0.0,0.0,0.0,0.0,mist,,11077,subject,False,11061,subject
403,0.0,0.0,0.0,0.0,0.0,1.0,0.0,0.0,0.0,mist,,11085,choose,False,11061,chosen
404,0.0,0.0,0.0,0.0,0.0,0.0,1.0,0.0,0.0,mist,,11084,ill,False,11061,ill
405,0.0,0.0,0.0,0.0,0.0,1.0,0.0,0.0,0.0,man,,8520,rest,False,8503,rest
406,0.0,0.0,0.0,0.0,0.0,0.0,1.0,0.0,0.0,man,,8526,forget,False,8503,forgotten
407,0.0,0.0,0.0,0.0,1.0,0.0,0.0,0.0,0.0,man,,8688,madman,False,8672,madman
408,0.0,0.0,0.0,0.0,0.0,0.0,0.0,0.0,1.0,man,,8723,feeling,False,8672,feeling
409,0.0,0.0,0.0,0.0,0.0,0.0,0.0,0.0,1.0,man,mist,8723,feeling,False,8672,feeling
410,0.0,0.0,0.0,0.0,0.0,0.0,0.0,0.0,1.0,man,file,8723,feeling,False,8672,feeling
411,0.0,1.0,0.0,0.0,0.0,0.0,0.0,0.0,0.0,man,,8748,hurry,False,8730,hurry
412,0.0,0.0,0.0,0.0,1.0,0.0,0.0,0.0,0.0,man,,8747,fierce,False,8730,fierce
413,0.0,0.0,0.0,0.0,0.0,1.0,0.0,0.0,0.0,man,,8808,work,False,8791,working
414,0.0,0.0,0.0,0.0,0.0,1.0,0.0,0.0,0.0,man,fetter,8808,work,False,8791,working
415,0.0,0.0,0.0,0.0,0.0,0.0,0.0,0.0,1.0,man,,9952,find,False,9944,found
416,0.0,0.0,0.0,0.0,0.0,1.0,0.0,0.0,0.0,man,,9513,scarecrow,False,9488,scarecrow
417,0.0,0.0,0.0,0.0,0.0,0.0,0.0,0.0,1.0,man,,9515,good,False,9488,good
418,0.0,0.0,0.0,0.0,0.0,0.0,0.0,0.0,1.0,man,,9547,present,False,9545,present
419,0.0,0.0,0.0,0.0,0.0,1.0,0.0,0.0,0.0,man,,9548,festive,False,9545,festive
420,0.0,0.0,0.0,0.0,0.0,0.0,1.0,0.0,0.0,man,,9566,misery,False,9545,misery
421,0.0,0.0,0.0,0.0,0.0,1.0,0.0,0.0,0.0,man,,9570,full,False,9545,full
422,0.0,0.0,0.0,0.0,0.0,1.0,0.0,0.0,0.0,man,,9714,spectacle,False,9700,spectacle
423,0.0,0.0,0.0,0.0,0.0,1.0,0.0,0.0,0.0,man,,9716,compassionate,False,9700,compassionate
424,0.0,0.0,0.0,1.0,0.0,0.0,0.0,0.0,0.0,man,,10444,change,False,10413,change
425,0.0,0.0,0.0,0.0,0.0,1.0,0.0,0.0,0.0,man,,10945,influence,False,10941,influence
426,0.0,1.0,0.0,0.0,0.0,0.0,0.0,0.0,0.0,man,,10988,time,False,10963,time
427,0.0,0.0,0.0,0.0,1.0,0.0,0.0,0.0,0.0,man,,11077,subject,False,11061,subject
428,0.0,0.0,0.0,0.0,0.0,1.0,0.0,0.0,0.0,man,,11085,choose,False,11061,chosen
429,0.0,0.0,0.0,0.0,0.0,0.0,1.0,0.0,0.0,man,,11084,ill,False,11061,ill
430,0.0,0.0,0.0,0.0,0.0,0.0,0.0,0.0,1.0,mrs. joe,,9335,white,False,9328,white
431,0.0,0.0,0.0,0.0,0.0,0.0,0.0,0.0,1.0,mrs. joe,,9334,clean,False,9328,clean
432,0.0,0.0,0.0,0.0,0.0,1.0,0.0,0.0,0.0,mrs. joe,,9375,rest,False,9328,rest
433,0.0,0.0,0.0,0.0,1.0,0.0,0.0,0.0,0.0,mrs. joe,,9381,haze,False,9328,haze
434,0.0,0.0,0.0,0.0,0.0,1.0,0.0,0.0,0.0,mrs. joe,,9380,cool,False,9328,cool
435,0.0,0.0,1.0,0.0,0.0,0.0,0.0,0.0,0.0,mrs. joe,,9403,nose,False,9328,nose
436,0.0,0.0,0.0,0.0,0.0,0.0,1.0,0.0,0.0,mrs. joe,,9402,black,False,9328,black
437,0.0,0.0,0.0,0.0,0.0,0.0,0.0,0.0,1.0,mrs. joe,,9425,clean,False,9421,clean
438,0.0,0.0,0.0,0.0,0.0,0.0,0.0,1.0,0.0,mrs. joe,,9432,art,False,9421,art
439,0.0,0.0,0.0,0.0,0.0,1.0,0.0,0.0,0.0,mrs. joe,,9431,exquisite,False,9421,exquisite
440,0.0,0.0,0.0,0.0,0.0,1.0,0.0,0.0,0.0,mrs. joe,,9436,cleanliness,False,9421,cleanliness
441,0.0,0.0,0.0,0.0,1.0,0.0,0.0,0.0,0.0,mrs. joe,,9438,uncomfortable,False,9421,uncomfortable
442,0.0,0.0,0.0,0.0,0.0,0.0,1.0,0.0,0.0,mrs. joe,,9440,unacceptable,False,9421,unacceptable
443,0.0,0.0,0.0,0.0,1.0,0.0,0.0,0.0,0.0,mrs. joe,,9442,dirt,False,9421,dirt
444,0.0,0.0,0.0,0.0,0.0,0.0,0.0,1.0,0.0,mrs. joe,,9989,splendid,False,9944,splendid
445,0.0,0.0,0.0,0.0,0.0,0.0,0.0,0.0,1.0,sister,,9587,general,False,9575,general
446,0.0,0.0,0.0,0.0,0.0,0.0,0.0,0.0,1.0,sister,,10460,present,False,10453,present
447,0.0,1.0,0.0,0.0,0.0,0.0,0.0,0.0,0.0,sister,,10570,come,False,10524,coming
448,0.0,0.0,0.0,0.0,0.0,0.0,1.0,0.0,0.0,sister,,10875,mournful,False,10865,mournful
449,0.0,0.0,0.0,0.0,0.0,0.0,0.0,0.0,1.0,sister,,10816,fix,False,10812,fixed
450,0.0,0.0,0.0,0.0,0.0,0.0,0.0,0.0,1.0,sister,me,10816,fix,False,10812,fixed
451,0.0,0.0,0.0,0.0,0.0,1.0,0.0,0.0,0.0,us,,9298,march,False,9281,march
452,0.0,0.0,0.0,0.0,1.0,0.0,0.0,0.0,0.0,us,,9297,force,False,9281,forced
453,0.0,0.0,0.0,0.0,1.0,0.0,0.0,0.0,0.0,us,,9304,boy,False,9281,boy
454,0.0,0.0,0.0,0.0,0.0,0.0,0.0,0.0,1.0,us,,9318,apologetic,False,9281,apologetic
455,0.0,0.0,1.0,0.0,0.0,0.0,0.0,0.0,0.0,his,,9096,nose,False,9070,nose
456,0.0,0.0,0.0,0.0,0.0,0.0,0.0,0.0,1.0,i,,9276,promise,False,9229,promise
457,0.0,0.0,0.0,0.0,0.0,0.0,0.0,0.0,1.0,i,i,9276,promise,False,9229,promise
458,0.0,0.0,0.0,0.0,0.0,0.0,0.0,0.0,1.0,people,,9459,religion,False,9445,religion
459,0.0,0.0,0.0,0.0,0.0,0.0,0.0,0.0,1.0,my,,9474,church,False,9462,church
460,0.0,0.0,0.0,0.0,0.0,0.0,0.0,0.0,1.0,my,,9952,find,False,9944,found
461,0.0,0.0,0.0,0.0,0.0,0.0,0.0,0.0,1.0,joe,,9952,find,False,9944,found
462,0.0,0.0,0.0,0.0,0.0,0.0,0.0,0.0,1.0,me,,9587,general,False,9575,general
463,0.0,0.0,0.0,0.0,0.0,0.0,1.0,0.0,0.0,me,,9594,offender,False,9575,offender
464,0.0,0.0,0.0,0.0,0.0,0.0,0.0,1.0,0.0,me,,9593,young,False,9575,young
465,0.0,0.0,0.0,0.0,0.0,0.0,0.0,1.0,0.0,me,,9603,birthday,False,9575,birthday
466,1.0,0.0,0.0,0.0,0.0,0.0,0.0,0.0,0.0,me,,9652,argument,False,9623,arguments
467,0.0,0.0,0.0,0.0,0.0,1.0,0.0,0.0,0.0,me,,9714,spectacle,False,9700,spectacle
468,0.0,0.0,0.0,0.0,0.0,1.0,0.0,0.0,0.0,me,,9716,compassionate,False,9700,compassionate
469,0.0,0.0,0.0,0.0,0.0,0.0,0.0,0.0,1.0,me,,9705,church,False,9700,church
470,0.0,0.0,0.0,0.0,0.0,0.0,0.0,0.0,1.0,me,,9779,secret,False,9773,secret
471,0.0,0.0,0.0,0.0,1.0,0.0,0.0,0.0,0.0,me,,9778,wicked,False,9773,wicked
472,0.0,0.0,0.0,0.0,0.0,0.0,0.0,0.0,1.0,me,,9775,weight,False,9773,weight
473,0.0,1.0,0.0,0.0,0.0,0.0,0.0,0.0,0.0,me,,9815,time,False,9809,time
474,0.0,1.0,0.0,0.0,0.0,0.0,0.0,0.0,0.0,me,,9839,time,False,9809,time
475,0.0,0.0,0.0,0.0,0.0,0.0,0.0,0.0,1.0,tailor,,9687,account,False,9658,account
476,0.0,0.0,0.0,0.0,0.0,0.0,0.0,0.0,1.0,tailor,,9680,kind,False,9658,kind
477,0.0,1.0,0.0,0.0,0.0,0.0,0.0,0.0,0.0,door,,9977,time,False,9944,time
478,0.0,0.0,0.0,0.0,0.0,0.0,0.0,0.0,1.0,company,,10578,good,False,10576,good
479,0.0,0.0,0.0,0.0,1.0,0.0,0.0,0.0,0.0,roman,,10068,fit,False,10021,fits
480,0.0,0.0,0.0,0.0,0.0,0.0,1.0,0.0,0.0,roman,,10090,despair,True,10021,despair
481,0.0,0.0,0.0,0.0,0.0,0.0,1.0,0.0,0.0,roman,church,10090,despair,True,10021,despair
482,0.0,0.0,0.0,0.0,1.0,0.0,0.0,0.0,0.0,roman,,10085,competition,False,10021,competition
483,0.0,0.0,0.0,0.0,0.0,0.0,1.0,0.0,0.0,roman,,10120,punish,False,10118,punished
484,0.0,0.0,0.0,0.0,0.0,1.0,0.0,0.0,0.0,roman,,10130,psalm,False,10118,psalm
485,0.0,0.0,0.0,0.0,0.0,1.0,0.0,0.0,0.0,roman,,10133,give,False,10118,giving
486,0.0,0.0,0.0,0.0,0.0,0.0,0.0,0.0,1.0,i,,10157,friend,False,10118,friend
487,0.0,0.0,0.0,0.0,0.0,1.0,0.0,0.0,0.0,i,,10776,grace,False,10774,grace
488,0.0,0.0,0.0,0.0,0.0,1.0,0.0,0.0,0.0,i,,11029,dinner,False,11023,dinner
489,0.0,0.0,0.0,0.0,0.0,0.0,0.0,0.0,1.0,i,,11034,sermon,False,11023,sermon
490,0.0,0.0,0.0,0.0,0.0,0.0,1.0,0.0,0.0,i,,11044,case,False,11023,case
491,0.0,0.0,0.0,0.0,0.0,0.0,0.0,0.0,1.0,i,,11042,usual,False,11023,usual
492,0.0,0.0,0.0,0.0,0.0,0.0,1.0,0.0,0.0,i,church,11044,case,False,11023,case
493,0.0,0.0,0.0,0.0,0.0,1.0,0.0,0.0,0.0,mr. wopsle,,10776,grace,False,10774,grace
494,0.0,0.0,0.0,0.0,0.0,1.0,0.0,0.0,0.0,mr. wopsle,,11029,dinner,False,11023,dinner
495,0.0,0.0,0.0,0.0,0.0,0.0,0.0,0.0,1.0,mr. wopsle,,11034,sermon,False,11023,sermon
496,0.0,0.0,0.0,0.0,0.0,0.0,1.0,0.0,0.0,mr. wopsle,,11044,case,False,11023,case
497,0.0,0.0,0.0,0.0,0.0,0.0,0.0,0.0,1.0,mr. wopsle,,11042,usual,False,11023,usual
498,0.0,0.0,0.0,0.0,0.0,0.0,1.0,0.0,0.0,mr. wopsle,church,11044,case,False,11023,case
499,0.0,0.0,0.0,0.0,1.0,0.0,0.0,0.0,0.0,he,,10341,word,False,10326,words
500,0.0,0.0,0.0,0.0,1.0,0.0,0.0,0.0,0.0,he,,10349,dumb,False,10326,dumb
501,0.0,0.0,0.0,0.0,0.0,0.0,0.0,0.0,1.0,me,,10460,present,False,10453,present
502,0.0,1.0,0.0,0.0,0.0,0.0,0.0,0.0,0.0,me,,10570,come,False,10524,coming
503,0.0,0.0,0.0,0.0,0.0,0.0,1.0,0.0,0.0,me,,10875,mournful,False,10865,mournful
504,0.0,0.0,0.0,0.0,0.0,0.0,1.0,0.0,0.0,me,,10492,blue,False,10479,blue
505,0.0,0.0,0.0,0.0,0.0,0.0,1.0,0.0,0.0,me,,10529,tough,False,10524,tough
506,0.0,0.0,0.0,0.0,0.0,0.0,0.0,0.0,1.0,me,,10578,good,False,10576,good
507,1.0,0.0,0.0,0.0,0.0,0.0,0.0,0.0,0.0,me,,10624,elbow,False,10600,elbow
508,0.0,0.0,0.0,0.0,0.0,0.0,1.0,0.0,0.0,me,,10746,unfortunate,False,10741,unfortunate
509,0.0,0.0,0.0,0.0,1.0,0.0,0.0,0.0,0.0,me,,10758,touch,False,10741,touched
510,0.0,0.0,0.0,0.0,0.0,0.0,0.0,0.0,1.0,me,,10816,fix,False,10812,fixed
511,0.0,0.0,0.0,0.0,0.0,0.0,0.0,0.0,1.0,me,me,10816,fix,False,10812,fixed
512,0.0,0.0,0.0,0.0,0.0,0.0,0.0,0.0,1.0,me,,10883,good,False,10865,good
513,0.0,1.0,0.0,0.0,0.0,0.0,0.0,0.0,0.0,mrs. hubble,,10570,come,False,10524,coming
514,0.0,0.0,0.0,0.0,0.0,0.0,1.0,0.0,0.0,mrs. hubble,,10875,mournful,False,10865,mournful
515,0.0,0.0,0.0,0.0,0.0,0.0,0.0,1.0,0.0,they,,10707,leave,True,10703,leave
516,0.0,0.0,0.0,0.0,0.0,0.0,0.0,1.0,0.0,they,me,10707,leave,True,10703,leave
517,0.0,0.0,0.0,0.0,0.0,0.0,0.0,0.0,1.0,mystery,,10900,moral,False,10899,moral
518,0.0,0.0,0.0,0.0,1.0,0.0,0.0,0.0,0.0,man,,11157,subject,False,11148,subject
519,0.0,1.0,0.0,0.0,0.0,0.0,0.0,0.0,0.0,i,,11326,think,False,11324,thought
520,0.0,1.0,0.0,0.0,0.0,0.0,0.0,0.0,0.0,i,young,11326,think,False,11324,thought
