,NARRATOR,Other,Unknown,n,k,be,Response,Anger,Anticipation,Arousal,Disgust,Dominance,Fear,Joy,Sadness,Surprise,Trust,Valence,Stimulus,READER,character,friend,husband
0,Subject,Category,Feature,12003,1,0.11783081161494645,,,,,,,,,,,,,,,,,
1,Subject,Category,Feature,11999,5,0.5226384357856105,,,,,,,,,,,,,,,,,
2,Subject,Category,Feature,11994,10,0.9903856131156884,,,,,,,,,,,,,,,,,
3,Subject,Category,Feature,11989,15,1.433272565333242,,,,,,,,,,,,,,,,,
4,Subject,Category,Feature,11984,20,1.8581361686220461,,,,,,,,,,,,,,,,,
5,Subject,Category,Feature,11974,30,2.660969838977824,,,,,,,,,,,,,,,,,
6,Subject,Category,Feature,11964,40,2.675744128661182,,,,,,,,,,,,,,,,,
7,Subject,Category,Feature,11954,50,2.5527375870158995,,,,,,,,,,,,,,,,,
8,Subject,Category,Feature,11944,60,2.4250398234324666,,,,,,,,,,,,,,,,,
9,Subject,Category,Feature,11934,70,2.3836635717049464,,,,,,,,,,,,,,,,,
10,Subject,,,12003,1,0.10161960576107108,Category,Feature,,,,,,,,,,,,,,,
11,Subject,,,11999,5,0.4974414106101953,Category,Feature,,,,,,,,,,,,,,,
12,Subject,,,11994,10,0.9828829058484542,Category,Feature,,,,,,,,,,,,,,,
13,Subject,,,11989,15,1.456791654793141,Category,Feature,,,,,,,,,,,,,,,
14,Subject,,,11984,20,1.9142718416470748,Category,Feature,,,,,,,,,,,,,,,
15,Subject,,,11974,30,2.796016122791757,Category,Feature,,,,,,,,,,,,,,,
16,Subject,,,11964,40,2.917781480418413,Category,Feature,,,,,,,,,,,,,,,
17,Subject,,,11954,50,2.8050015183946133,Category,Feature,,,,,,,,,,,,,,,
18,Subject,,,11944,60,2.6674677859339857,Category,Feature,,,,,,,,,,,,,,,
19,Subject,,,11934,70,2.6216776641852126,Category,Feature,,,,,,,,,,,,,,,
20,Subject,,,12003,1,0.1400067474121854,Category,,Feature,,,,,,,,,,,,,,
21,Subject,,,11999,5,0.694541307470072,Category,,Feature,,,,,,,,,,,,,,
22,Subject,,,11994,10,1.3785646537638738,Category,,Feature,,,,,,,,,,,,,,
23,Subject,,,11989,15,2.0462269125421555,Category,,Feature,,,,,,,,,,,,,,
24,Subject,,,11984,20,2.686580096267767,Category,,Feature,,,,,,,,,,,,,,
25,Subject,,,11974,30,3.87111879555589,Category,,Feature,,,,,,,,,,,,,,
26,Subject,,,11964,40,3.670718258165734,Category,,Feature,,,,,,,,,,,,,,
27,Subject,,,11954,50,3.1555176812277437,Category,,Feature,,,,,,,,,,,,,,
28,Subject,,,11944,60,2.774074704147587,Category,,Feature,,,,,,,,,,,,,,
29,Subject,,,11934,70,2.641447285495391,Category,,Feature,,,,,,,,,,,,,,
30,Subject,,,12003,1,0.36834095415244433,Category,,,Feature,,,,,,,,,,,,,
31,Subject,,,11999,5,1.7677066134413166,Category,,,Feature,,,,,,,,,,,,,
32,Subject,,,11994,10,3.436630549616764,Category,,,Feature,,,,,,,,,,,,,
33,Subject,,,11989,15,4.911267645875432,Category,,,Feature,,,,,,,,,,,,,
34,Subject,,,11984,20,6.117114063402383,Category,,,Feature,,,,,,,,,,,,,
35,Subject,,,11974,30,7.792842483637924,Category,,,Feature,,,,,,,,,,,,,
36,Subject,,,11964,40,4.497508483035596,Category,,,Feature,,,,,,,,,,,,,
37,Subject,,,11954,50,2.9183603960928295,Category,,,Feature,,,,,,,,,,,,,
38,Subject,,,11944,60,2.3042806048783775,Category,,,Feature,,,,,,,,,,,,,
39,Subject,,,11934,70,2.1630069991205447,Category,,,Feature,,,,,,,,,,,,,
40,Subject,,,12003,1,0.06075479028086962,Category,,,,Feature,,,,,,,,,,,,
41,Subject,,,11999,5,0.30301770433120023,Category,,,,Feature,,,,,,,,,,,,
42,Subject,,,11994,10,0.6007582619828878,Category,,,,Feature,,,,,,,,,,,,
43,Subject,,,11989,15,0.8914797088113373,Category,,,,Feature,,,,,,,,,,,,
44,Subject,,,11984,20,1.1744170288116036,Category,,,,Feature,,,,,,,,,,,,
45,Subject,,,11974,30,1.7318096611172826,Category,,,,Feature,,,,,,,,,,,,
46,Subject,,,11964,40,1.937394544016192,Category,,,,Feature,,,,,,,,,,,,
47,Subject,,,11954,50,1.973882384723309,Category,,,,Feature,,,,,,,,,,,,
48,Subject,,,11944,60,1.9672507500220875,Category,,,,Feature,,,,,,,,,,,,
49,Subject,,,11934,70,1.96663662760257,Category,,,,Feature,,,,,,,,,,,,
50,Subject,,,12003,1,0.5098050693779022,Category,,,,,Feature,,,,,,,,,,,
51,Subject,,,11999,5,2.412084107487833,Category,,,,,Feature,,,,,,,,,,,
52,Subject,,,11994,10,4.643493573960951,Category,,,,,Feature,,,,,,,,,,,
53,Subject,,,11989,15,6.441466792273181,Category,,,,,Feature,,,,,,,,,,,
54,Subject,,,11984,20,7.639426779143419,Category,,,,,Feature,,,,,,,,,,,
55,Subject,,,11974,30,8.896571505243223,Category,,,,,Feature,,,,,,,,,,,
56,Subject,,,11964,40,3.88008464239431,Category,,,,,Feature,,,,,,,,,,,
57,Subject,,,11954,50,2.583301995366706,Category,,,,,Feature,,,,,,,,,,,
58,Subject,,,11944,60,2.127717018052733,Category,,,,,Feature,,,,,,,,,,,
59,Subject,,,11934,70,1.998092276669182,Category,,,,,Feature,,,,,,,,,,,
60,Subject,,,12003,1,0.12226709141907063,Category,,,,,,Feature,,,,,,,,,,
61,Subject,,,11999,5,0.6060039336641554,Category,,,,,,Feature,,,,,,,,,,
62,Subject,,,11994,10,1.2027224833294574,Category,,,,,,Feature,,,,,,,,,,
63,Subject,,,11989,15,1.7864291071310947,Category,,,,,,Feature,,,,,,,,,,
64,Subject,,,11984,20,2.3497042167929534,Category,,,,,,Feature,,,,,,,,,,
65,Subject,,,11974,30,3.394211869219141,Category,,,,,,Feature,,,,,,,,,,
66,Subject,,,11964,40,3.3635793204020383,Category,,,,,,Feature,,,,,,,,,,
67,Subject,,,11954,50,3.070518731832117,Category,,,,,,Feature,,,,,,,,,,
68,Subject,,,11944,60,2.7871799924900063,Category,,,,,,Feature,,,,,,,,,,
69,Subject,,,11934,70,2.6807709103248776,Category,,,,,,Feature,,,,,,,,,,
70,Subject,,,12003,1,0.13481212469875328,Category,,,,,,,Feature,,,,,,,,,
71,Subject,,,11999,5,0.664385965396439,Category,,,,,,,Feature,,,,,,,,,
72,Subject,,,11994,10,1.3160804943984854,Category,,,,,,,Feature,,,,,,,,,
73,Subject,,,11989,15,1.9451747916521969,Category,,,,,,,Feature,,,,,,,,,
74,Subject,,,11984,20,2.545462092347279,Category,,,,,,,Feature,,,,,,,,,
75,Subject,,,11974,30,3.672721244365419,Category,,,,,,,Feature,,,,,,,,,
76,Subject,,,11964,40,3.513631242297046,Category,,,,,,,Feature,,,,,,,,,
77,Subject,,,11954,50,3.1341873892960335,Category,,,,,,,Feature,,,,,,,,,
78,Subject,,,11944,60,2.8226566099806054,Category,,,,,,,Feature,,,,,,,,,
79,Subject,,,11934,70,2.7137738134016494,Category,,,,,,,Feature,,,,,,,,,
80,Subject,,,12003,1,0.10727358901954795,Category,,,,,,,,Feature,,,,,,,,
81,Subject,,,11999,5,0.5319406709929898,Category,,,,,,,,Feature,,,,,,,,
82,Subject,,,11994,10,1.0565711798528878,Category,,,,,,,,Feature,,,,,,,,
83,Subject,,,11989,15,1.572332596330625,Category,,,,,,,,Feature,,,,,,,,
84,Subject,,,11984,20,2.073824275654713,Category,,,,,,,,Feature,,,,,,,,
85,Subject,,,11974,30,3.0223238802856898,Category,,,,,,,,Feature,,,,,,,,
86,Subject,,,11964,40,3.093693632946515,Category,,,,,,,,Feature,,,,,,,,
87,Subject,,,11954,50,2.8703447787160554,Category,,,,,,,,Feature,,,,,,,,
88,Subject,,,11944,60,2.667031373431664,Category,,,,,,,,Feature,,,,,,,,
89,Subject,,,11934,70,2.591331989475637,Category,,,,,,,,Feature,,,,,,,,
90,Subject,,,12003,1,0.0846186129179131,Category,,,,,,,,,Feature,,,,,,,
91,Subject,,,11999,5,0.4198513590954707,Category,,,,,,,,,Feature,,,,,,,
92,Subject,,,11994,10,0.8356829528784091,Category,,,,,,,,,Feature,,,,,,,
93,Subject,,,11989,15,1.2475499129751852,Category,,,,,,,,,Feature,,,,,,,
94,Subject,,,11984,20,1.651137441531636,Category,,,,,,,,,Feature,,,,,,,
95,Subject,,,11974,30,2.4304122241294994,Category,,,,,,,,,Feature,,,,,,,
96,Subject,,,11964,40,2.5847671991490087,Category,,,,,,,,,Feature,,,,,,,
97,Subject,,,11954,50,2.4938168175569135,Category,,,,,,,,,Feature,,,,,,,
98,Subject,,,11944,60,2.423528371927475,Category,,,,,,,,,Feature,,,,,,,
99,Subject,,,11934,70,2.3934592268763804,Category,,,,,,,,,Feature,,,,,,,
100,Subject,,,12003,1,0.17082465049802245,Category,,,,,,,,,,Feature,,,,,,
101,Subject,,,11999,5,0.8443536841861352,Category,,,,,,,,,,Feature,,,,,,
102,Subject,,,11994,10,1.6758518052146174,Category,,,,,,,,,,Feature,,,,,,
103,Subject,,,11989,15,2.483890231660445,Category,,,,,,,,,,Feature,,,,,,
104,Subject,,,11984,20,3.255257188422151,Category,,,,,,,,,,Feature,,,,,,
105,Subject,,,11974,30,4.655664047678608,Category,,,,,,,,,,Feature,,,,,,
106,Subject,,,11964,40,4.148486600732469,Category,,,,,,,,,,Feature,,,,,,
107,Subject,,,11954,50,3.435413771360593,Category,,,,,,,,,,Feature,,,,,,
108,Subject,,,11944,60,2.8996231986802123,Category,,,,,,,,,,Feature,,,,,,
109,Subject,,,11934,70,2.715005612992826,Category,,,,,,,,,,Feature,,,,,,
110,Subject,,,12003,1,0.5430087014146463,Category,,,,,,,,,,,Feature,,,,,
111,Subject,,,11999,5,2.552091584204059,Category,,,,,,,,,,,Feature,,,,,
112,Subject,,,11994,10,4.896054871673421,Category,,,,,,,,,,,Feature,,,,,
113,Subject,,,11989,15,6.735825055397429,Category,,,,,,,,,,,Feature,,,,,
114,Subject,,,11984,20,7.8822569648796375,Category,,,,,,,,,,,Feature,,,,,
115,Subject,,,11974,30,9.04296135369687,Category,,,,,,,,,,,Feature,,,,,
116,Subject,,,11964,40,3.72235368093226,Category,,,,,,,,,,,Feature,,,,,
117,Subject,,,11954,50,2.4868333774924354,Category,,,,,,,,,,,Feature,,,,,
118,Subject,,,11944,60,2.062050428903605,Category,,,,,,,,,,,Feature,,,,,
119,Subject,,,11934,70,1.9483083923163316,Category,,,,,,,,,,,Feature,,,,,
120,Subject,,,12003,1,0.27237655558908097,,Feature,,,,,,,,,,,Category,,,,
121,Subject,,,11999,5,1.3587570407487695,,Feature,,,,,,,,,,,Category,,,,
122,Subject,,,11994,10,2.7013222354810673,,Feature,,,,,,,,,,,Category,,,,
123,Subject,,,11989,15,4.000689655965301,,Feature,,,,,,,,,,,Category,,,,
124,Subject,,,11984,20,5.227511365569649,,Feature,,,,,,,,,,,Category,,,,
125,Subject,,,11974,30,7.397470461549052,,Feature,,,,,,,,,,,Category,,,,
126,Subject,,,11964,40,5.738867395640503,,Feature,,,,,,,,,,,Category,,,,
127,Subject,,,11954,50,4.00671563869496,,Feature,,,,,,,,,,,Category,,,,
128,Subject,,,11944,60,2.907097429210423,,Feature,,,,,,,,,,,Category,,,,
129,Subject,,,11934,70,2.5550154887971654,,Feature,,,,,,,,,,,Category,,,,
130,Subject,,,33610,1,0.44093299075750214,,,Feature,,,,,,,,,,Category,,,,
131,Subject,,,33606,5,2.2023513799739374,,,Feature,,,,,,,,,,Category,,,,
132,Subject,,,33601,10,4.386070093255531,,,Feature,,,,,,,,,,Category,,,,
133,Subject,,,33596,15,6.490454141025108,,,Feature,,,,,,,,,,Category,,,,
134,Subject,,,33591,20,8.415538530291455,,,Feature,,,,,,,,,,Category,,,,
135,Subject,,,33581,30,11.460275490742236,,,Feature,,,,,,,,,,Category,,,,
136,Subject,,,33571,40,5.853576158878966,,,Feature,,,,,,,,,,Category,,,,
137,Subject,,,33561,50,2.6801187011001946,,,Feature,,,,,,,,,,Category,,,,
138,Subject,,,33551,60,1.2421599258586564,,,Feature,,,,,,,,,,Category,,,,
139,Subject,,,33541,70,0.9270883397167423,,,Feature,,,,,,,,,,Category,,,,
140,Subject,,,12003,1,0.7364154133360583,,,,Feature,,,,,,,,,Category,,,,
141,Subject,,,11999,5,3.6552355882774883,,,,Feature,,,,,,,,,Category,,,,
142,Subject,,,11994,10,7.231411060002098,,,,Feature,,,,,,,,,Category,,,,
143,Subject,,,11989,15,10.164863261949957,,,,Feature,,,,,,,,,Category,,,,
144,Subject,,,11984,20,11.91873177204992,,,,Feature,,,,,,,,,Category,,,,
145,Subject,,,11974,30,13.184733171452176,,,,Feature,,,,,,,,,Category,,,,
146,Subject,,,11964,40,2.658241057628862,,,,Feature,,,,,,,,,Category,,,,
147,Subject,,,11954,50,0.6588110601243775,,,,Feature,,,,,,,,,Category,,,,
148,Subject,,,11944,60,0.209714380313529,,,,Feature,,,,,,,,,Category,,,,
149,Subject,,,11934,70,0.15033821794881932,,,,Feature,,,,,,,,,Category,,,,
150,Subject,,,12003,1,0.1968551255465483,,,,,Feature,,,,,,,,Category,,,,
151,Subject,,,11999,5,0.9818687770402383,,,,,Feature,,,,,,,,Category,,,,
152,Subject,,,11994,10,1.9512210320136205,,,,,Feature,,,,,,,,Category,,,,
153,Subject,,,11989,15,2.8952705515083585,,,,,Feature,,,,,,,,Category,,,,
154,Subject,,,11984,20,3.8033064872728297,,,,,Feature,,,,,,,,Category,,,,
155,Subject,,,11974,30,5.481098505033086,,,,,Feature,,,,,,,,Category,,,,
156,Subject,,,11964,40,4.862867512010596,,,,,Feature,,,,,,,,Category,,,,
157,Subject,,,11954,50,3.9187651301067747,,,,,Feature,,,,,,,,Category,,,,
158,Subject,,,11944,60,3.223988618283565,,,,,Feature,,,,,,,,Category,,,,
159,Subject,,,11934,70,3.00427304158746,,,,,Feature,,,,,,,,Category,,,,
160,Subject,,,12003,1,0.8924093579660618,,,,,,Feature,,,,,,,Category,,,,
161,Subject,,,11999,5,4.399650667820485,,,,,,Feature,,,,,,,Category,,,,
162,Subject,,,11994,10,8.689146928637623,,,,,,Feature,,,,,,,Category,,,,
163,Subject,,,11989,15,11.818559090603355,,,,,,Feature,,,,,,,Category,,,,
164,Subject,,,11984,20,12.957327118341565,,,,,,Feature,,,,,,,Category,,,,
165,Subject,,,11974,30,13.450273587273637,,,,,,Feature,,,,,,,Category,,,,
166,Subject,,,11964,40,1.5160406569734108,,,,,,Feature,,,,,,,Category,,,,
167,Subject,,,11954,50,0.36642041197262315,,,,,,Feature,,,,,,,Category,,,,
168,Subject,,,11944,60,0.12165849719404016,,,,,,Feature,,,,,,,Category,,,,
169,Subject,,,11934,70,0.08377372684918306,,,,,,Feature,,,,,,,Category,,,,
170,Subject,,,33610,1,0.016396746563731947,,,,,,,Feature,,,,,,Category,,,,
171,Subject,,,33606,5,0.07436457198299296,,,,,,,Feature,,,,,,Category,,,,
172,Subject,,,33601,10,0.13752699625716583,,,,,,,Feature,,,,,,Category,,,,
173,Subject,,,33596,15,0.19138972909689006,,,,,,,Feature,,,,,,Category,,,,
174,Subject,,,33591,20,0.23640960878549122,,,,,,,Feature,,,,,,Category,,,,
175,Subject,,,33581,30,0.31666975959857624,,,,,,,Feature,,,,,,Category,,,,
176,Subject,,,33571,40,0.32480554599717293,,,,,,,Feature,,,,,,Category,,,,
177,Subject,,,33561,50,0.3454605682446968,,,,,,,Feature,,,,,,Category,,,,
178,Subject,,,33551,60,0.37094166681621943,,,,,,,Feature,,,,,,Category,,,,
179,Subject,,,33541,70,0.38199557536796114,,,,,,,Feature,,,,,,Category,,,,
180,Subject,,,12003,1,0.33396520207850167,,,,,,,,Feature,,,,,Category,,,,
181,Subject,,,11999,5,1.6637005065659891,,,,,,,,Feature,,,,,Category,,,,
182,Subject,,,11994,10,3.3003425136807922,,,,,,,,Feature,,,,,Category,,,,
183,Subject,,,11989,15,4.870136409740384,,,,,,,,Feature,,,,,Category,,,,
184,Subject,,,11984,20,6.323831063371871,,,,,,,,Feature,,,,,Category,,,,
185,Subject,,,11974,30,8.721731173239831,,,,,,,,Feature,,,,,Category,,,,
186,Subject,,,11964,40,5.900146439213299,,,,,,,,Feature,,,,,Category,,,,
187,Subject,,,11954,50,3.67205163534803,,,,,,,,Feature,,,,,Category,,,,
188,Subject,,,11944,60,2.3103242726489825,,,,,,,,Feature,,,,,Category,,,,
189,Subject,,,11934,70,1.9324888375246976,,,,,,,,Feature,,,,,Category,,,,
190,Subject,,,12003,1,0.28421643865354973,,,,,,,,,Feature,,,,Category,,,,
191,Subject,,,11999,5,1.4141147018083287,,,,,,,,,Feature,,,,Category,,,,
192,Subject,,,11994,10,2.804532060646879,,,,,,,,,Feature,,,,Category,,,,
193,Subject,,,11989,15,4.1385650380076155,,,,,,,,,Feature,,,,Category,,,,
194,Subject,,,11984,20,5.393678550871012,,,,,,,,,Feature,,,,Category,,,,
195,Subject,,,11974,30,7.583024182639622,,,,,,,,,Feature,,,,Category,,,,
196,Subject,,,11964,40,5.800869256260912,,,,,,,,,Feature,,,,Category,,,,
197,Subject,,,11954,50,4.054218348892779,,,,,,,,,Feature,,,,Category,,,,
198,Subject,,,11944,60,2.8455239813463367,,,,,,,,,Feature,,,,Category,,,,
199,Subject,,,11934,70,2.4471142130672376,,,,,,,,,Feature,,,,Category,,,,
200,Subject,,,12003,1,0.20592208567805353,,,,,,,,,,Feature,,,Category,,,,
201,Subject,,,11999,5,1.0285601030779123,,,,,,,,,,Feature,,,Category,,,,
202,Subject,,,11994,10,2.050327428372306,,,,,,,,,,Feature,,,Category,,,,
203,Subject,,,11989,15,3.054153731095189,,,,,,,,,,Feature,,,Category,,,,
204,Subject,,,11984,20,4.0272768650486634,,,,,,,,,,Feature,,,Category,,,,
205,Subject,,,11974,30,5.846483285941102,,,,,,,,,,Feature,,,Category,,,,
206,Subject,,,11964,40,5.17610453891484,,,,,,,,,,Feature,,,Category,,,,
207,Subject,,,11954,50,4.044158944922254,,,,,,,,,,Feature,,,Category,,,,
208,Subject,,,11944,60,3.0891077729202396,,,,,,,,,,Feature,,,Category,,,,
209,Subject,,,11934,70,2.7810147034466204,,,,,,,,,,Feature,,,Category,,,,
210,Subject,,,12003,1,0.38605299216343936,,,,,,,,,,,Feature,,Category,,,,
211,Subject,,,11999,5,1.9242653836595973,,,,,,,,,,,Feature,,Category,,,,
212,Subject,,,11994,10,3.819685451366964,,,,,,,,,,,Feature,,Category,,,,
213,Subject,,,11989,15,5.602027570804211,,,,,,,,,,,Feature,,Category,,,,
214,Subject,,,11984,20,7.209969224557826,,,,,,,,,,,Feature,,Category,,,,
215,Subject,,,11974,30,9.734140331032707,,,,,,,,,,,Feature,,Category,,,,
216,Subject,,,11964,40,5.818005447894301,,,,,,,,,,,Feature,,Category,,,,
217,Subject,,,11954,50,3.258394307553804,,,,,,,,,,,Feature,,Category,,,,
218,Subject,,,11944,60,1.8471035877445514,,,,,,,,,,,Feature,,Category,,,,
219,Subject,,,11934,70,1.480082596767581,,,,,,,,,,,Feature,,Category,,,,
220,Subject,,,12003,1,0.9248171104772633,,,,,,,,,,,,Feature,Category,,,,
221,Subject,,,11999,5,4.538763991876884,,,,,,,,,,,,Feature,Category,,,,
222,Subject,,,11994,10,8.949026719404156,,,,,,,,,,,,Feature,Category,,,,
223,Subject,,,11989,15,12.065459496453704,,,,,,,,,,,,Feature,Category,,,,
224,Subject,,,11984,20,13.075912480989878,,,,,,,,,,,,Feature,Category,,,,
225,Subject,,,11974,30,13.464495444552421,,,,,,,,,,,,Feature,Category,,,,
226,Subject,,,11964,40,1.343696774803017,,,,,,,,,,,,Feature,Category,,,,
227,Subject,,,11954,50,0.32769815608333863,,,,,,,,,,,,Feature,Category,,,,
228,Subject,,,11944,60,0.11660284369790494,,,,,,,,,,,,Feature,Category,,,,
229,Subject,,,11934,70,0.07766610720244703,,,,,,,,,,,,Feature,Category,,,,
230,,Category,Feature,33610,1,0.44093299075750214,,,,,,,,,,,,,,Subject,,,
231,,Category,Feature,33606,5,2.2023513799739374,,,,,,,,,,,,,,Subject,,,
232,,Category,Feature,33601,10,4.386070093255531,,,,,,,,,,,,,,Subject,,,
233,,Category,Feature,33596,15,6.490454141025108,,,,,,,,,,,,,,Subject,,,
234,,Category,Feature,33591,20,8.415538530291455,,,,,,,,,,,,,,Subject,,,
235,,Category,Feature,33581,30,11.460275490742236,,,,,,,,,,,,,,Subject,,,
236,,Category,Feature,33571,40,5.853576158878966,,,,,,,,,,,,,,Subject,,,
237,,Category,Feature,33561,50,2.6801187011001946,,,,,,,,,,,,,,Subject,,,
238,,Category,Feature,33551,60,1.2421599258586564,,,,,,,,,,,,,,Subject,,,
239,,Category,Feature,33541,70,0.9270883397167423,,,,,,,,,,,,,,Subject,,,
240,,,,33610,1,0.6684997390864691,Category,Feature,,,,,,,,,,,,Subject,,,
241,,,,33606,5,3.337204653191849,Category,Feature,,,,,,,,,,,,Subject,,,
242,,,,33601,10,6.644238008002941,Category,Feature,,,,,,,,,,,,Subject,,,
243,,,,33596,15,9.698200883197192,Category,Feature,,,,,,,,,,,,Subject,,,
244,,,,33591,20,12.030181607888824,Category,Feature,,,,,,,,,,,,Subject,,,
245,,,,33581,30,14.274462800828502,Category,Feature,,,,,,,,,,,,Subject,,,
246,,,,33571,40,3.3629264113657436,Category,Feature,,,,,,,,,,,,Subject,,,
247,,,,33561,50,0.8091719928493855,Category,Feature,,,,,,,,,,,,Subject,,,
248,,,,33551,60,0.2159942915541291,Category,Feature,,,,,,,,,,,,Subject,,,
249,,,,33541,70,0.12664080423918514,Category,Feature,,,,,,,,,,,,Subject,,,
250,,,,12003,1,0.8924093579660618,Category,,Feature,,,,,,,,,,,Subject,,,
251,,,,11999,5,4.399650667820485,Category,,Feature,,,,,,,,,,,Subject,,,
252,,,,11994,10,8.689146928637623,Category,,Feature,,,,,,,,,,,Subject,,,
253,,,,11989,15,11.818559090603355,Category,,Feature,,,,,,,,,,,Subject,,,
254,,,,11984,20,12.957327118341565,Category,,Feature,,,,,,,,,,,Subject,,,
255,,,,11974,30,13.450273587273637,Category,,Feature,,,,,,,,,,,Subject,,,
256,,,,11964,40,1.5160406569734108,Category,,Feature,,,,,,,,,,,Subject,,,
257,,,,11954,50,0.36642041197262315,Category,,Feature,,,,,,,,,,,Subject,,,
258,,,,11944,60,0.12165849719404016,Category,,Feature,,,,,,,,,,,Subject,,,
259,,,,11934,70,0.08377372684918306,Category,,Feature,,,,,,,,,,,Subject,,,
260,,,,12003,1,0.20592208567805353,Category,,,Feature,,,,,,,,,,Subject,,,
261,,,,11999,5,1.0285601030779123,Category,,,Feature,,,,,,,,,,Subject,,,
262,,,,11994,10,2.050327428372306,Category,,,Feature,,,,,,,,,,Subject,,,
263,,,,11989,15,3.054153731095189,Category,,,Feature,,,,,,,,,,Subject,,,
264,,,,11984,20,4.0272768650486634,Category,,,Feature,,,,,,,,,,Subject,,,
265,,,,11974,30,5.846483285941102,Category,,,Feature,,,,,,,,,,Subject,,,
266,,,,11964,40,5.17610453891484,Category,,,Feature,,,,,,,,,,Subject,,,
267,,,,11954,50,4.044158944922254,Category,,,Feature,,,,,,,,,,Subject,,,
268,,,,11944,60,3.0891077729202396,Category,,,Feature,,,,,,,,,,Subject,,,
269,,,,11934,70,2.7810147034466204,Category,,,Feature,,,,,,,,,,Subject,,,
270,,,,12003,1,0.023758508538082,Category,,,,Feature,,,,,,,,,Subject,,,
271,,,,11999,5,0.11416268829428808,Category,,,,Feature,,,,,,,,,Subject,,,
272,,,,11994,10,0.22684283944314035,Category,,,,Feature,,,,,,,,,Subject,,,
273,,,,11989,15,0.3381811058387644,Category,,,,Feature,,,,,,,,,Subject,,,
274,,,,11984,20,0.44943008603955226,Category,,,,Feature,,,,,,,,,Subject,,,
275,,,,11974,30,0.6671443433802988,Category,,,,Feature,,,,,,,,,Subject,,,
276,,,,11964,40,0.776586713155183,Category,,,,Feature,,,,,,,,,Subject,,,
277,,,,11954,50,0.8262110940048666,Category,,,,Feature,,,,,,,,,Subject,,,
278,,,,11944,60,0.8660208557670313,Category,,,,Feature,,,,,,,,,Subject,,,
279,,,,11934,70,0.8847421763571515,Category,,,,Feature,,,,,,,,,Subject,,,
280,,,,12003,1,0.1968551255465483,Category,,,,,Feature,,,,,,,,Subject,,,
281,,,,11999,5,0.9818687770402383,Category,,,,,Feature,,,,,,,,Subject,,,
282,,,,11994,10,1.9512210320136205,Category,,,,,Feature,,,,,,,,Subject,,,
283,,,,11989,15,2.8952705515083585,Category,,,,,Feature,,,,,,,,Subject,,,
284,,,,11984,20,3.8033064872728297,Category,,,,,Feature,,,,,,,,Subject,,,
285,,,,11974,30,5.481098505033086,Category,,,,,Feature,,,,,,,,Subject,,,
286,,,,11964,40,4.862867512010596,Category,,,,,Feature,,,,,,,,Subject,,,
287,,,,11954,50,3.9187651301067747,Category,,,,,Feature,,,,,,,,Subject,,,
288,,,,11944,60,3.223988618283565,Category,,,,,Feature,,,,,,,,Subject,,,
289,,,,11934,70,3.00427304158746,Category,,,,,Feature,,,,,,,,Subject,,,
290,,,,33610,1,0.6684997390864691,Category,,,,,,Feature,,,,,,,Subject,,,
291,,,,33606,5,3.337204653191849,Category,,,,,,Feature,,,,,,,Subject,,,
292,,,,33601,10,6.644238008002941,Category,,,,,,Feature,,,,,,,Subject,,,
293,,,,33596,15,9.698200883197192,Category,,,,,,Feature,,,,,,,Subject,,,
294,,,,33591,20,12.030181607888824,Category,,,,,,Feature,,,,,,,Subject,,,
295,,,,33581,30,14.274462800828502,Category,,,,,,Feature,,,,,,,Subject,,,
296,,,,33571,40,3.3629264113657436,Category,,,,,,Feature,,,,,,,Subject,,,
297,,,,33561,50,0.8091719928493855,Category,,,,,,Feature,,,,,,,Subject,,,
298,,,,33551,60,0.2159942915541291,Category,,,,,,Feature,,,,,,,Subject,,,
299,,,,33541,70,0.12664080423918514,Category,,,,,,Feature,,,,,,,Subject,,,
300,,,,12003,1,0.051053695653538705,Category,,,,,,,Feature,,,,,,Subject,,,
301,,,,11999,5,0.24876617697263956,Category,,,,,,,Feature,,,,,,Subject,,,
302,,,,11994,10,0.4894804735536128,Category,,,,,,,Feature,,,,,,Subject,,,
303,,,,11989,15,0.7208708010027282,Category,,,,,,,Feature,,,,,,Subject,,,
304,,,,11984,20,0.9412138225705624,Category,,,,,,,Feature,,,,,,Subject,,,
305,,,,11974,30,1.352518248789547,Category,,,,,,,Feature,,,,,,Subject,,,
306,,,,11964,40,1.4651013206607442,Category,,,,,,,Feature,,,,,,Subject,,,
307,,,,11954,50,1.5040781818734483,Category,,,,,,,Feature,,,,,,Subject,,,
308,,,,11944,60,1.521056327358175,Category,,,,,,,Feature,,,,,,Subject,,,
309,,,,11934,70,1.5265765624633347,Category,,,,,,,Feature,,,,,,Subject,,,
310,,,,12003,1,0.036949938421323894,Category,,,,,,,,Feature,,,,,Subject,,,
311,,,,11999,5,0.17320345640947254,Category,,,,,,,,Feature,,,,,Subject,,,
312,,,,11994,10,0.339978970677401,Category,,,,,,,,Feature,,,,,Subject,,,
313,,,,11989,15,0.5042757884757983,Category,,,,,,,,Feature,,,,,Subject,,,
314,,,,11984,20,0.6660098083204887,Category,,,,,,,,Feature,,,,,Subject,,,
315,,,,11974,30,0.9788334779050768,Category,,,,,,,,Feature,,,,,Subject,,,
316,,,,11964,40,1.108307332018721,Category,,,,,,,,Feature,,,,,Subject,,,
317,,,,11954,50,1.1457425439225881,Category,,,,,,,,Feature,,,,,Subject,,,
318,,,,11944,60,1.1753774443404137,Category,,,,,,,,Feature,,,,,Subject,,,
319,,,,11934,70,1.1854299614810484,Category,,,,,,,,Feature,,,,,Subject,,,
320,,,,12003,1,0.0846186129179131,Category,,,,,,,,,Feature,,,,Subject,,,
321,,,,11999,5,0.4198513590954707,Category,,,,,,,,,Feature,,,,Subject,,,
322,,,,11994,10,0.8356829528784091,Category,,,,,,,,,Feature,,,,Subject,,,
323,,,,11989,15,1.2475499129751852,Category,,,,,,,,,Feature,,,,Subject,,,
324,,,,11984,20,1.651137441531636,Category,,,,,,,,,Feature,,,,Subject,,,
325,,,,11974,30,2.4304122241294994,Category,,,,,,,,,Feature,,,,Subject,,,
326,,,,11964,40,2.5847671991490087,Category,,,,,,,,,Feature,,,,Subject,,,
327,,,,11954,50,2.4938168175569135,Category,,,,,,,,,Feature,,,,Subject,,,
328,,,,11944,60,2.423528371927475,Category,,,,,,,,,Feature,,,,Subject,,,
329,,,,11934,70,2.3934592268763804,Category,,,,,,,,,Feature,,,,Subject,,,
330,,,,12003,1,0.7364154133360583,Category,,,,,,,,,,Feature,,,Subject,,,
331,,,,11999,5,3.6552355882774883,Category,,,,,,,,,,Feature,,,Subject,,,
332,,,,11994,10,7.231411060002098,Category,,,,,,,,,,Feature,,,Subject,,,
333,,,,11989,15,10.164863261949957,Category,,,,,,,,,,Feature,,,Subject,,,
334,,,,11984,20,11.91873177204992,Category,,,,,,,,,,Feature,,,Subject,,,
335,,,,11974,30,13.184733171452176,Category,,,,,,,,,,Feature,,,Subject,,,
336,,,,11964,40,2.658241057628862,Category,,,,,,,,,,Feature,,,Subject,,,
337,,,,11954,50,0.6588110601243775,Category,,,,,,,,,,Feature,,,Subject,,,
338,,,,11944,60,0.209714380313529,Category,,,,,,,,,,Feature,,,Subject,,,
339,,,,11934,70,0.15033821794881932,Category,,,,,,,,,,Feature,,,Subject,,,
340,,,,12003,1,0.2051043505142547,Category,,,,,,,,,,,Feature,,Subject,,,
341,,,,11999,5,0.9016643702860823,Category,,,,,,,,,,,Feature,,Subject,,,
342,,,,11994,10,1.685964366468961,Category,,,,,,,,,,,Feature,,Subject,,,
343,,,,11989,15,2.3576962877593535,Category,,,,,,,,,,,Feature,,Subject,,,
344,,,,11984,20,2.931555600812352,Category,,,,,,,,,,,Feature,,Subject,,,
345,,,,11974,30,3.871455741971109,Category,,,,,,,,,,,Feature,,Subject,,,
346,,,,11964,40,3.1970434365035874,Category,,,,,,,,,,,Feature,,Subject,,,
347,,,,11954,50,2.8618101578522053,Category,,,,,,,,,,,Feature,,Subject,,,
348,,,,11944,60,2.6901401827134097,Category,,,,,,,,,,,Feature,,Subject,,,
349,,,,11934,70,2.6363558738127235,Category,,,,,,,,,,,Feature,,Subject,,,
350,,,,12003,1,0.30275155793384606,,Feature,,,,,,,,,,,Category,Subject,,,
351,,,,11999,5,1.509692741171779,,Feature,,,,,,,,,,,Category,Subject,,,
352,,,,11994,10,2.995673941593284,,Feature,,,,,,,,,,,Category,Subject,,,
353,,,,11989,15,4.423501658849614,,Feature,,,,,,,,,,,Category,Subject,,,
354,,,,11984,20,5.755704185838052,,Feature,,,,,,,,,,,Category,Subject,,,
355,,,,11974,30,8.082584840711856,,Feature,,,,,,,,,,,Category,Subject,,,
356,,,,11964,40,5.927671285633589,,Feature,,,,,,,,,,,Category,Subject,,,
357,,,,11954,50,3.8908929463583553,,Feature,,,,,,,,,,,Category,Subject,,,
358,,,,11944,60,2.597136848179323,,Feature,,,,,,,,,,,Category,Subject,,,
359,,,,11934,70,2.1927872080044413,,Feature,,,,,,,,,,,Category,Subject,,,
360,,,,12003,1,0.3643017393390919,,,Feature,,,,,,,,,,Category,Subject,,,
361,,,,11999,5,1.818346115477357,,,Feature,,,,,,,,,,Category,Subject,,,
362,,,,11994,10,3.6140622812089216,,,Feature,,,,,,,,,,Category,Subject,,,
363,,,,11989,15,5.336642362438419,,,Feature,,,,,,,,,,Category,Subject,,,
364,,,,11984,20,6.918053806725875,,,Feature,,,,,,,,,,Category,Subject,,,
365,,,,11974,30,9.518450045958735,,,Feature,,,,,,,,,,Category,Subject,,,
366,,,,11964,40,5.99511151579772,,,Feature,,,,,,,,,,Category,Subject,,,
367,,,,11954,50,3.2891774203043824,,,Feature,,,,,,,,,,Category,Subject,,,
368,,,,11944,60,1.7705576166769887,,,Feature,,,,,,,,,,Category,Subject,,,
369,,,,11934,70,1.3542906534595511,,,Feature,,,,,,,,,,Category,Subject,,,
370,,,,12003,1,0.8115750954889263,,,,Feature,,,,,,,,,Category,Subject,,,
371,,,,11999,5,4.0376603069134624,,,,Feature,,,,,,,,,Category,Subject,,,
372,,,,11994,10,8.001519021349617,,,,Feature,,,,,,,,,Category,Subject,,,
373,,,,11989,15,11.15409806895758,,,,Feature,,,,,,,,,Category,Subject,,,
374,,,,11984,20,12.716117577861985,,,,Feature,,,,,,,,,Category,Subject,,,
375,,,,11974,30,13.4504720380262,,,,Feature,,,,,,,,,Category,Subject,,,
376,,,,11964,40,1.77638483609098,,,,Feature,,,,,,,,,Category,Subject,,,
377,,,,11954,50,0.3393182468320778,,,,Feature,,,,,,,,,Category,Subject,,,
378,,,,11944,60,0.05896190623763615,,,,Feature,,,,,,,,,Category,Subject,,,
379,,,,11934,70,0.025111908047203285,,,,Feature,,,,,,,,,Category,Subject,,,
380,,,,12003,1,0.21161072831072147,,,,,Feature,,,,,,,,Category,Subject,,,
381,,,,11999,5,1.055803436815528,,,,,Feature,,,,,,,,Category,Subject,,,
382,,,,11994,10,2.0969802155672226,,,,,Feature,,,,,,,,Category,Subject,,,
383,,,,11989,15,3.1094575353784286,,,,,Feature,,,,,,,,Category,Subject,,,
384,,,,11984,20,4.077706070372426,,,,,Feature,,,,,,,,Category,Subject,,,
385,,,,11974,30,5.839604783033308,,,,,Feature,,,,,,,,Category,Subject,,,
386,,,,11964,40,5.051655833505705,,,,,Feature,,,,,,,,Category,Subject,,,
387,,,,11954,50,3.993717149303625,,,,,Feature,,,,,,,,Category,Subject,,,
388,,,,11944,60,3.147270962500421,,,,,Feature,,,,,,,,Category,Subject,,,
389,,,,11934,70,2.8772957499879332,,,,,Feature,,,,,,,,Category,Subject,,,
390,,,,12003,1,0.9579160051081821,,,,,,Feature,,,,,,,Category,Subject,,,
391,,,,11999,5,4.751042437062284,,,,,,Feature,,,,,,,Category,Subject,,,
392,,,,11994,10,9.410919194703363,,,,,,Feature,,,,,,,Category,Subject,,,
393,,,,11989,15,12.644755499534094,,,,,,Feature,,,,,,,Category,Subject,,,
394,,,,11984,20,13.389772513914183,,,,,,Feature,,,,,,,Category,Subject,,,
395,,,,11974,30,13.533470928200595,,,,,,Feature,,,,,,,Category,Subject,,,
396,,,,11964,40,0.7263216923380366,,,,,,Feature,,,,,,,Category,Subject,,,
397,,,,11954,50,0.10010414973569697,,,,,,Feature,,,,,,,Category,Subject,,,
398,,,,11944,60,0.028856495417812905,,,,,,Feature,,,,,,,Category,Subject,,,
399,,,,11934,70,0.02385640898325593,,,,,,Feature,,,,,,,Category,Subject,,,
400,,,,12003,1,0.3372290337045885,,,,,,,Feature,,,,,,Category,Subject,,,
401,,,,11999,5,1.6833872094538815,,,,,,,Feature,,,,,,Category,Subject,,,
402,,,,11994,10,3.3494187893735945,,,,,,,Feature,,,,,,Category,Subject,,,
403,,,,11989,15,4.951813034908454,,,,,,,Feature,,,,,,Category,Subject,,,
404,,,,11984,20,6.440651587883243,,,,,,,Feature,,,,,,Category,Subject,,,
405,,,,11974,30,8.909559192662025,,,,,,,Feature,,,,,,Category,Subject,,,
406,,,,11964,40,5.973680417836502,,,,,,,Feature,,,,,,Category,Subject,,,
407,,,,11954,50,3.6072403382997997,,,,,,,Feature,,,,,,Category,Subject,,,
408,,,,11944,60,2.2851716623641876,,,,,,,Feature,,,,,,Category,Subject,,,
409,,,,11934,70,1.8975003011043365,,,,,,,Feature,,,,,,Category,Subject,,,
410,,,,12003,1,0.37081379002501524,,,,,,,,Feature,,,,,Category,Subject,,,
411,,,,11999,5,1.848840151551849,,,,,,,,Feature,,,,,Category,Subject,,,
412,,,,11994,10,3.666407525372799,,,,,,,,Feature,,,,,Category,Subject,,,
413,,,,11989,15,5.391876994174144,,,,,,,,Feature,,,,,Category,Subject,,,
414,,,,11984,20,6.956073590677997,,,,,,,,Feature,,,,,Category,Subject,,,
415,,,,11974,30,9.482407682963881,,,,,,,,Feature,,,,,Category,Subject,,,
416,,,,11964,40,5.903079404640242,,,,,,,,Feature,,,,,Category,Subject,,,
417,,,,11954,50,3.338790448070663,,,,,,,,Feature,,,,,Category,Subject,,,
418,,,,11944,60,1.889263598950698,,,,,,,,Feature,,,,,Category,Subject,,,
419,,,,11934,70,1.5370790334986792,,,,,,,,Feature,,,,,Category,Subject,,,
420,,,,12003,1,0.3163724746701047,,,,,,,,,Feature,,,,Category,Subject,,,
421,,,,11999,5,1.5752172930964023,,,,,,,,,Feature,,,,Category,Subject,,,
422,,,,11994,10,3.126767186129755,,,,,,,,,Feature,,,,Category,Subject,,,
423,,,,11989,15,4.60664288521205,,,,,,,,,Feature,,,,Category,Subject,,,
424,,,,11984,20,5.977446848086168,,,,,,,,,Feature,,,,Category,Subject,,,
425,,,,11974,30,8.296247750946552,,,,,,,,,Feature,,,,Category,Subject,,,
426,,,,11964,40,5.914795990284754,,,,,,,,,Feature,,,,Category,Subject,,,
427,,,,11954,50,3.8350894823929482,,,,,,,,,Feature,,,,Category,Subject,,,
428,,,,11944,60,2.515488200129584,,,,,,,,,Feature,,,,Category,Subject,,,
429,,,,11934,70,2.1146067538842965,,,,,,,,,Feature,,,,Category,Subject,,,
430,,,,12003,1,0.23300161318080728,,,,,,,,,,Feature,,,Category,Subject,,,
431,,,,11999,5,1.1638356487712849,,,,,,,,,,Feature,,,Category,Subject,,,
432,,,,11994,10,2.3208992525449887,,,,,,,,,,Feature,,,Category,Subject,,,
433,,,,11989,15,3.457878334861749,,,,,,,,,,Feature,,,Category,Subject,,,
434,,,,11984,20,4.556211520259065,,,,,,,,,,Feature,,,Category,Subject,,,
435,,,,11974,30,6.577404981168368,,,,,,,,,,Feature,,,Category,Subject,,,
436,,,,11964,40,5.536691595536472,,,,,,,,,,Feature,,,Category,Subject,,,
437,,,,11954,50,4.071675702071217,,,,,,,,,,Feature,,,Category,Subject,,,
438,,,,11944,60,3.0203161885619685,,,,,,,,,,Feature,,,Category,Subject,,,
439,,,,11934,70,2.694101886676611,,,,,,,,,,Feature,,,Category,Subject,,,
440,,,,33610,1,0.9984811015977236,,,,,,,,,,,Feature,,Category,Subject,,,
441,,,,33606,5,4.986477293776134,,,,,,,,,,,Feature,,Category,Subject,,,
442,,,,33601,10,9.945810624557831,,,,,,,,,,,Feature,,Category,Subject,,,
443,,,,33596,15,14.138771266687463,,,,,,,,,,,Feature,,Category,Subject,,,
444,,,,33591,20,14.99564828498366,,,,,,,,,,,Feature,,Category,Subject,,,
445,,,,33581,30,15.035357572109334,,,,,,,,,,,Feature,,Category,Subject,,,
446,,,,33571,40,0.09470612463867024,,,,,,,,,,,Feature,,Category,Subject,,,
447,,,,33561,50,0.000981922477637881,,,,,,,,,,,Feature,,Category,Subject,,,
448,,,,33551,60,0.0,,,,,,,,,,,Feature,,Category,Subject,,,
449,,,,33541,70,0.0,,,,,,,,,,,Feature,,Category,Subject,,,
450,,,,12003,1,0.9803411082188155,,,,,,,,,,,,Feature,Category,Subject,,,
451,,,,11999,5,4.850567475959174,,,,,,,,,,,,Feature,Category,Subject,,,
452,,,,11994,10,9.590246894074134,,,,,,,,,,,,Feature,Category,Subject,,,
453,,,,11989,15,12.834285365554551,,,,,,,,,,,,Feature,Category,Subject,,,
454,,,,11984,20,13.439717416916542,,,,,,,,,,,,Feature,Category,Subject,,,
455,,,,11974,30,13.537126718872953,,,,,,,,,,,,Feature,Category,Subject,,,
456,,,,11964,40,0.6103220942614774,,,,,,,,,,,,Feature,Category,Subject,,,
457,,,,11954,50,0.09885115708159606,,,,,,,,,,,,Feature,Category,Subject,,,
458,,,,11944,60,0.028856495417812905,,,,,,,,,,,,Feature,Category,Subject,,,
459,,,,11934,70,0.02385640898325593,,,,,,,,,,,,Feature,Category,Subject,,,
460,,Category,Feature,12003,1,0.5430087014146463,,,,,,,,,,,,,,,Subject,,
461,,Category,Feature,11999,5,2.552091584204059,,,,,,,,,,,,,,,Subject,,
462,,Category,Feature,11994,10,4.896054871673421,,,,,,,,,,,,,,,Subject,,
463,,Category,Feature,11989,15,6.735825055397429,,,,,,,,,,,,,,,Subject,,
464,,Category,Feature,11984,20,7.8822569648796375,,,,,,,,,,,,,,,Subject,,
465,,Category,Feature,11974,30,9.04296135369687,,,,,,,,,,,,,,,Subject,,
466,,Category,Feature,11964,40,3.72235368093226,,,,,,,,,,,,,,,Subject,,
467,,Category,Feature,11954,50,2.4868333774924354,,,,,,,,,,,,,,,Subject,,
468,,Category,Feature,11944,60,2.062050428903605,,,,,,,,,,,,,,,Subject,,
469,,Category,Feature,11934,70,1.9483083923163316,,,,,,,,,,,,,,,Subject,,
470,,,,33610,1,0.6684997390864691,Category,Feature,,,,,,,,,,,,,Subject,,
471,,,,33606,5,3.337204653191849,Category,Feature,,,,,,,,,,,,,Subject,,
472,,,,33601,10,6.644238008002941,Category,Feature,,,,,,,,,,,,,Subject,,
473,,,,33596,15,9.698200883197192,Category,Feature,,,,,,,,,,,,,Subject,,
474,,,,33591,20,12.030181607888824,Category,Feature,,,,,,,,,,,,,Subject,,
475,,,,33581,30,14.274462800828502,Category,Feature,,,,,,,,,,,,,Subject,,
476,,,,33571,40,3.3629264113657436,Category,Feature,,,,,,,,,,,,,Subject,,
477,,,,33561,50,0.8091719928493855,Category,Feature,,,,,,,,,,,,,Subject,,
478,,,,33551,60,0.2159942915541291,Category,Feature,,,,,,,,,,,,,Subject,,
479,,,,33541,70,0.12664080423918514,Category,Feature,,,,,,,,,,,,,Subject,,
480,,,,12003,1,0.28421643865354973,Category,,Feature,,,,,,,,,,,,Subject,,
481,,,,11999,5,1.4141147018083287,Category,,Feature,,,,,,,,,,,,Subject,,
482,,,,11994,10,2.804532060646879,Category,,Feature,,,,,,,,,,,,Subject,,
483,,,,11989,15,4.1385650380076155,Category,,Feature,,,,,,,,,,,,Subject,,
484,,,,11984,20,5.393678550871012,Category,,Feature,,,,,,,,,,,,Subject,,
485,,,,11974,30,7.583024182639622,Category,,Feature,,,,,,,,,,,,Subject,,
486,,,,11964,40,5.800869256260912,Category,,Feature,,,,,,,,,,,,Subject,,
487,,,,11954,50,4.054218348892779,Category,,Feature,,,,,,,,,,,,Subject,,
488,,,,11944,60,2.8455239813463367,Category,,Feature,,,,,,,,,,,,Subject,,
489,,,,11934,70,2.4471142130672376,Category,,Feature,,,,,,,,,,,,Subject,,
490,,,,33610,1,0.6684997390864691,Category,,,Feature,,,,,,,,,,,Subject,,
491,,,,33606,5,3.337204653191849,Category,,,Feature,,,,,,,,,,,Subject,,
492,,,,33601,10,6.644238008002941,Category,,,Feature,,,,,,,,,,,Subject,,
493,,,,33596,15,9.698200883197192,Category,,,Feature,,,,,,,,,,,Subject,,
494,,,,33591,20,12.030181607888824,Category,,,Feature,,,,,,,,,,,Subject,,
495,,,,33581,30,14.274462800828502,Category,,,Feature,,,,,,,,,,,Subject,,
496,,,,33571,40,3.3629264113657436,Category,,,Feature,,,,,,,,,,,Subject,,
497,,,,33561,50,0.8091719928493855,Category,,,Feature,,,,,,,,,,,Subject,,
498,,,,33551,60,0.2159942915541291,Category,,,Feature,,,,,,,,,,,Subject,,
499,,,,33541,70,0.12664080423918514,Category,,,Feature,,,,,,,,,,,Subject,,
500,,,,12003,1,0.33396520207850167,Category,,,,Feature,,,,,,,,,,Subject,,
501,,,,11999,5,1.6637005065659891,Category,,,,Feature,,,,,,,,,,Subject,,
502,,,,11994,10,3.3003425136807922,Category,,,,Feature,,,,,,,,,,Subject,,
503,,,,11989,15,4.870136409740384,Category,,,,Feature,,,,,,,,,,Subject,,
504,,,,11984,20,6.323831063371871,Category,,,,Feature,,,,,,,,,,Subject,,
505,,,,11974,30,8.721731173239831,Category,,,,Feature,,,,,,,,,,Subject,,
506,,,,11964,40,5.900146439213299,Category,,,,Feature,,,,,,,,,,Subject,,
507,,,,11954,50,3.67205163534803,Category,,,,Feature,,,,,,,,,,Subject,,
508,,,,11944,60,2.3103242726489825,Category,,,,Feature,,,,,,,,,,Subject,,
509,,,,11934,70,1.9324888375246976,Category,,,,Feature,,,,,,,,,,Subject,,
510,,,,12003,1,0.17082465049802245,Category,,,,,Feature,,,,,,,,,Subject,,
511,,,,11999,5,0.8443536841861352,Category,,,,,Feature,,,,,,,,,Subject,,
512,,,,11994,10,1.6758518052146174,Category,,,,,Feature,,,,,,,,,Subject,,
513,,,,11989,15,2.483890231660445,Category,,,,,Feature,,,,,,,,,Subject,,
514,,,,11984,20,3.255257188422151,Category,,,,,Feature,,,,,,,,,Subject,,
515,,,,11974,30,4.655664047678608,Category,,,,,Feature,,,,,,,,,Subject,,
516,,,,11964,40,4.148486600732469,Category,,,,,Feature,,,,,,,,,Subject,,
517,,,,11954,50,3.435413771360593,Category,,,,,Feature,,,,,,,,,Subject,,
518,,,,11944,60,2.8996231986802123,Category,,,,,Feature,,,,,,,,,Subject,,
519,,,,11934,70,2.715005612992826,Category,,,,,Feature,,,,,,,,,Subject,,
520,,,,12003,1,0.01544533842513245,Category,,,,,,Feature,,,,,,,,Subject,,
521,,,,11999,5,0.07406515819110006,Category,,,,,,Feature,,,,,,,,Subject,,
522,,,,11994,10,0.14053903622996167,Category,,,,,,Feature,,,,,,,,Subject,,
523,,,,11989,15,0.2021628632386203,Category,,,,,,Feature,,,,,,,,Subject,,
524,,,,11984,20,0.2583176557849138,Category,,,,,,Feature,,,,,,,,Subject,,
525,,,,11974,30,0.3514375745107496,Category,,,,,,Feature,,,,,,,,Subject,,
526,,,,11964,40,0.3637077320097926,Category,,,,,,Feature,,,,,,,,Subject,,
527,,,,11954,50,0.36012264676774347,Category,,,,,,Feature,,,,,,,,Subject,,
528,,,,11944,60,0.3706592269734089,Category,,,,,,Feature,,,,,,,,Subject,,
529,,,,11934,70,0.3764115861562801,Category,,,,,,Feature,,,,,,,,Subject,,
530,,,,12003,1,0.27237655558908097,Category,,,,,,,Feature,,,,,,,Subject,,
531,,,,11999,5,1.3587570407487695,Category,,,,,,,Feature,,,,,,,Subject,,
532,,,,11994,10,2.7013222354810673,Category,,,,,,,Feature,,,,,,,Subject,,
533,,,,11989,15,4.000689655965301,Category,,,,,,,Feature,,,,,,,Subject,,
534,,,,11984,20,5.227511365569649,Category,,,,,,,Feature,,,,,,,Subject,,
535,,,,11974,30,7.397470461549052,Category,,,,,,,Feature,,,,,,,Subject,,
536,,,,11964,40,5.738867395640503,Category,,,,,,,Feature,,,,,,,Subject,,
537,,,,11954,50,4.00671563869496,Category,,,,,,,Feature,,,,,,,Subject,,
538,,,,11944,60,2.907097429210423,Category,,,,,,,Feature,,,,,,,Subject,,
539,,,,11934,70,2.5550154887971654,Category,,,,,,,Feature,,,,,,,Subject,,
540,,,,12003,1,0.012230571979625699,Category,,,,,,,,Feature,,,,,,Subject,,
541,,,,11999,5,0.058654600943158115,Category,,,,,,,,Feature,,,,,,Subject,,
542,,,,11994,10,0.11549809039621564,Category,,,,,,,,Feature,,,,,,Subject,,
543,,,,11989,15,0.16951262805484021,Category,,,,,,,,Feature,,,,,,Subject,,
544,,,,11984,20,0.21672424608227503,Category,,,,,,,,Feature,,,,,,Subject,,
545,,,,11974,30,0.2959392354632155,Category,,,,,,,,Feature,,,,,,Subject,,
546,,,,11964,40,0.3152066542309064,Category,,,,,,,,Feature,,,,,,Subject,,
547,,,,11954,50,0.3087687436157843,Category,,,,,,,,Feature,,,,,,Subject,,
548,,,,11944,60,0.3120322111750869,Category,,,,,,,,Feature,,,,,,Subject,,
549,,,,11934,70,0.3134230682102449,Category,,,,,,,,Feature,,,,,,Subject,,
550,,,,12003,1,0.9248171104772633,Category,,,,,,,,,Feature,,,,,Subject,,
551,,,,11999,5,4.538763991876884,Category,,,,,,,,,Feature,,,,,Subject,,
552,,,,11994,10,8.949026719404156,Category,,,,,,,,,Feature,,,,,Subject,,
553,,,,11989,15,12.065459496453704,Category,,,,,,,,,Feature,,,,,Subject,,
554,,,,11984,20,13.075912480989878,Category,,,,,,,,,Feature,,,,,Subject,,
555,,,,11974,30,13.464495444552421,Category,,,,,,,,,Feature,,,,,Subject,,
556,,,,11964,40,1.343696774803017,Category,,,,,,,,,Feature,,,,,Subject,,
557,,,,11954,50,0.32769815608333863,Category,,,,,,,,,Feature,,,,,Subject,,
558,,,,11944,60,0.11660284369790494,Category,,,,,,,,,Feature,,,,,Subject,,
559,,,,11934,70,0.07766610720244703,Category,,,,,,,,,Feature,,,,,Subject,,
560,,,,12003,1,0.023758508538082,Category,,,,,,,,,,Feature,,,,Subject,,
561,,,,11999,5,0.11416268829428808,Category,,,,,,,,,,Feature,,,,Subject,,
562,,,,11994,10,0.22684283944314035,Category,,,,,,,,,,Feature,,,,Subject,,
563,,,,11989,15,0.3381811058387644,Category,,,,,,,,,,Feature,,,,Subject,,
564,,,,11984,20,0.44943008603955226,Category,,,,,,,,,,Feature,,,,Subject,,
565,,,,11974,30,0.6671443433802988,Category,,,,,,,,,,Feature,,,,Subject,,
566,,,,11964,40,0.776586713155183,Category,,,,,,,,,,Feature,,,,Subject,,
567,,,,11954,50,0.8262110940048666,Category,,,,,,,,,,Feature,,,,Subject,,
568,,,,11944,60,0.8660208557670313,Category,,,,,,,,,,Feature,,,,Subject,,
569,,,,11934,70,0.8847421763571515,Category,,,,,,,,,,Feature,,,,Subject,,
570,,,,12003,1,0.08625070173550048,Category,,,,,,,,,,,Feature,,,Subject,,
571,,,,11999,5,0.3254986380747302,Category,,,,,,,,,,,Feature,,,Subject,,
572,,,,11994,10,0.5195051274266,Category,,,,,,,,,,,Feature,,,Subject,,
573,,,,11989,15,0.6089905376115395,Category,,,,,,,,,,,Feature,,,Subject,,
574,,,,11984,20,0.6449847249241638,Category,,,,,,,,,,,Feature,,,Subject,,
575,,,,11974,30,0.6786893052907997,Category,,,,,,,,,,,Feature,,,Subject,,
576,,,,11964,40,0.3757039628075106,Category,,,,,,,,,,,Feature,,,Subject,,
577,,,,11954,50,0.3359079006827882,Category,,,,,,,,,,,Feature,,,Subject,,
578,,,,11944,60,0.34352179028178237,Category,,,,,,,,,,,Feature,,,Subject,,
579,,,,11934,70,0.34667941506220856,Category,,,,,,,,,,,Feature,,,Subject,,
580,,,,12003,1,0.30789526711652193,,Feature,,,,,,,,,,,Category,,Subject,,
581,,,,11999,5,1.5340283781136757,,Feature,,,,,,,,,,,Category,,Subject,,
582,,,,11994,10,3.043473590560537,,Feature,,,,,,,,,,,Category,,Subject,,
583,,,,11989,15,4.493743748562026,,Feature,,,,,,,,,,,Category,,Subject,,
584,,,,11984,20,5.845059069585259,,Feature,,,,,,,,,,,Category,,Subject,,
585,,,,11974,30,8.177405951700655,,Feature,,,,,,,,,,,Category,,Subject,,
586,,,,11964,40,5.90335864884506,,Feature,,,,,,,,,,,Category,,Subject,,
587,,,,11954,50,3.8451872417379294,,Feature,,,,,,,,,,,Category,,Subject,,
588,,,,11944,60,2.6057925807595566,,Feature,,,,,,,,,,,Category,,Subject,,
589,,,,11934,70,2.217187802871795,,Feature,,,,,,,,,,,Category,,Subject,,
590,,,,12003,1,0.21161072831072147,,,Feature,,,,,,,,,,Category,,Subject,,
591,,,,11999,5,1.055803436815528,,,Feature,,,,,,,,,,Category,,Subject,,
592,,,,11994,10,2.0969802155672226,,,Feature,,,,,,,,,,Category,,Subject,,
593,,,,11989,15,3.1094575353784286,,,Feature,,,,,,,,,,Category,,Subject,,
594,,,,11984,20,4.077706070372426,,,Feature,,,,,,,,,,Category,,Subject,,
595,,,,11974,30,5.839604783033308,,,Feature,,,,,,,,,,Category,,Subject,,
596,,,,11964,40,5.051655833505705,,,Feature,,,,,,,,,,Category,,Subject,,
597,,,,11954,50,3.993717149303625,,,Feature,,,,,,,,,,Category,,Subject,,
598,,,,11944,60,3.147270962500421,,,Feature,,,,,,,,,,Category,,Subject,,
599,,,,11934,70,2.8772957499879332,,,Feature,,,,,,,,,,Category,,Subject,,
600,,,,12003,1,0.7364154133360583,,,,Feature,,,,,,,,,Category,,Subject,,
601,,,,11999,5,3.6552355882774883,,,,Feature,,,,,,,,,Category,,Subject,,
602,,,,11994,10,7.231411060002098,,,,Feature,,,,,,,,,Category,,Subject,,
603,,,,11989,15,10.164863261949957,,,,Feature,,,,,,,,,Category,,Subject,,
604,,,,11984,20,11.91873177204992,,,,Feature,,,,,,,,,Category,,Subject,,
605,,,,11974,30,13.184733171452176,,,,Feature,,,,,,,,,Category,,Subject,,
606,,,,11964,40,2.658241057628862,,,,Feature,,,,,,,,,Category,,Subject,,
607,,,,11954,50,0.6588110601243775,,,,Feature,,,,,,,,,Category,,Subject,,
608,,,,11944,60,0.209714380313529,,,,Feature,,,,,,,,,Category,,Subject,,
609,,,,11934,70,0.15033821794881932,,,,Feature,,,,,,,,,Category,,Subject,,
610,,,,33610,1,0.44093299075750214,,,,,Feature,,,,,,,,Category,,Subject,,
611,,,,33606,5,2.2023513799739374,,,,,Feature,,,,,,,,Category,,Subject,,
612,,,,33601,10,4.386070093255531,,,,,Feature,,,,,,,,Category,,Subject,,
613,,,,33596,15,6.490454141025108,,,,,Feature,,,,,,,,Category,,Subject,,
614,,,,33591,20,8.415538530291455,,,,,Feature,,,,,,,,Category,,Subject,,
615,,,,33581,30,11.460275490742236,,,,,Feature,,,,,,,,Category,,Subject,,
616,,,,33571,40,5.853576158878966,,,,,Feature,,,,,,,,Category,,Subject,,
617,,,,33561,50,2.6801187011001946,,,,,Feature,,,,,,,,Category,,Subject,,
618,,,,33551,60,1.2421599258586564,,,,,Feature,,,,,,,,Category,,Subject,,
619,,,,33541,70,0.9270883397167423,,,,,Feature,,,,,,,,Category,,Subject,,
620,,,,12003,1,0.9673230151187355,,,,,,Feature,,,,,,,Category,,Subject,,
621,,,,11999,5,4.79726799987261,,,,,,Feature,,,,,,,Category,,Subject,,
622,,,,11994,10,9.499585254353429,,,,,,Feature,,,,,,,Category,,Subject,,
623,,,,11989,15,12.729254745476224,,,,,,Feature,,,,,,,Category,,Subject,,
624,,,,11984,20,13.397384326278752,,,,,,Feature,,,,,,,Category,,Subject,,
625,,,,11974,30,13.536625162306356,,,,,,Feature,,,,,,,Category,,Subject,,
626,,,,11964,40,0.6902906744720857,,,,,,Feature,,,,,,,Category,,Subject,,
627,,,,11954,50,0.10904212168877857,,,,,,Feature,,,,,,,Category,,Subject,,
628,,,,11944,60,0.021329230337943657,,,,,,Feature,,,,,,,Category,,Subject,,
629,,,,11934,70,0.015067631495557777,,,,,,Feature,,,,,,,Category,,Subject,,
630,,,,12003,1,0.3163724746701047,,,,,,,Feature,,,,,,Category,,Subject,,
631,,,,11999,5,1.5752172930964023,,,,,,,Feature,,,,,,Category,,Subject,,
632,,,,11994,10,3.126767186129755,,,,,,,Feature,,,,,,Category,,Subject,,
633,,,,11989,15,4.60664288521205,,,,,,,Feature,,,,,,Category,,Subject,,
634,,,,11984,20,5.977446848086168,,,,,,,Feature,,,,,,Category,,Subject,,
635,,,,11974,30,8.296247750946552,,,,,,,Feature,,,,,,Category,,Subject,,
636,,,,11964,40,5.914795990284754,,,,,,,Feature,,,,,,Category,,Subject,,
637,,,,11954,50,3.8350894823929482,,,,,,,Feature,,,,,,Category,,Subject,,
638,,,,11944,60,2.515488200129584,,,,,,,Feature,,,,,,Category,,Subject,,
639,,,,11934,70,2.1146067538842965,,,,,,,Feature,,,,,,Category,,Subject,,
640,,,,12003,1,0.036949938421323894,,,,,,,,Feature,,,,,Category,,Subject,,
641,,,,11999,5,0.17320345640947254,,,,,,,,Feature,,,,,Category,,Subject,,
642,,,,11994,10,0.339978970677401,,,,,,,,Feature,,,,,Category,,Subject,,
643,,,,11989,15,0.5042757884757983,,,,,,,,Feature,,,,,Category,,Subject,,
644,,,,11984,20,0.6660098083204887,,,,,,,,Feature,,,,,Category,,Subject,,
645,,,,11974,30,0.9788334779050768,,,,,,,,Feature,,,,,Category,,Subject,,
646,,,,11964,40,1.108307332018721,,,,,,,,Feature,,,,,Category,,Subject,,
647,,,,11954,50,1.1457425439225881,,,,,,,,Feature,,,,,Category,,Subject,,
648,,,,11944,60,1.1753774443404137,,,,,,,,Feature,,,,,Category,,Subject,,
649,,,,11934,70,1.1854299614810484,,,,,,,,Feature,,,,,Category,,Subject,,
650,,,,12003,1,0.3244014028484512,,,,,,,,,Feature,,,,Category,,Subject,,
651,,,,11999,5,1.6146660778624942,,,,,,,,,Feature,,,,Category,,Subject,,
652,,,,11994,10,3.20301804281993,,,,,,,,,Feature,,,,Category,,Subject,,
653,,,,11989,15,4.71904147319224,,,,,,,,,Feature,,,,Category,,Subject,,
654,,,,11984,20,6.114794025326303,,,,,,,,,Feature,,,,Category,,Subject,,
655,,,,11974,30,8.425614593258523,,,,,,,,,Feature,,,,Category,,Subject,,
656,,,,11964,40,5.861389030745592,,,,,,,,,Feature,,,,Category,,Subject,,
657,,,,11954,50,3.708643002222531,,,,,,,,,Feature,,,,Category,,Subject,,
658,,,,11944,60,2.374562138987501,,,,,,,,,Feature,,,,Category,,Subject,,
659,,,,11934,70,1.9764361921821503,,,,,,,,,Feature,,,,Category,,Subject,,
660,,,,12003,1,0.9579160051081821,,,,,,,,,,Feature,,,Category,,Subject,,
661,,,,11999,5,4.751042437062284,,,,,,,,,,Feature,,,Category,,Subject,,
662,,,,11994,10,9.410919194703363,,,,,,,,,,Feature,,,Category,,Subject,,
663,,,,11989,15,12.644755499534094,,,,,,,,,,Feature,,,Category,,Subject,,
664,,,,11984,20,13.389772513914183,,,,,,,,,,Feature,,,Category,,Subject,,
665,,,,11974,30,13.533470928200595,,,,,,,,,,Feature,,,Category,,Subject,,
666,,,,11964,40,0.7263216923380366,,,,,,,,,,Feature,,,Category,,Subject,,
667,,,,11954,50,0.10010414973569697,,,,,,,,,,Feature,,,Category,,Subject,,
668,,,,11944,60,0.028856495417812905,,,,,,,,,,Feature,,,Category,,Subject,,
669,,,,11934,70,0.02385640898325593,,,,,,,,,,Feature,,,Category,,Subject,,
670,,,,12003,1,0.051053695653538705,,,,,,,,,,,Feature,,Category,,Subject,,
671,,,,11999,5,0.24876617697263956,,,,,,,,,,,Feature,,Category,,Subject,,
672,,,,11994,10,0.4894804735536128,,,,,,,,,,,Feature,,Category,,Subject,,
673,,,,11989,15,0.7208708010027282,,,,,,,,,,,Feature,,Category,,Subject,,
674,,,,11984,20,0.9412138225705624,,,,,,,,,,,Feature,,Category,,Subject,,
675,,,,11974,30,1.352518248789547,,,,,,,,,,,Feature,,Category,,Subject,,
676,,,,11964,40,1.4651013206607442,,,,,,,,,,,Feature,,Category,,Subject,,
677,,,,11954,50,1.5040781818734483,,,,,,,,,,,Feature,,Category,,Subject,,
678,,,,11944,60,1.521056327358175,,,,,,,,,,,Feature,,Category,,Subject,,
679,,,,11934,70,1.5265765624633347,,,,,,,,,,,Feature,,Category,,Subject,,
680,,,,12003,1,0.36834095415244433,,,,,,,,,,,,Feature,Category,,Subject,,
681,,,,11999,5,1.7677066134413166,,,,,,,,,,,,Feature,Category,,Subject,,
682,,,,11994,10,3.436630549616764,,,,,,,,,,,,Feature,Category,,Subject,,
683,,,,11989,15,4.911267645875432,,,,,,,,,,,,Feature,Category,,Subject,,
684,,,,11984,20,6.117114063402383,,,,,,,,,,,,Feature,Category,,Subject,,
685,,,,11974,30,7.792842483637924,,,,,,,,,,,,Feature,Category,,Subject,,
686,,,,11964,40,4.497508483035596,,,,,,,,,,,,Feature,Category,,Subject,,
687,,,,11954,50,2.9183603960928295,,,,,,,,,,,,Feature,Category,,Subject,,
688,,,,11944,60,2.3042806048783775,,,,,,,,,,,,Feature,Category,,Subject,,
689,,,,11934,70,2.1630069991205447,,,,,,,,,,,,Feature,Category,,Subject,,
690,,Category,Feature,12003,1,0.3163724746701047,,,,,,,,,,,,,,,,Subject,
691,,Category,Feature,11999,5,1.5752172930964023,,,,,,,,,,,,,,,,Subject,
692,,Category,Feature,11994,10,3.126767186129755,,,,,,,,,,,,,,,,Subject,
693,,Category,Feature,11989,15,4.60664288521205,,,,,,,,,,,,,,,,Subject,
694,,Category,Feature,11984,20,5.977446848086168,,,,,,,,,,,,,,,,Subject,
695,,Category,Feature,11974,30,8.296247750946552,,,,,,,,,,,,,,,,Subject,
696,,Category,Feature,11964,40,5.914795990284754,,,,,,,,,,,,,,,,Subject,
697,,Category,Feature,11954,50,3.8350894823929482,,,,,,,,,,,,,,,,Subject,
698,,Category,Feature,11944,60,2.515488200129584,,,,,,,,,,,,,,,,Subject,
699,,Category,Feature,11934,70,2.1146067538842965,,,,,,,,,,,,,,,,Subject,
700,,,,12003,1,0.011405267229749362,Category,Feature,,,,,,,,,,,,,,Subject,
701,,,,11999,5,0.0538867136261924,Category,Feature,,,,,,,,,,,,,,Subject,
702,,,,11994,10,0.10552888102905872,Category,Feature,,,,,,,,,,,,,,Subject,
703,,,,11989,15,0.155757244730372,Category,Feature,,,,,,,,,,,,,,Subject,
704,,,,11984,20,0.20208535748967943,Category,Feature,,,,,,,,,,,,,,Subject,
705,,,,11974,30,0.2944281216958366,Category,Feature,,,,,,,,,,,,,,Subject,
706,,,,11964,40,0.3475829121988156,Category,Feature,,,,,,,,,,,,,,Subject,
707,,,,11954,50,0.3666278069024307,Category,Feature,,,,,,,,,,,,,,Subject,
708,,,,11944,60,0.37210171755464644,Category,Feature,,,,,,,,,,,,,,Subject,
709,,,,11934,70,0.37282096492700745,Category,Feature,,,,,,,,,,,,,,Subject,
710,,,,12003,1,0.30275155793384606,Category,,Feature,,,,,,,,,,,,,Subject,
711,,,,11999,5,1.509692741171779,Category,,Feature,,,,,,,,,,,,,Subject,
712,,,,11994,10,2.995673941593284,Category,,Feature,,,,,,,,,,,,,Subject,
713,,,,11989,15,4.423501658849614,Category,,Feature,,,,,,,,,,,,,Subject,
714,,,,11984,20,5.755704185838052,Category,,Feature,,,,,,,,,,,,,Subject,
715,,,,11974,30,8.082584840711856,Category,,Feature,,,,,,,,,,,,,Subject,
716,,,,11964,40,5.927671285633589,Category,,Feature,,,,,,,,,,,,,Subject,
717,,,,11954,50,3.8908929463583553,Category,,Feature,,,,,,,,,,,,,Subject,
718,,,,11944,60,2.597136848179323,Category,,Feature,,,,,,,,,,,,,Subject,
719,,,,11934,70,2.1927872080044413,Category,,Feature,,,,,,,,,,,,,Subject,
720,,,,12003,1,0.21161072831072147,Category,,,Feature,,,,,,,,,,,,Subject,
721,,,,11999,5,1.055803436815528,Category,,,Feature,,,,,,,,,,,,Subject,
722,,,,11994,10,2.0969802155672226,Category,,,Feature,,,,,,,,,,,,Subject,
723,,,,11989,15,3.1094575353784286,Category,,,Feature,,,,,,,,,,,,Subject,
724,,,,11984,20,4.077706070372426,Category,,,Feature,,,,,,,,,,,,Subject,
725,,,,11974,30,5.839604783033308,Category,,,Feature,,,,,,,,,,,,Subject,
726,,,,11964,40,5.051655833505705,Category,,,Feature,,,,,,,,,,,,Subject,
727,,,,11954,50,3.993717149303625,Category,,,Feature,,,,,,,,,,,,Subject,
728,,,,11944,60,3.147270962500421,Category,,,Feature,,,,,,,,,,,,Subject,
729,,,,11934,70,2.8772957499879332,Category,,,Feature,,,,,,,,,,,,Subject,
730,,,,12003,1,0.3372290337045885,Category,,,,Feature,,,,,,,,,,,Subject,
731,,,,11999,5,1.6833872094538815,Category,,,,Feature,,,,,,,,,,,Subject,
732,,,,11994,10,3.3494187893735945,Category,,,,Feature,,,,,,,,,,,Subject,
733,,,,11989,15,4.951813034908454,Category,,,,Feature,,,,,,,,,,,Subject,
734,,,,11984,20,6.440651587883243,Category,,,,Feature,,,,,,,,,,,Subject,
735,,,,11974,30,8.909559192662025,Category,,,,Feature,,,,,,,,,,,Subject,
736,,,,11964,40,5.973680417836502,Category,,,,Feature,,,,,,,,,,,Subject,
737,,,,11954,50,3.6072403382997997,Category,,,,Feature,,,,,,,,,,,Subject,
738,,,,11944,60,2.2851716623641876,Category,,,,Feature,,,,,,,,,,,Subject,
739,,,,11934,70,1.8975003011043365,Category,,,,Feature,,,,,,,,,,,Subject,
740,,,,12003,1,0.06487979321981849,Category,,,,,Feature,,,,,,,,,,Subject,
741,,,,11999,5,0.2615282906431038,Category,,,,,Feature,,,,,,,,,,Subject,
742,,,,11994,10,0.43740102962264443,Category,,,,,Feature,,,,,,,,,,Subject,
743,,,,11989,15,0.5620913334743501,Category,,,,,Feature,,,,,,,,,,Subject,
744,,,,11984,20,0.6416188230911819,Category,,,,,Feature,,,,,,,,,,Subject,
745,,,,11974,30,0.7656780363320641,Category,,,,,Feature,,,,,,,,,,Subject,
746,,,,11964,40,0.6157121844574411,Category,,,,,Feature,,,,,,,,,,Subject,
747,,,,11954,50,0.6032803929325093,Category,,,,,Feature,,,,,,,,,,Subject,
748,,,,11944,60,0.6230722531907482,Category,,,,,Feature,,,,,,,,,,Subject,
749,,,,11934,70,0.6296448345555793,Category,,,,,Feature,,,,,,,,,,Subject,
750,,,,12003,1,0.2051043505142547,Category,,,,,,Feature,,,,,,,,,Subject,
751,,,,11999,5,0.9016643702860823,Category,,,,,,Feature,,,,,,,,,Subject,
752,,,,11994,10,1.685964366468961,Category,,,,,,Feature,,,,,,,,,Subject,
753,,,,11989,15,2.3576962877593535,Category,,,,,,Feature,,,,,,,,,Subject,
754,,,,11984,20,2.931555600812352,Category,,,,,,Feature,,,,,,,,,Subject,
755,,,,11974,30,3.871455741971109,Category,,,,,,Feature,,,,,,,,,Subject,
756,,,,11964,40,3.1970434365035874,Category,,,,,,Feature,,,,,,,,,Subject,
757,,,,11954,50,2.8618101578522053,Category,,,,,,Feature,,,,,,,,,Subject,
758,,,,11944,60,2.6901401827134097,Category,,,,,,Feature,,,,,,,,,Subject,
759,,,,11934,70,2.6363558738127235,Category,,,,,,Feature,,,,,,,,,Subject,
760,,,,12003,1,0.20592208567805353,Category,,,,,,,Feature,,,,,,,,Subject,
761,,,,11999,5,1.0285601030779123,Category,,,,,,,Feature,,,,,,,,Subject,
762,,,,11994,10,2.050327428372306,Category,,,,,,,Feature,,,,,,,,Subject,
763,,,,11989,15,3.054153731095189,Category,,,,,,,Feature,,,,,,,,Subject,
764,,,,11984,20,4.0272768650486634,Category,,,,,,,Feature,,,,,,,,Subject,
765,,,,11974,30,5.846483285941102,Category,,,,,,,Feature,,,,,,,,Subject,
766,,,,11964,40,5.17610453891484,Category,,,,,,,Feature,,,,,,,,Subject,
767,,,,11954,50,4.044158944922254,Category,,,,,,,Feature,,,,,,,,Subject,
768,,,,11944,60,3.0891077729202396,Category,,,,,,,Feature,,,,,,,,Subject,
769,,,,11934,70,2.7810147034466204,Category,,,,,,,Feature,,,,,,,,Subject,
770,,,,12003,1,0.0846186129179131,Category,,,,,,,,Feature,,,,,,,Subject,
771,,,,11999,5,0.4198513590954707,Category,,,,,,,,Feature,,,,,,,Subject,
772,,,,11994,10,0.8356829528784091,Category,,,,,,,,Feature,,,,,,,Subject,
773,,,,11989,15,1.2475499129751852,Category,,,,,,,,Feature,,,,,,,Subject,
774,,,,11984,20,1.651137441531636,Category,,,,,,,,Feature,,,,,,,Subject,
775,,,,11974,30,2.4304122241294994,Category,,,,,,,,Feature,,,,,,,Subject,
776,,,,11964,40,2.5847671991490087,Category,,,,,,,,Feature,,,,,,,Subject,
777,,,,11954,50,2.4938168175569135,Category,,,,,,,,Feature,,,,,,,Subject,
778,,,,11944,60,2.423528371927475,Category,,,,,,,,Feature,,,,,,,Subject,
779,,,,11934,70,2.3934592268763804,Category,,,,,,,,Feature,,,,,,,Subject,
780,,,,12003,1,0.08625070173550048,Category,,,,,,,,,Feature,,,,,,Subject,
781,,,,11999,5,0.3254986380747302,Category,,,,,,,,,Feature,,,,,,Subject,
782,,,,11994,10,0.5195051274266,Category,,,,,,,,,Feature,,,,,,Subject,
783,,,,11989,15,0.6089905376115395,Category,,,,,,,,,Feature,,,,,,Subject,
784,,,,11984,20,0.6449847249241638,Category,,,,,,,,,Feature,,,,,,Subject,
785,,,,11974,30,0.6786893052907997,Category,,,,,,,,,Feature,,,,,,Subject,
786,,,,11964,40,0.3757039628075106,Category,,,,,,,,,Feature,,,,,,Subject,
787,,,,11954,50,0.3359079006827882,Category,,,,,,,,,Feature,,,,,,Subject,
788,,,,11944,60,0.34352179028178237,Category,,,,,,,,,Feature,,,,,,Subject,
789,,,,11934,70,0.34667941506220856,Category,,,,,,,,,Feature,,,,,,Subject,
790,,,,12003,1,0.8115750954889263,Category,,,,,,,,,,Feature,,,,,Subject,
791,,,,11999,5,4.0376603069134624,Category,,,,,,,,,,Feature,,,,,Subject,
792,,,,11994,10,8.001519021349617,Category,,,,,,,,,,Feature,,,,,Subject,
793,,,,11989,15,11.15409806895758,Category,,,,,,,,,,Feature,,,,,Subject,
794,,,,11984,20,12.716117577861985,Category,,,,,,,,,,Feature,,,,,Subject,
795,,,,11974,30,13.4504720380262,Category,,,,,,,,,,Feature,,,,,Subject,
796,,,,11964,40,1.77638483609098,Category,,,,,,,,,,Feature,,,,,Subject,
797,,,,11954,50,0.3393182468320778,Category,,,,,,,,,,Feature,,,,,Subject,
798,,,,11944,60,0.05896190623763615,Category,,,,,,,,,,Feature,,,,,Subject,
799,,,,11934,70,0.025111908047203285,Category,,,,,,,,,,Feature,,,,,Subject,
800,,,,33610,1,0.9984811015977236,Category,,,,,,,,,,,Feature,,,,Subject,
801,,,,33606,5,4.986477293776134,Category,,,,,,,,,,,Feature,,,,Subject,
802,,,,33601,10,9.945810624557831,Category,,,,,,,,,,,Feature,,,,Subject,
803,,,,33596,15,14.138771266687463,Category,,,,,,,,,,,Feature,,,,Subject,
804,,,,33591,20,14.99564828498366,Category,,,,,,,,,,,Feature,,,,Subject,
805,,,,33581,30,15.035357572109334,Category,,,,,,,,,,,Feature,,,,Subject,
806,,,,33571,40,0.09470612463867024,Category,,,,,,,,,,,Feature,,,,Subject,
807,,,,33561,50,0.000981922477637881,Category,,,,,,,,,,,Feature,,,,Subject,
808,,,,33551,60,0.0,Category,,,,,,,,,,,Feature,,,,Subject,
809,,,,33541,70,0.0,Category,,,,,,,,,,,Feature,,,,Subject,
810,,,,12003,1,0.1968551255465483,,Feature,,,,,,,,,,,Category,,,Subject,
811,,,,11999,5,0.9818687770402383,,Feature,,,,,,,,,,,Category,,,Subject,
812,,,,11994,10,1.9512210320136205,,Feature,,,,,,,,,,,Category,,,Subject,
813,,,,11989,15,2.8952705515083585,,Feature,,,,,,,,,,,Category,,,Subject,
814,,,,11984,20,3.8033064872728297,,Feature,,,,,,,,,,,Category,,,Subject,
815,,,,11974,30,5.481098505033086,,Feature,,,,,,,,,,,Category,,,Subject,
816,,,,11964,40,4.862867512010596,,Feature,,,,,,,,,,,Category,,,Subject,
817,,,,11954,50,3.9187651301067747,,Feature,,,,,,,,,,,Category,,,Subject,
818,,,,11944,60,3.223988618283565,,Feature,,,,,,,,,,,Category,,,Subject,
819,,,,11934,70,3.00427304158746,,Feature,,,,,,,,,,,Category,,,Subject,
820,,,,33610,1,0.6684997390864691,,,Feature,,,,,,,,,,Category,,,Subject,
821,,,,33606,5,3.337204653191849,,,Feature,,,,,,,,,,Category,,,Subject,
822,,,,33601,10,6.644238008002941,,,Feature,,,,,,,,,,Category,,,Subject,
823,,,,33596,15,9.698200883197192,,,Feature,,,,,,,,,,Category,,,Subject,
824,,,,33591,20,12.030181607888824,,,Feature,,,,,,,,,,Category,,,Subject,
825,,,,33581,30,14.274462800828502,,,Feature,,,,,,,,,,Category,,,Subject,
826,,,,33571,40,3.3629264113657436,,,Feature,,,,,,,,,,Category,,,Subject,
827,,,,33561,50,0.8091719928493855,,,Feature,,,,,,,,,,Category,,,Subject,
828,,,,33551,60,0.2159942915541291,,,Feature,,,,,,,,,,Category,,,Subject,
829,,,,33541,70,0.12664080423918514,,,Feature,,,,,,,,,,Category,,,Subject,
830,,,,12003,1,0.7364154133360583,,,,Feature,,,,,,,,,Category,,,Subject,
831,,,,11999,5,3.6552355882774883,,,,Feature,,,,,,,,,Category,,,Subject,
832,,,,11994,10,7.231411060002098,,,,Feature,,,,,,,,,Category,,,Subject,
833,,,,11989,15,10.164863261949957,,,,Feature,,,,,,,,,Category,,,Subject,
834,,,,11984,20,11.91873177204992,,,,Feature,,,,,,,,,Category,,,Subject,
835,,,,11974,30,13.184733171452176,,,,Feature,,,,,,,,,Category,,,Subject,
836,,,,11964,40,2.658241057628862,,,,Feature,,,,,,,,,Category,,,Subject,
837,,,,11954,50,0.6588110601243775,,,,Feature,,,,,,,,,Category,,,Subject,
838,,,,11944,60,0.209714380313529,,,,Feature,,,,,,,,,Category,,,Subject,
839,,,,11934,70,0.15033821794881932,,,,Feature,,,,,,,,,Category,,,Subject,
840,,,,12003,1,0.12226709141907063,,,,,Feature,,,,,,,,Category,,,Subject,
841,,,,11999,5,0.6060039336641554,,,,,Feature,,,,,,,,Category,,,Subject,
842,,,,11994,10,1.2027224833294574,,,,,Feature,,,,,,,,Category,,,Subject,
843,,,,11989,15,1.7864291071310947,,,,,Feature,,,,,,,,Category,,,Subject,
844,,,,11984,20,2.3497042167929534,,,,,Feature,,,,,,,,Category,,,Subject,
845,,,,11974,30,3.394211869219141,,,,,Feature,,,,,,,,Category,,,Subject,
846,,,,11964,40,3.3635793204020383,,,,,Feature,,,,,,,,Category,,,Subject,
847,,,,11954,50,3.070518731832117,,,,,Feature,,,,,,,,Category,,,Subject,
848,,,,11944,60,2.7871799924900063,,,,,Feature,,,,,,,,Category,,,Subject,
849,,,,11934,70,2.6807709103248776,,,,,Feature,,,,,,,,Category,,,Subject,
850,,,,12003,1,0.9687557223300325,,,,,,Feature,,,,,,,Category,,,Subject,
851,,,,11999,5,4.809562733070368,,,,,,Feature,,,,,,,Category,,,Subject,
852,,,,11994,10,9.532821562263345,,,,,,Feature,,,,,,,Category,,,Subject,
853,,,,11989,15,12.784636636818231,,,,,,Feature,,,,,,,Category,,,Subject,
854,,,,11984,20,13.441785294012226,,,,,,Feature,,,,,,,Category,,,Subject,
855,,,,11974,30,13.541093992689213,,,,,,Feature,,,,,,,Category,,,Subject,
856,,,,11964,40,0.5954772672731353,,,,,,Feature,,,,,,,Category,,,Subject,
857,,,,11954,50,0.0714500569467167,,,,,,Feature,,,,,,,Category,,,Subject,
858,,,,11944,60,0.020074650707473246,,,,,,Feature,,,,,,,Category,,,Subject,
859,,,,11934,70,0.015067631495557777,,,,,,Feature,,,,,,,Category,,,Subject,
860,,,,12003,1,0.3643017393390919,,,,,,,Feature,,,,,,Category,,,Subject,
861,,,,11999,5,1.818346115477357,,,,,,,Feature,,,,,,Category,,,Subject,
862,,,,11994,10,3.6140622812089216,,,,,,,Feature,,,,,,Category,,,Subject,
863,,,,11989,15,5.336642362438419,,,,,,,Feature,,,,,,Category,,,Subject,
864,,,,11984,20,6.918053806725875,,,,,,,Feature,,,,,,Category,,,Subject,
865,,,,11974,30,9.518450045958735,,,,,,,Feature,,,,,,Category,,,Subject,
866,,,,11964,40,5.99511151579772,,,,,,,Feature,,,,,,Category,,,Subject,
867,,,,11954,50,3.2891774203043824,,,,,,,Feature,,,,,,Category,,,Subject,
868,,,,11944,60,1.7705576166769887,,,,,,,Feature,,,,,,Category,,,Subject,
869,,,,11934,70,1.3542906534595511,,,,,,,Feature,,,,,,Category,,,Subject,
870,,,,12003,1,0.5430087014146463,,,,,,,,Feature,,,,,Category,,,Subject,
871,,,,11999,5,2.552091584204059,,,,,,,,Feature,,,,,Category,,,Subject,
872,,,,11994,10,4.896054871673421,,,,,,,,Feature,,,,,Category,,,Subject,
873,,,,11989,15,6.735825055397429,,,,,,,,Feature,,,,,Category,,,Subject,
874,,,,11984,20,7.8822569648796375,,,,,,,,Feature,,,,,Category,,,Subject,
875,,,,11974,30,9.04296135369687,,,,,,,,Feature,,,,,Category,,,Subject,
876,,,,11964,40,3.72235368093226,,,,,,,,Feature,,,,,Category,,,Subject,
877,,,,11954,50,2.4868333774924354,,,,,,,,Feature,,,,,Category,,,Subject,
878,,,,11944,60,2.062050428903605,,,,,,,,Feature,,,,,Category,,,Subject,
879,,,,11934,70,1.9483083923163316,,,,,,,,Feature,,,,,Category,,,Subject,
880,,,,12003,1,0.3267235283208025,,,,,,,,,Feature,,,,Category,,,Subject,
881,,,,11999,5,1.6263904080547196,,,,,,,,,Feature,,,,Category,,,Subject,
882,,,,11994,10,3.2273102469325132,,,,,,,,,Feature,,,,Category,,,Subject,
883,,,,11989,15,4.755151258793203,,,,,,,,,Feature,,,,Category,,,Subject,
884,,,,11984,20,6.161669736206377,,,,,,,,,Feature,,,,Category,,,Subject,
885,,,,11974,30,8.492999146498127,,,,,,,,,Feature,,,,Category,,,Subject,
886,,,,11964,40,5.909451675798894,,,,,,,,,Feature,,,,Category,,,Subject,
887,,,,11954,50,3.728362971387846,,,,,,,,,Feature,,,,Category,,,Subject,
888,,,,11944,60,2.3681712345855512,,,,,,,,,Feature,,,,Category,,,Subject,
889,,,,11934,70,1.962166781068692,,,,,,,,,Feature,,,,Category,,,Subject,
890,,,,12003,1,0.37081379002501524,,,,,,,,,,Feature,,,Category,,,Subject,
891,,,,11999,5,1.848840151551849,,,,,,,,,,Feature,,,Category,,,Subject,
892,,,,11994,10,3.666407525372799,,,,,,,,,,Feature,,,Category,,,Subject,
893,,,,11989,15,5.391876994174144,,,,,,,,,,Feature,,,Category,,,Subject,
894,,,,11984,20,6.956073590677997,,,,,,,,,,Feature,,,Category,,,Subject,
895,,,,11974,30,9.482407682963881,,,,,,,,,,Feature,,,Category,,,Subject,
896,,,,11964,40,5.903079404640242,,,,,,,,,,Feature,,,Category,,,Subject,
897,,,,11954,50,3.338790448070663,,,,,,,,,,Feature,,,Category,,,Subject,
898,,,,11944,60,1.889263598950698,,,,,,,,,,Feature,,,Category,,,Subject,
899,,,,11934,70,1.5370790334986792,,,,,,,,,,Feature,,,Category,,,Subject,
900,,,,12003,1,0.28421643865354973,,,,,,,,,,,Feature,,Category,,,Subject,
901,,,,11999,5,1.4141147018083287,,,,,,,,,,,Feature,,Category,,,Subject,
902,,,,11994,10,2.804532060646879,,,,,,,,,,,Feature,,Category,,,Subject,
903,,,,11989,15,4.1385650380076155,,,,,,,,,,,Feature,,Category,,,Subject,
904,,,,11984,20,5.393678550871012,,,,,,,,,,,Feature,,Category,,,Subject,
905,,,,11974,30,7.583024182639622,,,,,,,,,,,Feature,,Category,,,Subject,
906,,,,11964,40,5.800869256260912,,,,,,,,,,,Feature,,Category,,,Subject,
907,,,,11954,50,4.054218348892779,,,,,,,,,,,Feature,,Category,,,Subject,
908,,,,11944,60,2.8455239813463367,,,,,,,,,,,Feature,,Category,,,Subject,
909,,,,11934,70,2.4471142130672376,,,,,,,,,,,Feature,,Category,,,Subject,
910,,,,12003,1,0.988139425003526,,,,,,,,,,,,Feature,Category,,,Subject,
911,,,,11999,5,4.891262894762181,,,,,,,,,,,,Feature,Category,,,Subject,
912,,,,11994,10,9.681422153557067,,,,,,,,,,,,Feature,Category,,,Subject,
913,,,,11989,15,12.932340434753165,,,,,,,,,,,,Feature,Category,,,Subject,
914,,,,11984,20,13.472247204473224,,,,,,,,,,,,Feature,Category,,,Subject,
915,,,,11974,30,13.54059290700356,,,,,,,,,,,,Feature,Category,,,Subject,
916,,,,11964,40,0.5043493978040544,,,,,,,,,,,,Feature,Category,,,Subject,
917,,,,11954,50,0.0714500569467167,,,,,,,,,,,,Feature,Category,,,Subject,
918,,,,11944,60,0.020074650707473246,,,,,,,,,,,,Feature,Category,,,Subject,
919,,,,11934,70,0.015067631495557777,,,,,,,,,,,,Feature,Category,,,Subject,
920,,Category,Feature,12003,1,0.27237655558908097,,,,,,,,,,,,,,,,,Subject
921,,Category,Feature,11999,5,1.3587570407487695,,,,,,,,,,,,,,,,,Subject
922,,Category,Feature,11994,10,2.7013222354810673,,,,,,,,,,,,,,,,,Subject
923,,Category,Feature,11989,15,4.000689655965301,,,,,,,,,,,,,,,,,Subject
924,,Category,Feature,11984,20,5.227511365569649,,,,,,,,,,,,,,,,,Subject
925,,Category,Feature,11974,30,7.397470461549052,,,,,,,,,,,,,,,,,Subject
926,,Category,Feature,11964,40,5.738867395640503,,,,,,,,,,,,,,,,,Subject
927,,Category,Feature,11954,50,4.00671563869496,,,,,,,,,,,,,,,,,Subject
928,,Category,Feature,11944,60,2.907097429210423,,,,,,,,,,,,,,,,,Subject
929,,Category,Feature,11934,70,2.5550154887971654,,,,,,,,,,,,,,,,,Subject
930,,,,12003,1,0.10727358901954795,Category,Feature,,,,,,,,,,,,,,,Subject
931,,,,11999,5,0.5319406709929898,Category,Feature,,,,,,,,,,,,,,,Subject
932,,,,11994,10,1.0565711798528878,Category,Feature,,,,,,,,,,,,,,,Subject
933,,,,11989,15,1.572332596330625,Category,Feature,,,,,,,,,,,,,,,Subject
934,,,,11984,20,2.073824275654713,Category,Feature,,,,,,,,,,,,,,,Subject
935,,,,11974,30,3.0223238802856898,Category,Feature,,,,,,,,,,,,,,,Subject
936,,,,11964,40,3.093693632946515,Category,Feature,,,,,,,,,,,,,,,Subject
937,,,,11954,50,2.8703447787160554,Category,Feature,,,,,,,,,,,,,,,Subject
938,,,,11944,60,2.667031373431664,Category,Feature,,,,,,,,,,,,,,,Subject
939,,,,11934,70,2.591331989475637,Category,Feature,,,,,,,,,,,,,,,Subject
940,,,,12003,1,0.023758508538082,Category,,Feature,,,,,,,,,,,,,,Subject
941,,,,11999,5,0.11416268829428808,Category,,Feature,,,,,,,,,,,,,,Subject
942,,,,11994,10,0.22684283944314035,Category,,Feature,,,,,,,,,,,,,,Subject
943,,,,11989,15,0.3381811058387644,Category,,Feature,,,,,,,,,,,,,,Subject
944,,,,11984,20,0.44943008603955226,Category,,Feature,,,,,,,,,,,,,,Subject
945,,,,11974,30,0.6671443433802988,Category,,Feature,,,,,,,,,,,,,,Subject
946,,,,11964,40,0.776586713155183,Category,,Feature,,,,,,,,,,,,,,Subject
947,,,,11954,50,0.8262110940048666,Category,,Feature,,,,,,,,,,,,,,Subject
948,,,,11944,60,0.8660208557670313,Category,,Feature,,,,,,,,,,,,,,Subject
949,,,,11934,70,0.8847421763571515,Category,,Feature,,,,,,,,,,,,,,Subject
950,,,,12003,1,0.06487979321981849,Category,,,Feature,,,,,,,,,,,,,Subject
951,,,,11999,5,0.2615282906431038,Category,,,Feature,,,,,,,,,,,,,Subject
952,,,,11994,10,0.43740102962264443,Category,,,Feature,,,,,,,,,,,,,Subject
953,,,,11989,15,0.5620913334743501,Category,,,Feature,,,,,,,,,,,,,Subject
954,,,,11984,20,0.6416188230911819,Category,,,Feature,,,,,,,,,,,,,Subject
955,,,,11974,30,0.7656780363320641,Category,,,Feature,,,,,,,,,,,,,Subject
956,,,,11964,40,0.6157121844574411,Category,,,Feature,,,,,,,,,,,,,Subject
957,,,,11954,50,0.6032803929325093,Category,,,Feature,,,,,,,,,,,,,Subject
958,,,,11944,60,0.6230722531907482,Category,,,Feature,,,,,,,,,,,,,Subject
959,,,,11934,70,0.6296448345555793,Category,,,Feature,,,,,,,,,,,,,Subject
960,,,,12003,1,0.7364154133360583,Category,,,,Feature,,,,,,,,,,,,Subject
961,,,,11999,5,3.6552355882774883,Category,,,,Feature,,,,,,,,,,,,Subject
962,,,,11994,10,7.231411060002098,Category,,,,Feature,,,,,,,,,,,,Subject
963,,,,11989,15,10.164863261949957,Category,,,,Feature,,,,,,,,,,,,Subject
964,,,,11984,20,11.91873177204992,Category,,,,Feature,,,,,,,,,,,,Subject
965,,,,11974,30,13.184733171452176,Category,,,,Feature,,,,,,,,,,,,Subject
966,,,,11964,40,2.658241057628862,Category,,,,Feature,,,,,,,,,,,,Subject
967,,,,11954,50,0.6588110601243775,Category,,,,Feature,,,,,,,,,,,,Subject
968,,,,11944,60,0.209714380313529,Category,,,,Feature,,,,,,,,,,,,Subject
969,,,,11934,70,0.15033821794881932,Category,,,,Feature,,,,,,,,,,,,Subject
970,,,,33610,1,0.6684997390864691,Category,,,,,Feature,,,,,,,,,,,Subject
971,,,,33606,5,3.337204653191849,Category,,,,,Feature,,,,,,,,,,,Subject
972,,,,33601,10,6.644238008002941,Category,,,,,Feature,,,,,,,,,,,Subject
973,,,,33596,15,9.698200883197192,Category,,,,,Feature,,,,,,,,,,,Subject
974,,,,33591,20,12.030181607888824,Category,,,,,Feature,,,,,,,,,,,Subject
975,,,,33581,30,14.274462800828502,Category,,,,,Feature,,,,,,,,,,,Subject
976,,,,33571,40,3.3629264113657436,Category,,,,,Feature,,,,,,,,,,,Subject
977,,,,33561,50,0.8091719928493855,Category,,,,,Feature,,,,,,,,,,,Subject
978,,,,33551,60,0.2159942915541291,Category,,,,,Feature,,,,,,,,,,,Subject
979,,,,33541,70,0.12664080423918514,Category,,,,,Feature,,,,,,,,,,,Subject
980,,,,12003,1,0.20592208567805353,Category,,,,,,Feature,,,,,,,,,,Subject
981,,,,11999,5,1.0285601030779123,Category,,,,,,Feature,,,,,,,,,,Subject
982,,,,11994,10,2.050327428372306,Category,,,,,,Feature,,,,,,,,,,Subject
983,,,,11989,15,3.054153731095189,Category,,,,,,Feature,,,,,,,,,,Subject
984,,,,11984,20,4.0272768650486634,Category,,,,,,Feature,,,,,,,,,,Subject
985,,,,11974,30,5.846483285941102,Category,,,,,,Feature,,,,,,,,,,Subject
986,,,,11964,40,5.17610453891484,Category,,,,,,Feature,,,,,,,,,,Subject
987,,,,11954,50,4.044158944922254,Category,,,,,,Feature,,,,,,,,,,Subject
988,,,,11944,60,3.0891077729202396,Category,,,,,,Feature,,,,,,,,,,Subject
989,,,,11934,70,2.7810147034466204,Category,,,,,,Feature,,,,,,,,,,Subject
990,,,,12003,1,0.8115750954889263,Category,,,,,,,Feature,,,,,,,,,Subject
991,,,,11999,5,4.0376603069134624,Category,,,,,,,Feature,,,,,,,,,Subject
992,,,,11994,10,8.001519021349617,Category,,,,,,,Feature,,,,,,,,,Subject
993,,,,11989,15,11.15409806895758,Category,,,,,,,Feature,,,,,,,,,Subject
994,,,,11984,20,12.716117577861985,Category,,,,,,,Feature,,,,,,,,,Subject
995,,,,11974,30,13.4504720380262,Category,,,,,,,Feature,,,,,,,,,Subject
996,,,,11964,40,1.77638483609098,Category,,,,,,,Feature,,,,,,,,,Subject
997,,,,11954,50,0.3393182468320778,Category,,,,,,,Feature,,,,,,,,,Subject
998,,,,11944,60,0.05896190623763615,Category,,,,,,,Feature,,,,,,,,,Subject
999,,,,11934,70,0.025111908047203285,Category,,,,,,,Feature,,,,,,,,,Subject
1000,,,,12003,1,0.9248171104772633,Category,,,,,,,,Feature,,,,,,,,Subject
1001,,,,11999,5,4.538763991876884,Category,,,,,,,,Feature,,,,,,,,Subject
1002,,,,11994,10,8.949026719404156,Category,,,,,,,,Feature,,,,,,,,Subject
1003,,,,11989,15,12.065459496453704,Category,,,,,,,,Feature,,,,,,,,Subject
1004,,,,11984,20,13.075912480989878,Category,,,,,,,,Feature,,,,,,,,Subject
1005,,,,11974,30,13.464495444552421,Category,,,,,,,,Feature,,,,,,,,Subject
1006,,,,11964,40,1.343696774803017,Category,,,,,,,,Feature,,,,,,,,Subject
1007,,,,11954,50,0.32769815608333863,Category,,,,,,,,Feature,,,,,,,,Subject
1008,,,,11944,60,0.11660284369790494,Category,,,,,,,,Feature,,,,,,,,Subject
1009,,,,11934,70,0.07766610720244703,Category,,,,,,,,Feature,,,,,,,,Subject
1010,,,,12003,1,0.01304661183150575,Category,,,,,,,,,Feature,,,,,,,Subject
1011,,,,11999,5,0.06484974431854476,Category,,,,,,,,,Feature,,,,,,,Subject
1012,,,,11994,10,0.12272736083310637,Category,,,,,,,,,Feature,,,,,,,Subject
1013,,,,11989,15,0.1756866130397668,Category,,,,,,,,,Feature,,,,,,,Subject
1014,,,,11984,20,0.2233324451922008,Category,,,,,,,,,Feature,,,,,,,Subject
1015,,,,11974,30,0.31273361641589886,Category,,,,,,,,,Feature,,,,,,,Subject
1016,,,,11964,40,0.34140364399866285,Category,,,,,,,,,Feature,,,,,,,Subject
1017,,,,11954,50,0.35106393063494334,Category,,,,,,,,,Feature,,,,,,,Subject
1018,,,,11944,60,0.3556633956618448,Category,,,,,,,,,Feature,,,,,,,Subject
1019,,,,11934,70,0.3563026079223145,Category,,,,,,,,,Feature,,,,,,,Subject
1020,,,,12003,1,0.036949938421323894,Category,,,,,,,,,,Feature,,,,,,Subject
1021,,,,11999,5,0.17320345640947254,Category,,,,,,,,,,Feature,,,,,,Subject
1022,,,,11994,10,0.339978970677401,Category,,,,,,,,,,Feature,,,,,,Subject
1023,,,,11989,15,0.5042757884757983,Category,,,,,,,,,,Feature,,,,,,Subject
1024,,,,11984,20,0.6660098083204887,Category,,,,,,,,,,Feature,,,,,,Subject
1025,,,,11974,30,0.9788334779050768,Category,,,,,,,,,,Feature,,,,,,Subject
1026,,,,11964,40,1.108307332018721,Category,,,,,,,,,,Feature,,,,,,Subject
1027,,,,11954,50,1.1457425439225881,Category,,,,,,,,,,Feature,,,,,,Subject
1028,,,,11944,60,1.1753774443404137,Category,,,,,,,,,,Feature,,,,,,Subject
1029,,,,11934,70,1.1854299614810484,Category,,,,,,,,,,Feature,,,,,,Subject
1030,,,,12003,1,0.0846186129179131,Category,,,,,,,,,,,Feature,,,,,Subject
1031,,,,11999,5,0.4198513590954707,Category,,,,,,,,,,,Feature,,,,,Subject
1032,,,,11994,10,0.8356829528784091,Category,,,,,,,,,,,Feature,,,,,Subject
1033,,,,11989,15,1.2475499129751852,Category,,,,,,,,,,,Feature,,,,,Subject
1034,,,,11984,20,1.651137441531636,Category,,,,,,,,,,,Feature,,,,,Subject
1035,,,,11974,30,2.4304122241294994,Category,,,,,,,,,,,Feature,,,,,Subject
1036,,,,11964,40,2.5847671991490087,Category,,,,,,,,,,,Feature,,,,,Subject
1037,,,,11954,50,2.4938168175569135,Category,,,,,,,,,,,Feature,,,,,Subject
1038,,,,11944,60,2.423528371927475,Category,,,,,,,,,,,Feature,,,,,Subject
1039,,,,11934,70,2.3934592268763804,Category,,,,,,,,,,,Feature,,,,,Subject
1040,,,,12003,1,0.3102808113067394,,Feature,,,,,,,,,,,Category,,,,Subject
1041,,,,11999,5,1.5465451991656727,,Feature,,,,,,,,,,,Category,,,,Subject
1042,,,,11994,10,3.0688111070862676,,Feature,,,,,,,,,,,Category,,,,Subject
1043,,,,11989,15,4.532008253342625,,Feature,,,,,,,,,,,Category,,,,Subject
1044,,,,11984,20,5.897831531633476,,Feature,,,,,,,,,,,Category,,,,Subject
1045,,,,11974,30,8.265617074126702,,Feature,,,,,,,,,,,Category,,,,Subject
1046,,,,11964,40,5.959191791409863,,Feature,,,,,,,,,,,Category,,,,Subject
1047,,,,11954,50,3.8510881065684686,,Feature,,,,,,,,,,,Category,,,,Subject
1048,,,,11944,60,2.564425850877889,,Feature,,,,,,,,,,,Category,,,,Subject
1049,,,,11934,70,2.1566008884026524,,Feature,,,,,,,,,,,Category,,,,Subject
1050,,,,12003,1,0.3769537245361473,,,Feature,,,,,,,,,,Category,,,,Subject
1051,,,,11999,5,1.8826762710611278,,,Feature,,,,,,,,,,Category,,,,Subject
1052,,,,11994,10,3.744485148046316,,,Feature,,,,,,,,,,Category,,,,Subject
1053,,,,11989,15,5.531648729644367,,,Feature,,,,,,,,,,Category,,,,Subject
1054,,,,11984,20,7.162452625917825,,,Feature,,,,,,,,,,Category,,,,Subject
1055,,,,11974,30,9.778901897525971,,,Feature,,,,,,,,,,Category,,,,Subject
1056,,,,11964,40,5.914112152558037,,,Feature,,,,,,,,,,Category,,,,Subject
1057,,,,11954,50,3.161863979038955,,,Feature,,,,,,,,,,Category,,,,Subject
1058,,,,11944,60,1.6367787148534465,,,Feature,,,,,,,,,,Category,,,,Subject
1059,,,,11934,70,1.2418355203987195,,,Feature,,,,,,,,,,Category,,,,Subject
1060,,,,12003,1,0.30789526711652193,,,,Feature,,,,,,,,,Category,,,,Subject
1061,,,,11999,5,1.5340283781136757,,,,Feature,,,,,,,,,Category,,,,Subject
1062,,,,11994,10,3.043473590560537,,,,Feature,,,,,,,,,Category,,,,Subject
1063,,,,11989,15,4.493743748562026,,,,Feature,,,,,,,,,Category,,,,Subject
1064,,,,11984,20,5.845059069585259,,,,Feature,,,,,,,,,Category,,,,Subject
1065,,,,11974,30,8.177405951700655,,,,Feature,,,,,,,,,Category,,,,Subject
1066,,,,11964,40,5.90335864884506,,,,Feature,,,,,,,,,Category,,,,Subject
1067,,,,11954,50,3.8451872417379294,,,,Feature,,,,,,,,,Category,,,,Subject
1068,,,,11944,60,2.6057925807595566,,,,Feature,,,,,,,,,Category,,,,Subject
1069,,,,11934,70,2.217187802871795,,,,Feature,,,,,,,,,Category,,,,Subject
1070,,,,12003,1,0.17082465049802245,,,,,Feature,,,,,,,,Category,,,,Subject
1071,,,,11999,5,0.8443536841861352,,,,,Feature,,,,,,,,Category,,,,Subject
1072,,,,11994,10,1.6758518052146174,,,,,Feature,,,,,,,,Category,,,,Subject
1073,,,,11989,15,2.483890231660445,,,,,Feature,,,,,,,,Category,,,,Subject
1074,,,,11984,20,3.255257188422151,,,,,Feature,,,,,,,,Category,,,,Subject
1075,,,,11974,30,4.655664047678608,,,,,Feature,,,,,,,,Category,,,,Subject
1076,,,,11964,40,4.148486600732469,,,,,Feature,,,,,,,,Category,,,,Subject
1077,,,,11954,50,3.435413771360593,,,,,Feature,,,,,,,,Category,,,,Subject
1078,,,,11944,60,2.8996231986802123,,,,,Feature,,,,,,,,Category,,,,Subject
1079,,,,11934,70,2.715005612992826,,,,,Feature,,,,,,,,Category,,,,Subject
1080,,,,12003,1,0.9675296991355533,,,,,,Feature,,,,,,,Category,,,,Subject
1081,,,,11999,5,4.80171919995986,,,,,,Feature,,,,,,,Category,,,,Subject
1082,,,,11994,10,9.51637173841692,,,,,,Feature,,,,,,,Category,,,,Subject
1083,,,,11989,15,12.767955076671347,,,,,,Feature,,,,,,,Category,,,,Subject
1084,,,,11984,20,13.432930008543604,,,,,,Feature,,,,,,,Category,,,,Subject
1085,,,,11974,30,13.540759935565445,,,,,,Feature,,,,,,,Category,,,,Subject
1086,,,,11964,40,0.6054604882660629,,,,,,Feature,,,,,,,Category,,,,Subject
1087,,,,11954,50,0.0839817607666015,,,,,,Feature,,,,,,,Category,,,,Subject
1088,,,,11944,60,0.020074650707473246,,,,,,Feature,,,,,,,Category,,,,Subject
1089,,,,11934,70,0.015067631495557777,,,,,,Feature,,,,,,,Category,,,,Subject
1090,,,,12003,1,0.08625070173550048,,,,,,,Feature,,,,,,Category,,,,Subject
1091,,,,11999,5,0.3254986380747302,,,,,,,Feature,,,,,,Category,,,,Subject
1092,,,,11994,10,0.5195051274266,,,,,,,Feature,,,,,,Category,,,,Subject
1093,,,,11989,15,0.6089905376115395,,,,,,,Feature,,,,,,Category,,,,Subject
1094,,,,11984,20,0.6449847249241638,,,,,,,Feature,,,,,,Category,,,,Subject
1095,,,,11974,30,0.6786893052907997,,,,,,,Feature,,,,,,Category,,,,Subject
1096,,,,11964,40,0.3757039628075106,,,,,,,Feature,,,,,,Category,,,,Subject
1097,,,,11954,50,0.3359079006827882,,,,,,,Feature,,,,,,Category,,,,Subject
1098,,,,11944,60,0.34352179028178237,,,,,,,Feature,,,,,,Category,,,,Subject
1099,,,,11934,70,0.34667941506220856,,,,,,,Feature,,,,,,Category,,,,Subject
1100,,,,12003,1,0.38030537157084127,,,,,,,,Feature,,,,,Category,,,,Subject
1101,,,,11999,5,1.8956624157067752,,,,,,,,Feature,,,,,Category,,,,Subject
1102,,,,11994,10,3.7598924161170024,,,,,,,,Feature,,,,,Category,,,,Subject
1103,,,,11989,15,5.530513091471023,,,,,,,,Feature,,,,,Category,,,,Subject
1104,,,,11984,20,7.132495426506755,,,,,,,,Feature,,,,,Category,,,,Subject
1105,,,,11974,30,9.691603757940166,,,,,,,,Feature,,,,,Category,,,,Subject
1106,,,,11964,40,5.9076164097978925,,,,,,,,Feature,,,,,Category,,,,Subject
1107,,,,11954,50,3.2352379905476356,,,,,,,,Feature,,,,,Category,,,,Subject
1108,,,,11944,60,1.7643313082112508,,,,,,,,Feature,,,,,Category,,,,Subject
1109,,,,11934,70,1.4016823799613527,,,,,,,,Feature,,,,,Category,,,,Subject
1110,,,,12003,1,0.32572940467586164,,,,,,,,,Feature,,,,Category,,,,Subject
1111,,,,11999,5,1.6215899819555109,,,,,,,,,Feature,,,,Category,,,,Subject
1112,,,,11994,10,3.2174930627907674,,,,,,,,,Feature,,,,Category,,,,Subject
1113,,,,11989,15,4.741369023863572,,,,,,,,,Feature,,,,Category,,,,Subject
1114,,,,11984,20,6.144349017505964,,,,,,,,,Feature,,,,Category,,,,Subject
1115,,,,11974,30,8.472580840479893,,,,,,,,,Feature,,,,Category,,,,Subject
1116,,,,11964,40,5.9159159966771755,,,,,,,,,Feature,,,,Category,,,,Subject
1117,,,,11954,50,3.7350078398643407,,,,,,,,,Feature,,,,Category,,,,Subject
1118,,,,11944,60,2.3695612830631116,,,,,,,,,Feature,,,,Category,,,,Subject
1119,,,,11934,70,1.965660504541456,,,,,,,,,Feature,,,,Category,,,,Subject
1120,,,,12003,1,0.051053695653538705,,,,,,,,,,Feature,,,Category,,,,Subject
1121,,,,11999,5,0.24876617697263956,,,,,,,,,,Feature,,,Category,,,,Subject
1122,,,,11994,10,0.4894804735536128,,,,,,,,,,Feature,,,Category,,,,Subject
1123,,,,11989,15,0.7208708010027282,,,,,,,,,,Feature,,,Category,,,,Subject
1124,,,,11984,20,0.9412138225705624,,,,,,,,,,Feature,,,Category,,,,Subject
1125,,,,11974,30,1.352518248789547,,,,,,,,,,Feature,,,Category,,,,Subject
1126,,,,11964,40,1.4651013206607442,,,,,,,,,,Feature,,,Category,,,,Subject
1127,,,,11954,50,1.5040781818734483,,,,,,,,,,Feature,,,Category,,,,Subject
1128,,,,11944,60,1.521056327358175,,,,,,,,,,Feature,,,Category,,,,Subject
1129,,,,11934,70,1.5265765624633347,,,,,,,,,,Feature,,,Category,,,,Subject
1130,,,,12003,1,0.33396520207850167,,,,,,,,,,,Feature,,Category,,,,Subject
1131,,,,11999,5,1.6637005065659891,,,,,,,,,,,Feature,,Category,,,,Subject
1132,,,,11994,10,3.3003425136807922,,,,,,,,,,,Feature,,Category,,,,Subject
1133,,,,11989,15,4.870136409740384,,,,,,,,,,,Feature,,Category,,,,Subject
1134,,,,11984,20,6.323831063371871,,,,,,,,,,,Feature,,Category,,,,Subject
1135,,,,11974,30,8.721731173239831,,,,,,,,,,,Feature,,Category,,,,Subject
1136,,,,11964,40,5.900146439213299,,,,,,,,,,,Feature,,Category,,,,Subject
1137,,,,11954,50,3.67205163534803,,,,,,,,,,,Feature,,Category,,,,Subject
1138,,,,11944,60,2.3103242726489825,,,,,,,,,,,Feature,,Category,,,,Subject
1139,,,,11934,70,1.9324888375246976,,,,,,,,,,,Feature,,Category,,,,Subject
1140,,,,12003,1,0.9873209019970262,,,,,,,,,,,,Feature,Category,,,,Subject
1141,,,,11999,5,4.884925789508686,,,,,,,,,,,,Feature,Category,,,,Subject
1142,,,,11994,10,9.667945540993244,,,,,,,,,,,,Feature,Category,,,,Subject
1143,,,,11989,15,12.918914568252093,,,,,,,,,,,,Feature,Category,,,,Subject
1144,,,,11984,20,13.464007976949167,,,,,,,,,,,,Feature,Category,,,,Subject
1145,,,,11974,30,13.54059290700356,,,,,,,,,,,,Feature,Category,,,,Subject
1146,,,,11964,40,0.5130901018742374,,,,,,,,,,,,Feature,Category,,,,Subject
1147,,,,11954,50,0.0839817607666015,,,,,,,,,,,,Feature,Category,,,,Subject
1148,,,,11944,60,0.020074650707473246,,,,,,,,,,,,Feature,Category,,,,Subject
1149,,,,11934,70,0.015067631495557777,,,,,,,,,,,,Feature,Category,,,,Subject
